ID_ACCIDENTE,ANIO,MES,HORA,DIASEMANA,PROVINCIA,COMUNIDAD_AUTONOMA,ISLA,MUNICIPIO,TOT_VICTIMAS,TOT_MUERTOS,TOT_HERIDOS_GRAVES,TOT_HERIDOS_LEVES,TOT_VEHICULOS_IMPLICADOS,ZONA,ZONA_AGRUPADA,CARRETERA,RED_CARRETERA,TIPO_VIA,TRAZADO_NO_INTERSEC,TIPO_INTERSEC,ACOND_CALZADA,PRIORIDAD,SUPERFICIE_CALZADA,LUMINOSIDAD,FACTORES_ATMOSFERICOS,VISIBILIDAD_RESTRINGIDA,OTRA_CIRCUNSTANCIA,ACERAS,TIPO_ACCIDENTE,DENSIDAD_CIRCULACION,MEDIDAS_ESPECIALES,COD_ANIMAL
2009030001691,2009,7,06:00,LUNES,Alicante/Alacant,Comunitat Valenciana,,Alicante/Alacant,1,0,0,1,1,CARRETERA,VÍAS INTERURBANAS,CV-800,TITULARIDAD AUTONÓMICA,VÍA CONVENCIONAL,GIRATORIA,,SIN DATO,NINGUNA (SOLO NORMA),SECA Y LIMPIA,NOCHE: SIN ILUMINACIÓN,BUEN TIEMPO,CONFIGURACIÓN DEL TERRENO,NINGUNA,NO HAY ACERA,Salida de la vía por la izquierda con colisión (Choque con cuneta o bordillo),FLUIDA,NINGUNA MEDIDA,Conejo
2009030002213,2009,9,01:00,MIÉRCOLES,Alicante/Alacant,Comunitat Valenciana,,Alicante/Alacant,2,0,0,2,1,CARRETERA,VÍAS INTERURBANAS,CV-820,TITULARIDAD AUTONÓMICA,VÍA CONVENCIONAL,EN T Ó Y,,SIN DATO,NINGUNA (SOLO NORMA),SECA Y LIMPIA,NOCHE: SIN ILUMINACIÓN,BUEN TIEMPO,SIN RESTRICCIÓN,NINGUNA,NO HAY ACERA,Atropello a animales sueltos,FLUIDA,NINGUNA MEDIDA,Canino
2012030002476,2012,7,07:00,LUNES,Alicante/Alacant,Comunitat Valenciana,,Alicante/Alacant,1,0,0,1,1,CARRETERA,VÍAS INTERURBANAS,A-77,TITULARIDAD ESTATAL,AUTOVÍA,EN T Ó Y,,SIN DATO,NINGUNA (SOLO NORMA),SECA Y LIMPIA,PLENO DÍA,BUEN TIEMPO,SIN RESTRICCIÓN,NINGUNA,NO HAY ACERA,Salida de la vía por la izquierda con colisión (Otro tipo de choque),FLUIDA,NINGUNA MEDIDA,Animal no identificado
2013030004026,2013,11,12:20,MARTES,Alicante/Alacant,Comunitat Valenciana,,Alicante/Alacant,1,0,0,1,1,CARRETERA,VÍAS INTERURBANAS,CV-821,TITULARIDAD AUTONÓMICA,VÍA CONVENCIONAL,EN T Ó Y,,SIN DATO,NINGUNA (SOLO NORMA),SECA Y LIMPIA,PLENO DÍA,BUEN TIEMPO,SIN RESTRICCIÓN,NINGUNA,NO HAY ACERA,Atropello a animales sueltos,FLUIDA,NINGUNA MEDIDA,Caprino
2013030001584,2013,5,22:15,MIÉRCOLES,Alicante/Alacant,Comunitat Valenciana,,Alicante/Alacant,1,0,0,1,1,CARRETERA,VÍAS INTERURBANAS,A-70,TITULARIDAD ESTATAL,AUTOVÍA,EN T Ó Y,,SIN DATO,NINGUNA (SOLO NORMA),SECA Y LIMPIA,NOCHE: SIN ILUMINACIÓN,BUEN TIEMPO,SIN RESTRICCIÓN,NINGUNA,NO HAY ACERA,Atropello a animales sueltos,FLUIDA,NINGUNA MEDIDA,Canino
2013030003238,2013,10,08:30,MARTES,Alicante/Alacant,Comunitat Valenciana,,Alicante/Alacant,1,0,0,1,1,CARRETERA,VÍAS INTERURBANAS,AP-7,TITULARIDAD ESTATAL,AUTOPISTA,EN X Ó +,,SIN DATO,NINGUNA (SOLO NORMA),SECA Y LIMPIA,PLENO DÍA,BUEN TIEMPO,SIN RESTRICCIÓN,NINGUNA,NO HAY ACERA,Salida de la vía por la derecha con colisión (Otro tipo de choque),FLUIDA,NINGUNA MEDIDA,Conejo
2008030000031,2008,1,23:00,JUEVES,Alicante/Alacant,Comunitat Valenciana,,Altea,3,0,0,3,1,CARRETERA,VÍAS INTERURBANAS,AP-7,TITULARIDAD ESTATAL,AUTOPISTA,EN X Ó +,,SIN DATO,SOLO MARCAS VIALES,SECA Y LIMPIA,NOCHE: SIN ILUMINACIÓN,BUEN TIEMPO,SIN RESTRICCIÓN,NINGUNA,NO HAY ACERA,Atropello a animales sueltos,FLUIDA,NINGUNA MEDIDA,Zorro
2010030000282,2010,2,20:00,LUNES,Alicante/Alacant,Comunitat Valenciana,,Aspe,1,0,1,0,1,CARRETERA,VÍAS INTERURBANAS,CV-825,TITULARIDAD AUTONÓMICA,VÍA CONVENCIONAL,EN T Ó Y,,SIN DATO,NINGUNA (SOLO NORMA),SECA Y LIMPIA,NOCHE: SIN ILUMINACIÓN,BUEN TIEMPO,SIN RESTRICCIÓN,NINGUNA,NO HAY ACERA,Salida de la vía por la izquierda con colisión (Otro tipo de choque),FLUIDA,NINGUNA MEDIDA,Canino
2011030003517,2011,8,12:00,DOMINGO,Alicante/Alacant,Comunitat Valenciana,,Aspe,1,0,0,1,1,CARRETERA,VÍAS INTERURBANAS,CV-847,"TITULARIDAD PROVINCIAL (DIPUTACIÓN, CABILDO O CONSELL)",VÍA CONVENCIONAL,ENLACE DE SALIDA,,SIN DATO,NINGUNA (SOLO NORMA),SECA Y LIMPIA,PLENO DÍA,BUEN TIEMPO,SIN RESTRICCIÓN,CAMBIO DE RASANTE,NO HAY ACERA,Salida de la vía por la izquierda con colisión (Otro tipo de choque),FLUIDA,NINGUNA MEDIDA,Canino
2011030003122,2011,7,18:00,SÁBADO,Alicante/Alacant,Comunitat Valenciana,,,2,0,0,2,2,CARRETERA,VÍAS INTERURBANAS,CV-719,"TITULARIDAD PROVINCIAL (DIPUTACIÓN, CABILDO O CONSELL)",VÍA CONVENCIONAL,GIRATORIA,,SIN DATO,NINGUNA (SOLO NORMA),SECA Y LIMPIA,PLENO DÍA,BUEN TIEMPO,SIN RESTRICCIÓN,NINGUNA,NO HAY ACERA,Colisión de vehículos en marcha (Frontal),FLUIDA,NINGUNA MEDIDA,Jabalí
2009030003455,2009,12,09:00,MIÉRCOLES,Alicante/Alacant,Comunitat Valenciana,,,1,0,0,1,1,CARRETERA,VÍAS INTERURBANAS,CV-731,"TITULARIDAD PROVINCIAL (DIPUTACIÓN, CABILDO O CONSELL)",VÍA CONVENCIONAL,EN T Ó Y,,SIN DATO,NINGUNA (SOLO NORMA),SECA Y LIMPIA,PLENO DÍA,BUEN TIEMPO,SIN RESTRICCIÓN,NINGUNA,NO HAY ACERA,Atropello a animales sueltos,FLUIDA,NINGUNA MEDIDA,Jabalí
2008030002940,2008,11,17:00,SÁBADO,Alicante/Alacant,Comunitat Valenciana,,Benidorm,1,0,1,0,2,CARRETERA,VÍAS INTERURBANAS,CV-70,TITULARIDAD AUTONÓMICA,VÍA CONVENCIONAL,EN T Ó Y,,SIN DATO,SOLO MARCAS VIALES,SECA Y LIMPIA,CREPÚSCULO,BUEN TIEMPO,SIN RESTRICCIÓN,NINGUNA,SI HAY ACERA,Colisión de vehículos en marcha (Alcance),FLUIDA,NINGUNA MEDIDA,Canino
2008030002261,2008,7,23:00,DOMINGO,Alicante/Alacant,Comunitat Valenciana,,Benidorm,1,0,0,1,1,ZONA URBANA,VÍAS URBANAS,,TITULARIDAD MUNICIPAL,OTRO TIPO,EN T Ó Y,,SIN DATO,NINGUNA (SOLO NORMA),SECA Y LIMPIA,NOCHE: ILUMINACIÓN SUFICIENTE,BUEN TIEMPO,SIN RESTRICCIÓN,NINGUNA,SI HAY ACERA,Atropello a animales sueltos,FLUIDA,NINGUNA MEDIDA,Animal no identificado
2009030002116,2009,7,12:00,JUEVES,Alicante/Alacant,Comunitat Valenciana,,Benidorm,1,0,0,1,1,ZONA URBANA,VÍAS URBANAS,,TITULARIDAD MUNICIPAL,OTRO TIPO,EN T Ó Y,,SIN DATO,OTRA SEÑAL,SECA Y LIMPIA,PLENO DÍA,BUEN TIEMPO,SIN RESTRICCIÓN,NINGUNA,NO HAY ACERA,Atropello a peatón aislado o en grupo,FLUIDA,NINGUNA MEDIDA,Ave
2009030002571,2009,9,17:00,MIÉRCOLES,Alicante/Alacant,Comunitat Valenciana,,Benidorm,1,0,0,1,1,ZONA URBANA,VÍAS URBANAS,,TITULARIDAD MUNICIPAL,VÍA CONVENCIONAL,EN T Ó Y,,SIN DATO,NINGUNA (SOLO NORMA),SECA Y LIMPIA,PLENO DÍA,BUEN TIEMPO,SIN RESTRICCIÓN,NINGUNA,NO HAY ACERA,Atropello a animales sueltos,FLUIDA,NINGUNA MEDIDA,Canino
2009030000909,2009,3,12:00,VIERNES,Alicante/Alacant,Comunitat Valenciana,,Benidorm,1,0,0,1,1,ZONA URBANA,VÍAS URBANAS,,TITULARIDAD MUNICIPAL,VÍA CONVENCIONAL,EN X Ó +,,SIN DATO,SOLO MARCAS VIALES,SECA Y LIMPIA,PLENO DÍA,BUEN TIEMPO,SIN RESTRICCIÓN,NINGUNA,NO HAY ACERA,Atropello a animales sueltos,FLUIDA,NINGUNA MEDIDA,Canino
2009030000848,2009,3,14:00,DOMINGO,Alicante/Alacant,Comunitat Valenciana,,Benidorm,2,0,0,2,1,ZONA URBANA,VÍAS URBANAS,,TITULARIDAD MUNICIPAL,VÍA CONVENCIONAL,EN T Ó Y,,SIN DATO,NINGUNA (SOLO NORMA),SECA Y LIMPIA,PLENO DÍA,BUEN TIEMPO,SIN RESTRICCIÓN,NINGUNA,NO HAY ACERA,Atropello a animales sueltos,FLUIDA,NINGUNA MEDIDA,Canino
2010030003260,2010,6,22:00,JUEVES,Alicante/Alacant,Comunitat Valenciana,,Benidorm,1,0,0,1,1,ZONA URBANA,VÍAS URBANAS,,TITULARIDAD MUNICIPAL,OTRO TIPO,,EN T Ó Y,NADA ESPECIAL,NINGUNA (SOLO NORMA),SECA Y LIMPIA,NOCHE: SIN ILUMINACIÓN,BUEN TIEMPO,SIN RESTRICCIÓN,NINGUNA,NO HAY ACERA,Atropello a animales sueltos,FLUIDA,NINGUNA MEDIDA,Animal no identificado
2012030004169,2012,9,08:00,JUEVES,Alicante/Alacant,Comunitat Valenciana,,Benidorm,1,0,0,1,1,ZONA URBANA,VÍAS URBANAS,,TITULARIDAD MUNICIPAL,OTRO TIPO,,EN T Ó Y,PASO PARA PEATONES O ISLETAS EN CENTRO DE VÍA PRINCIPAL,SEMÁFORO,SECA Y LIMPIA,PLENO DÍA,BUEN TIEMPO,SIN RESTRICCIÓN,NINGUNA,SI HAY ACERA,Atropello a animales sueltos,FLUIDA,NINGUNA MEDIDA,Ave
2012030004304,2012,10,09:00,VIERNES,Alicante/Alacant,Comunitat Valenciana,,Benidorm,1,0,0,1,1,ZONA URBANA,VÍAS URBANAS,,TITULARIDAD MUNICIPAL,VÍA CONVENCIONAL,EN T Ó Y,,SIN DATO,NINGUNA (SOLO NORMA),SECA Y LIMPIA,PLENO DÍA,LLOVIZNANDO,SIN RESTRICCIÓN,NINGUNA,SI HAY ACERA,Atropello a animales sueltos,FLUIDA,OTRA MEDIDA,Ave
2010030004984,2010,11,10:00,MIÉRCOLES,Alicante/Alacant,Comunitat Valenciana,,,1,0,0,1,1,CARRETERA,VÍAS INTERURBANAS,CV-940,TITULARIDAD AUTONÓMICA,VÍA CONVENCIONAL,EN X Ó +,,SIN DATO,NINGUNA (SOLO NORMA),SECA Y LIMPIA,PLENO DÍA,BUEN TIEMPO,SIN RESTRICCIÓN,NINGUNA,NO HAY ACERA,Atropello a animales sueltos,FLUIDA,NINGUNA MEDIDA,Canino
2008030000505,2008,2,20:00,VIERNES,Alicante/Alacant,Comunitat Valenciana,,Benissa,2,0,0,2,2,CARRETERA,VÍAS INTERURBANAS,N-332,TITULARIDAD ESTATAL,VÍA CONVENCIONAL,,EN X Ó +,NADA ESPECIAL,SOLO MARCAS VIALES,SECA Y LIMPIA,NOCHE: ILUMINACIÓN SUFICIENTE,BUEN TIEMPO,SIN RESTRICCIÓN,NINGUNA,NO HAY ACERA,Colisión de vehículos en marcha (Frontal),FLUIDA,NINGUNA MEDIDA,Canino
2009030002991,2009,11,12:00,JUEVES,Alicante/Alacant,Comunitat Valenciana,,Benissa,1,0,0,1,1,CARRETERA,VÍAS INTERURBANAS,AP-7,TITULARIDAD ESTATAL,AUTOPISTA,EN X Ó +,,SIN DATO,SOLO MARCAS VIALES,SECA Y LIMPIA,PLENO DÍA,BUEN TIEMPO,SIN RESTRICCIÓN,NINGUNA,NO HAY ACERA,Salida de la vía por la izquierda con colisión (Otro tipo de choque),FLUIDA,NINGUNA MEDIDA,Canino
2012030002350,2012,7,20:00,DOMINGO,Alicante/Alacant,Comunitat Valenciana,,Benissa,1,0,0,1,1,CARRETERA,VÍAS INTERURBANAS,CV-745,"TITULARIDAD PROVINCIAL (DIPUTACIÓN, CABILDO O CONSELL)",VÍA CONVENCIONAL,,EN T Ó Y,NADA ESPECIAL,"SEÑAL DE ""STOP""",SECA Y LIMPIA,PLENO DÍA,BUEN TIEMPO,SIN RESTRICCIÓN,NINGUNA,NO HAY ACERA,Otro tipo de accidente,FLUIDA,NINGUNA MEDIDA,Equino
2013030001468,2013,5,23:10,DOMINGO,Alicante/Alacant,Comunitat Valenciana,,Benissa,2,0,0,2,1,CARRETERA,VÍAS INTERURBANAS,AP-7,TITULARIDAD ESTATAL,AUTOPISTA,EN T Ó Y,,SIN DATO,SOLO MARCAS VIALES,SECA Y LIMPIA,NOCHE: SIN ILUMINACIÓN,BUEN TIEMPO,SIN RESTRICCIÓN,NINGUNA,NO HAY ACERA,Salida de la vía por la izquierda con colisión (Otro tipo de choque),FLUIDA,NINGUNA MEDIDA,Animal no identificado
2012030001234,2012,4,10:00,DOMINGO,Alicante/Alacant,Comunitat Valenciana,,Calp,1,0,0,1,1,CARRETERA,VÍAS INTERURBANAS,N-332,TITULARIDAD ESTATAL,VÍA CONVENCIONAL,GIRATORIA,,SIN DATO,SOLO MARCAS VIALES,SECA Y LIMPIA,PLENO DÍA,BUEN TIEMPO,SIN RESTRICCIÓN,NINGUNA,NO HAY ACERA,Atropello a animales sueltos,FLUIDA,NINGUNA MEDIDA,Canino
2009030001370,2009,6,23:00,DOMINGO,Alicante/Alacant,Comunitat Valenciana,,Callosa de Segura,1,0,0,1,1,CARRETERA,VÍAS INTERURBANAS,CV-900,TITULARIDAD AUTONÓMICA,VÍA CONVENCIONAL,EN T Ó Y,,SIN DATO,NINGUNA (SOLO NORMA),SECA Y LIMPIA,NOCHE: SIN ILUMINACIÓN,BUEN TIEMPO,SIN RESTRICCIÓN,NINGUNA,NO HAY ACERA,Atropello a animales sueltos,FLUIDA,NINGUNA MEDIDA,Canino
2010030003287,2010,8,21:00,DOMINGO,Alicante/Alacant,Comunitat Valenciana,,Callosa de Segura,5,0,0,5,2,CARRETERA,VÍAS INTERURBANAS,CV-900,TITULARIDAD AUTONÓMICA,VÍA CONVENCIONAL,EN X Ó +,,SIN DATO,NINGUNA (SOLO NORMA),SECA Y LIMPIA,NOCHE: ILUMINACIÓN SUFICIENTE,BUEN TIEMPO,SIN RESTRICCIÓN,NINGUNA,SI HAY ACERA,Colisión de vehículos en marcha (Alcance),FLUIDA,NINGUNA MEDIDA,Ave
2013030002920,2013,9,00:45,MIÉRCOLES,Alicante/Alacant,Comunitat Valenciana,,Castalla,4,0,0,4,1,CARRETERA,VÍAS INTERURBANAS,CV-811,TITULARIDAD AUTONÓMICA,VÍA CONVENCIONAL,EN T Ó Y,,SIN DATO,SOLO MARCAS VIALES,SECA Y LIMPIA,NOCHE: SIN ILUMINACIÓN,BUEN TIEMPO,SIN RESTRICCIÓN,NINGUNA,NO HAY ACERA,Atropello a animales sueltos,FLUIDA,NINGUNA MEDIDA,Jabalí
2008030003448,2008,12,20:00,MARTES,Alicante/Alacant,Comunitat Valenciana,,Crevillent,1,0,0,1,1,CARRETERA,VÍAS INTERURBANAS,CV-851,"TITULARIDAD PROVINCIAL (DIPUTACIÓN, CABILDO O CONSELL)",VÍA CONVENCIONAL,ENLACE DE ENTRADA,,SIN DATO,NINGUNA (SOLO NORMA),SECA Y LIMPIA,NOCHE: SIN ILUMINACIÓN,BUEN TIEMPO,SIN RESTRICCIÓN,NINGUNA,NO HAY ACERA,Salida de la vía por la izquierda sin colisión (Con vuelco),FLUIDA,NINGUNA MEDIDA,Animal no identificado
2008030002915,2008,11,01:00,DOMINGO,Alicante/Alacant,Comunitat Valenciana,,Crevillent,5,0,0,5,1,CARRETERA,VÍAS INTERURBANAS,AP-7,TITULARIDAD ESTATAL,AUTOPISTA,EN T Ó Y,,SIN DATO,NINGUNA (SOLO NORMA),SECA Y LIMPIA,NOCHE: ILUMINACIÓN INSUFICIENTE,BUEN TIEMPO,SIN RESTRICCIÓN,NINGUNA,NO HAY ACERA,Salida de la vía por la izquierda sin colisión (Con vuelco),FLUIDA,NINGUNA MEDIDA,Animal no identificado
2008030002494,2008,9,06:00,MIÉRCOLES,Alicante/Alacant,Comunitat Valenciana,,Crevillent,1,0,1,0,1,CARRETERA,VÍAS INTERURBANAS,N-340,TITULARIDAD ESTATAL,VÍA CONVENCIONAL,EN T Ó Y,,SIN DATO,NINGUNA (SOLO NORMA),SECA Y LIMPIA,NOCHE: SIN ILUMINACIÓN,BUEN TIEMPO,SIN RESTRICCIÓN,NINGUNA,NO HAY ACERA,Atropello a animales sueltos,FLUIDA,NINGUNA MEDIDA,Canino
2010030002599,2010,7,06:00,MARTES,Alicante/Alacant,Comunitat Valenciana,,Crevillent,1,0,0,1,1,CARRETERA,VÍAS INTERURBANAS,N-340,TITULARIDAD ESTATAL,VÍA CONVENCIONAL,EN T Ó Y,,SIN DATO,NINGUNA (SOLO NORMA),SECA Y LIMPIA,PLENO DÍA,BUEN TIEMPO,SIN RESTRICCIÓN,NINGUNA,NO HAY ACERA,Atropello a animales sueltos,FLUIDA,NINGUNA MEDIDA,Canino
2010030000577,2010,2,16:00,MIÉRCOLES,Alicante/Alacant,Comunitat Valenciana,,Crevillent,1,0,0,1,2,CARRETERA,VÍAS INTERURBANAS,A-7,TITULARIDAD ESTATAL,AUTOVÍA,EN X Ó +,,SIN DATO,NINGUNA (SOLO NORMA),SECA Y LIMPIA,PLENO DÍA,BUEN TIEMPO,SIN RESTRICCIÓN,NINGUNA,NO HAY ACERA,Otro tipo de accidente,FLUIDA,NINGUNA MEDIDA,Canino
2011030001129,2011,2,13:00,DOMINGO,Alicante/Alacant,Comunitat Valenciana,,Dénia,1,0,1,0,1,ZONA URBANA,VÍAS URBANAS,,TITULARIDAD MUNICIPAL,CAMINO VECINAL,EN T Ó Y,,SIN DATO,NINGUNA (SOLO NORMA),SECA Y LIMPIA,PLENO DÍA,BUEN TIEMPO,SIN RESTRICCIÓN,NINGUNA,NO HAY ACERA,Otro tipo de accidente,FLUIDA,NINGUNA MEDIDA,Canino
2011030002158,2011,3,21:00,MARTES,Alicante/Alacant,Comunitat Valenciana,,Dénia,1,0,0,1,1,CARRETERA,VÍAS INTERURBANAS,CV-730,"TITULARIDAD PROVINCIAL (DIPUTACIÓN, CABILDO O CONSELL)",VÍA CONVENCIONAL,EN T Ó Y,,SIN DATO,NINGUNA (SOLO NORMA),SECA Y LIMPIA,NOCHE: ILUMINACIÓN SUFICIENTE,BUEN TIEMPO,SIN RESTRICCIÓN,NINGUNA,NO HAY ACERA,Atropello a animales sueltos,FLUIDA,NINGUNA MEDIDA,Felino
2012030002234,2012,7,02:00,LUNES,Alicante/Alacant,Comunitat Valenciana,,Dénia,1,0,0,1,1,CARRETERA,VÍAS INTERURBANAS,CV-7221,TITULARIDAD MUNICIPAL,VÍA CONVENCIONAL,EN T Ó Y,,SIN DATO,NINGUNA (SOLO NORMA),SECA Y LIMPIA,NOCHE: SIN ILUMINACIÓN,BUEN TIEMPO,SIN RESTRICCIÓN,NINGUNA,NO HAY ACERA,Atropello a animales sueltos,FLUIDA,NINGUNA MEDIDA,Jabalí
2014030000089,2013,10,16:00,MIÉRCOLES,Alicante/Alacant,Comunitat Valenciana,,Dénia,2,0,1,1,1,ZONA URBANA,VÍAS URBANAS,,TITULARIDAD MUNICIPAL,OTRO TIPO,EN T Ó Y,,SIN DATO,NINGUNA (SOLO NORMA),SECA Y LIMPIA,PLENO DÍA,BUEN TIEMPO,SIN RESTRICCIÓN,NINGUNA,SI HAY ACERA,Atropello a animales sueltos,FLUIDA,NINGUNA MEDIDA,Canino
2013030001877,2013,6,23:40,MARTES,Alicante/Alacant,Comunitat Valenciana,,Dolores,1,0,0,1,1,CARRETERA,VÍAS INTERURBANAS,CV-855,TITULARIDAD AUTONÓMICA,VÍA CONVENCIONAL,EN T Ó Y,,SIN DATO,SOLO MARCAS VIALES,SECA Y LIMPIA,NOCHE: SIN ILUMINACIÓN,BUEN TIEMPO,SIN RESTRICCIÓN,NINGUNA,NO HAY ACERA,Atropello a animales sueltos,FLUIDA,NINGUNA MEDIDA,Canino
2008030001233,2008,5,17:00,SÁBADO,Alicante/Alacant,Comunitat Valenciana,,Elche/Elx,1,0,0,1,1,CARRETERA,VÍAS INTERURBANAS,CV-857,"TITULARIDAD PROVINCIAL (DIPUTACIÓN, CABILDO O CONSELL)",VÍA CONVENCIONAL,EN T Ó Y,,SIN DATO,NINGUNA (SOLO NORMA),SECA Y LIMPIA,PLENO DÍA,BUEN TIEMPO,SIN RESTRICCIÓN,NINGUNA,NO HAY ACERA,Salida de la vía por la derecha con colisión (Choque con muro o edifício),FLUIDA,NINGUNA MEDIDA,Otro animal
2009030003426,2009,10,19:00,SÁBADO,Alicante/Alacant,Comunitat Valenciana,,Elche/Elx,1,0,1,0,1,ZONA URBANA,VÍAS URBANAS,,TITULARIDAD MUNICIPAL,OTRO TIPO,,EN X Ó +,NADA ESPECIAL,PASO PARA PEATONES,SECA Y LIMPIA,NOCHE: ILUMINACIÓN SUFICIENTE,BUEN TIEMPO,SIN RESTRICCIÓN,OTRA,SI HAY ACERA,Atropello a peatón aislado o en grupo,FLUIDA,NINGUNA MEDIDA,Ave
2010030003258,2010,8,22:00,DOMINGO,Alicante/Alacant,Comunitat Valenciana,,Elche/Elx,1,0,0,1,1,CARRETERA,VÍAS INTERURBANAS,N-340,TITULARIDAD ESTATAL,VÍA CONVENCIONAL,EN T Ó Y,,SIN DATO,NINGUNA (SOLO NORMA),SECA Y LIMPIA,NOCHE: ILUMINACIÓN INSUFICIENTE,BUEN TIEMPO,SIN RESTRICCIÓN,NINGUNA,NO HAY ACERA,Atropello a animales sueltos,FLUIDA,NINGUNA MEDIDA,Canino
2011030002784,2011,3,09:00,SÁBADO,Alicante/Alacant,Comunitat Valenciana,,Elche/Elx,1,0,0,1,1,ZONA URBANA,VÍAS URBANAS,,TITULARIDAD MUNICIPAL,OTRO TIPO,EN T Ó Y,,SIN DATO,NINGUNA (SOLO NORMA),SECA Y LIMPIA,PLENO DÍA,BUEN TIEMPO,SIN RESTRICCIÓN,NINGUNA,NO HAY ACERA,Otro tipo de accidente,FLUIDA,NINGUNA MEDIDA,Canino
2011030005175,2011,7,16:00,LUNES,Alicante/Alacant,Comunitat Valenciana,,Elche/Elx,1,0,0,1,2,ZONA URBANA,VÍAS URBANAS,,TITULARIDAD MUNICIPAL,VÍA CONVENCIONAL,,EN X Ó +,NADA ESPECIAL,"SEÑAL DE ""CEDA EL PASO""",SECA Y LIMPIA,PLENO DÍA,BUEN TIEMPO,SIN RESTRICCIÓN,NINGUNA,SI HAY ACERA,Colisión de vehículos en marcha (Frontolateral),FLUIDA,NINGUNA MEDIDA,Animal no identificado
2012030001560,2012,5,17:00,VIERNES,Alicante/Alacant,Comunitat Valenciana,,Elche/Elx,1,0,0,1,1,CARRETERA,VÍAS INTERURBANAS,N-340,TITULARIDAD ESTATAL,VÍA CONVENCIONAL,EN T Ó Y,,SIN DATO,NINGUNA (SOLO NORMA),SECA Y LIMPIA,PLENO DÍA,BUEN TIEMPO,SIN RESTRICCIÓN,NINGUNA,NO HAY ACERA,Atropello a animales sueltos,FLUIDA,NINGUNA MEDIDA,Ovino
2012030001679,2012,5,04:00,LUNES,Alicante/Alacant,Comunitat Valenciana,,Elche/Elx,1,0,1,0,1,CARRETERA,VÍAS INTERURBANAS,N-340,TITULARIDAD ESTATAL,VÍA CONVENCIONAL,EN T Ó Y,,SIN DATO,NINGUNA (SOLO NORMA),SECA Y LIMPIA,NOCHE: SIN ILUMINACIÓN,BUEN TIEMPO,SIN RESTRICCIÓN,NINGUNA,NO HAY ACERA,Atropello a animales sueltos,FLUIDA,NINGUNA MEDIDA,Canino
2013030000833,2013,3,06:40,JUEVES,Alicante/Alacant,Comunitat Valenciana,,Elche/Elx,1,0,0,1,1,CARRETERA,VÍAS INTERURBANAS,A-79,TITULARIDAD ESTATAL,VÍA CONVENCIONAL,ENLACE DE SALIDA,,SIN DATO,NINGUNA (SOLO NORMA),SECA Y LIMPIA,CREPÚSCULO,BUEN TIEMPO,SIN RESTRICCIÓN,NINGUNA,NO HAY ACERA,Salida de la vía por la izquierda con colisión (Otro tipo de choque),FLUIDA,NINGUNA MEDIDA,Canino
2013030004129,2013,12,20:35,VIERNES,Alicante/Alacant,Comunitat Valenciana,,Elche/Elx,1,0,0,1,1,CARRETERA,VÍAS INTERURBANAS,N-340,TITULARIDAD ESTATAL,VÍA CONVENCIONAL,EN T Ó Y,,SIN DATO,NINGUNA (SOLO NORMA),SECA Y LIMPIA,NOCHE: ILUMINACIÓN INSUFICIENTE,BUEN TIEMPO,SIN RESTRICCIÓN,NINGUNA,NO HAY ACERA,Salida de la vía por la izquierda con colisión (Otro tipo de choque),FLUIDA,NINGUNA MEDIDA,Canino
2013030001638,2013,6,20:15,MARTES,Alicante/Alacant,Comunitat Valenciana,,Elche/Elx,1,0,0,1,1,CARRETERA,VÍAS INTERURBANAS,CV-851,"TITULARIDAD PROVINCIAL (DIPUTACIÓN, CABILDO O CONSELL)",VÍA CONVENCIONAL,EN T Ó Y,,SIN DATO,NINGUNA (SOLO NORMA),SECA Y LIMPIA,PLENO DÍA,BUEN TIEMPO,SIN RESTRICCIÓN,NINGUNA,NO HAY ACERA,Atropello a animales sueltos,FLUIDA,NINGUNA MEDIDA,Canino
2012030002049,2012,5,19:00,JUEVES,Alicante/Alacant,Comunitat Valenciana,,Elda,1,0,0,1,1,ZONA URBANA,VÍAS URBANAS,,TITULARIDAD MUNICIPAL,VÍA CONVENCIONAL,EN T Ó Y,,SIN DATO,PASO PARA PEATONES,SECA Y LIMPIA,PLENO DÍA,BUEN TIEMPO,SIN RESTRICCIÓN,NINGUNA,SI HAY ACERA,Atropello a peatón aislado o en grupo,FLUIDA,NINGUNA MEDIDA,Canino
2010030003884,2010,8,00:00,MARTES,Alicante/Alacant,Comunitat Valenciana,,Finestrat,1,0,0,1,1,ZONA URBANA,VÍAS URBANAS,,TITULARIDAD MUNICIPAL,OTRO TIPO,EN T Ó Y,,SIN DATO,NINGUNA (SOLO NORMA),SECA Y LIMPIA,PLENO DÍA,BUEN TIEMPO,SIN RESTRICCIÓN,NINGUNA,SI HAY ACERA,Atropello a animales sueltos,FLUIDA,NINGUNA MEDIDA,Ave