ID_ACCIDENTE,ANIO,MES,HORA,DIASEMANA,PROVINCIA,COMUNIDAD_AUTONOMA,ISLA,MUNICIPIO,TOT_VICTIMAS,TOT_MUERTOS,TOT_HERIDOS_GRAVES,TOT_HERIDOS_LEVES,TOT_VEHICULOS_IMPLICADOS,ZONA,ZONA_AGRUPADA,CARRETERA,RED_CARRETERA,TIPO_VIA,TRAZADO_NO_INTERSEC,TIPO_INTERSEC,ACOND_CALZADA,PRIORIDAD,SUPERFICIE_CALZADA,LUMINOSIDAD,FACTORES_ATMOSFERICOS,VISIBILIDAD_RESTRINGIDA,OTRA_CIRCUNSTANCIA,ACERAS,TIPO_ACCIDENTE,DENSIDAD_CIRCULACION,MEDIDAS_ESPECIALES,COD_ANIMAL
2011030002182,2011,5,18:00,DOMINGO,Alicante/Alacant,Comunitat Valenciana,,Finestrat,1,0,0,1,1,CARRETERA,VÍAS INTERURBANAS,N-332,TITULARIDAD ESTATAL,VÍA CONVENCIONAL,,ENLACE DE ENTRADA,OTRO TIPO,NINGUNA (SOLO NORMA),SECA Y LIMPIA,PLENO DÍA,BUEN TIEMPO,SIN RESTRICCIÓN,NINGUNA,NO HAY ACERA,Salida de la vía por la izquierda sin colisión (Con vuelco),FLUIDA,NINGUNA MEDIDA,Animal no identificado
2011030004082,2011,9,20:00,DOMINGO,Alicante/Alacant,Comunitat Valenciana,,Gata de Gorgos,1,0,0,1,1,CARRETERA,VÍAS INTERURBANAS,CV-738,"TITULARIDAD PROVINCIAL (DIPUTACIÓN, CABILDO O CONSELL)",VÍA CONVENCIONAL,EN T Ó Y,,SIN DATO,NINGUNA (SOLO NORMA),SECA Y LIMPIA,CREPÚSCULO,BUEN TIEMPO,SIN RESTRICCIÓN,NINGUNA,NO HAY ACERA,Vuelco en la calzada,FLUIDA,NINGUNA MEDIDA,Jabalí
2013030000150,2013,1,19:00,SÁBADO,Alicante/Alacant,Comunitat Valenciana,,Gata de Gorgos,1,0,0,1,1,CARRETERA,VÍAS INTERURBANAS,CV-734,TITULARIDAD AUTONÓMICA,VÍA CONVENCIONAL,EN T Ó Y,,SIN DATO,SOLO MARCAS VIALES,SECA Y LIMPIA,CREPÚSCULO,BUEN TIEMPO,SIN RESTRICCIÓN,NINGUNA,NO HAY ACERA,Atropello a animales sueltos,FLUIDA,NINGUNA MEDIDA,Canino
2013030002572,2013,8,04:00,MARTES,Alicante/Alacant,Comunitat Valenciana,,Gata de Gorgos,1,0,0,1,1,CARRETERA,VÍAS INTERURBANAS,CV-732,"TITULARIDAD PROVINCIAL (DIPUTACIÓN, CABILDO O CONSELL)",VÍA CONVENCIONAL,EN T Ó Y,,SIN DATO,SOLO MARCAS VIALES,SECA Y LIMPIA,NOCHE: SIN ILUMINACIÓN,BUEN TIEMPO,SIN RESTRICCIÓN,NINGUNA,NO HAY ACERA,Atropello a animales sueltos,FLUIDA,NINGUNA MEDIDA,Equino
2008030001030,2008,4,15:00,SÁBADO,Alicante/Alacant,Comunitat Valenciana,,Ibi,2,0,0,2,1,CARRETERA,VÍAS INTERURBANAS,A-7,TITULARIDAD ESTATAL,AUTOVÍA,,ENLACE DE ENTRADA,OTRO TIPO,SOLO MARCAS VIALES,SECA Y LIMPIA,PLENO DÍA,BUEN TIEMPO,SIN RESTRICCIÓN,NINGUNA,NO HAY ACERA,Salida de la vía por la derecha con colisión (Otro tipo de choque),FLUIDA,NINGUNA MEDIDA,Animal no identificado
2011030000898,2011,2,09:00,MIÉRCOLES,Alicante/Alacant,Comunitat Valenciana,,Ibi,1,0,0,1,1,CARRETERA,VÍAS INTERURBANAS,CV-80,TITULARIDAD AUTONÓMICA,AUTOVÍA,EN T Ó Y,,SIN DATO,NINGUNA (SOLO NORMA),SECA Y LIMPIA,PLENO DÍA,BUEN TIEMPO,SIN RESTRICCIÓN,NINGUNA,NO HAY ACERA,Atropello a animales sueltos,FLUIDA,NINGUNA MEDIDA,Canino
2013030002048,2013,7,02:30,DOMINGO,Alicante/Alacant,Comunitat Valenciana,,Ibi,3,0,0,3,1,CARRETERA,VÍAS INTERURBANAS,A-7,TITULARIDAD ESTATAL,AUTOVÍA,EN X Ó +,,SIN DATO,NINGUNA (SOLO NORMA),SECA Y LIMPIA,NOCHE: SIN ILUMINACIÓN,BUEN TIEMPO,SIN RESTRICCIÓN,NINGUNA,NO HAY ACERA,Salida de la vía por la izquierda sin colisión (Con vuelco),FLUIDA,NINGUNA MEDIDA,Animal no identificado
2009030001131,2009,5,10:00,DOMINGO,Alicante/Alacant,Comunitat Valenciana,,Jávea/Xàbia,1,0,1,0,1,CARRETERA,VÍAS INTERURBANAS,CV-742,"TITULARIDAD PROVINCIAL (DIPUTACIÓN, CABILDO O CONSELL)",VÍA CONVENCIONAL,EN T Ó Y,,SIN DATO,NINGUNA (SOLO NORMA),SECA Y LIMPIA,PLENO DÍA,BUEN TIEMPO,SIN RESTRICCIÓN,NINGUNA,NO HAY ACERA,Vuelco en la calzada,FLUIDA,NINGUNA MEDIDA,Felino
2008030003359,2008,12,12:00,SÁBADO,Alicante/Alacant,Comunitat Valenciana,,Jijona/Xixona,1,0,0,1,1,CARRETERA,VÍAS INTERURBANAS,CV-800,TITULARIDAD AUTONÓMICA,VÍA CONVENCIONAL,EN X Ó +,,SIN DATO,SOLO MARCAS VIALES,SECA Y LIMPIA,PLENO DÍA,BUEN TIEMPO,SIN RESTRICCIÓN,NINGUNA,NO HAY ACERA,Atropello a animales sueltos,FLUIDA,NINGUNA MEDIDA,Canino
2012030003754,2012,11,11:00,SÁBADO,Alicante/Alacant,Comunitat Valenciana,,Monforte del Cid,2,0,1,1,1,CARRETERA,VÍAS INTERURBANAS,A-31,TITULARIDAD ESTATAL,AUTOVÍA,EN T Ó Y,,SIN DATO,NINGUNA (SOLO NORMA),SECA Y LIMPIA,PLENO DÍA,BUEN TIEMPO,SIN RESTRICCIÓN,CAMBIO DE RASANTE,NO HAY ACERA,Atropello a animales sueltos,FLUIDA,NINGUNA MEDIDA,Ovino
2013030004207,2013,12,18:05,DOMINGO,Alicante/Alacant,Comunitat Valenciana,,Monforte del Cid,1,0,0,1,1,CARRETERA,VÍAS INTERURBANAS,A-31,TITULARIDAD ESTATAL,AUTOVÍA,EN T Ó Y,,SIN DATO,NINGUNA (SOLO NORMA),SECA Y LIMPIA,NOCHE: ILUMINACIÓN INSUFICIENTE,BUEN TIEMPO,SIN RESTRICCIÓN,NINGUNA,NO HAY ACERA,Atropello a animales sueltos,FLUIDA,NINGUNA MEDIDA,Canino
2009030003169,2009,11,13:00,DOMINGO,Alicante/Alacant,Comunitat Valenciana,,Monóvar/Monòver,2,0,0,2,1,CARRETERA,VÍAS INTERURBANAS,CV-83,TITULARIDAD AUTONÓMICA,VÍA CONVENCIONAL,EN T Ó Y,,SIN DATO,NINGUNA (SOLO NORMA),MOJADA,PLENO DÍA,LLOVIZNANDO,SIN RESTRICCIÓN,NINGUNA,NO HAY ACERA,Vuelco en la calzada,FLUIDA,NINGUNA MEDIDA,Felino
2011030001023,2011,3,20:00,SÁBADO,Alicante/Alacant,Comunitat Valenciana,,Monóvar/Monòver,1,0,0,1,1,CARRETERA,VÍAS INTERURBANAS,CV-83,TITULARIDAD AUTONÓMICA,VÍA CONVENCIONAL,EN T Ó Y,,SIN DATO,NINGUNA (SOLO NORMA),SECA Y LIMPIA,CREPÚSCULO,BUEN TIEMPO,SIN RESTRICCIÓN,NINGUNA,NO HAY ACERA,Salida de la vía por la izquierda sin colisión (Con vuelco),FLUIDA,NINGUNA MEDIDA,Liebre
2013030003818,2013,11,09:40,DOMINGO,Alicante/Alacant,Comunitat Valenciana,,Monóvar/Monòver,1,0,1,0,1,CARRETERA,VÍAS INTERURBANAS,CV-83,TITULARIDAD AUTONÓMICA,VÍA CONVENCIONAL,EN T Ó Y,,SIN DATO,NINGUNA (SOLO NORMA),SECA Y LIMPIA,PLENO DÍA,BUEN TIEMPO,SIN RESTRICCIÓN,NINGUNA,NO HAY ACERA,Atropello a animales sueltos,FLUIDA,NINGUNA MEDIDA,Jabalí
2008030000200,2008,1,19:00,JUEVES,Alicante/Alacant,Comunitat Valenciana,,Mutxamel,1,0,1,0,1,CARRETERA,VÍAS INTERURBANAS,CV-823,"TITULARIDAD PROVINCIAL (DIPUTACIÓN, CABILDO O CONSELL)",VÍA CONVENCIONAL,EN T Ó Y,,SIN DATO,NINGUNA (SOLO NORMA),SECA Y LIMPIA,NOCHE: ILUMINACIÓN INSUFICIENTE,BUEN TIEMPO,SIN RESTRICCIÓN,NINGUNA,NO HAY ACERA,Atropello a animales sueltos,FLUIDA,NINGUNA MEDIDA,Ovino
2010030003902,2010,9,10:00,MARTES,Alicante/Alacant,Comunitat Valenciana,,Mutxamel,2,0,0,2,1,CARRETERA,VÍAS INTERURBANAS,,TITULARIDAD MUNICIPAL,CAMINO VECINAL,EN X Ó +,,SIN DATO,NINGUNA (SOLO NORMA),SECA Y LIMPIA,PLENO DÍA,BUEN TIEMPO,SIN RESTRICCIÓN,NINGUNA,NO HAY ACERA,Salida de la vía por la derecha con colisión (Choque con árbol o poste),FLUIDA,NINGUNA MEDIDA,Ave
2010030003141,2010,8,22:00,JUEVES,Alicante/Alacant,Comunitat Valenciana,,Mutxamel,2,0,1,1,2,CARRETERA,VÍAS INTERURBANAS,CV-800,TITULARIDAD AUTONÓMICA,VÍA CONVENCIONAL,EN T Ó Y,,SIN DATO,NINGUNA (SOLO NORMA),SECA Y LIMPIA,NOCHE: SIN ILUMINACIÓN,BUEN TIEMPO,SIN RESTRICCIÓN,NINGUNA,NO HAY ACERA,Atropello a animales sueltos,FLUIDA,NINGUNA MEDIDA,Canino
2012030004191,2012,12,21:00,MIÉRCOLES,Alicante/Alacant,Comunitat Valenciana,,Mutxamel,2,0,0,2,2,CARRETERA,VÍAS INTERURBANAS,CV-800,TITULARIDAD AUTONÓMICA,VÍA CONVENCIONAL,,ENLACE DE ENTRADA,NADA ESPECIAL,"SEÑAL DE ""CEDA EL PASO""",SECA Y LIMPIA,NOCHE: SIN ILUMINACIÓN,BUEN TIEMPO,SIN RESTRICCIÓN,NINGUNA,NO HAY ACERA,Atropello a animales sueltos,FLUIDA,NINGUNA MEDIDA,Canino
2013030000506,2013,2,14:50,MIÉRCOLES,Alicante/Alacant,Comunitat Valenciana,,Mutxamel,1,0,0,1,1,CARRETERA,VÍAS INTERURBANAS,AUTOCINE,TITULARIDAD MUNICIPAL,CAMINO VECINAL,EN X Ó +,,SIN DATO,NINGUNA (SOLO NORMA),SECA Y LIMPIA,PLENO DÍA,BUEN TIEMPO,SIN RESTRICCIÓN,NINGUNA,NO HAY ACERA,Vuelco en la calzada,FLUIDA,NINGUNA MEDIDA,Felino
2013030000355,2013,2,18:00,VIERNES,Alicante/Alacant,Comunitat Valenciana,,Mutxamel,1,0,0,1,1,CARRETERA,VÍAS INTERURBANAS,N-340A,TITULARIDAD ESTATAL,VÍA CONVENCIONAL,EN T Ó Y,,SIN DATO,SOLO MARCAS VIALES,SECA Y LIMPIA,PLENO DÍA,BUEN TIEMPO,SIN RESTRICCIÓN,NINGUNA,NO HAY ACERA,Atropello a animales sueltos,FLUIDA,NINGUNA MEDIDA,Canino
2012030003856,2012,10,22:00,MIÉRCOLES,Alicante/Alacant,Comunitat Valenciana,,Muro de Alcoy,1,0,0,1,1,CARRETERA,VÍAS INTERURBANAS,N-340,TITULARIDAD ESTATAL,VÍA CONVENCIONAL,EN T Ó Y,,SIN DATO,NINGUNA (SOLO NORMA),SECA Y LIMPIA,NOCHE: ILUMINACIÓN SUFICIENTE,BUEN TIEMPO,SIN RESTRICCIÓN,NINGUNA,NO HAY ACERA,Atropello a animales sueltos,FLUIDA,NINGUNA MEDIDA,Otro animal
2012030003857,2012,11,15:00,MARTES,Alicante/Alacant,Comunitat Valenciana,,Muro de Alcoy,1,0,0,1,1,CARRETERA,VÍAS INTERURBANAS,CV-700,TITULARIDAD AUTONÓMICA,VÍA CONVENCIONAL,EN X Ó +,,SIN DATO,NINGUNA (SOLO NORMA),MOJADA,PLENO DÍA,LLOVIZNANDO,SIN RESTRICCIÓN,NINGUNA,NO HAY ACERA,Salida de la vía por la derecha con colisión (Choque con árbol o poste),FLUIDA,NINGUNA MEDIDA,Animal no identificado
2008030002273,2008,8,06:00,VIERNES,Alicante/Alacant,Comunitat Valenciana,,Novelda,1,0,1,0,1,CARRETERA,VÍAS INTERURBANAS,HORNA BAJA,TITULARIDAD MUNICIPAL,CAMINO VECINAL,EN X Ó +,,SIN DATO,NINGUNA (SOLO NORMA),SECA Y LIMPIA,NOCHE: SIN ILUMINACIÓN,BUEN TIEMPO,SIN RESTRICCIÓN,NINGUNA,NO HAY ACERA,Salida de la vía por la izquierda con colisión (Choque con árbol o poste),FLUIDA,NINGUNA MEDIDA,Conejo
2014030000075,2013,12,21:45,VIERNES,Alicante/Alacant,Comunitat Valenciana,,Novelda,1,0,0,1,6,CARRETERA,VÍAS INTERURBANAS,N-325,TITULARIDAD ESTATAL,VÍA CONVENCIONAL,EN T Ó Y,,SIN DATO,NINGUNA (SOLO NORMA),SECA Y LIMPIA,NOCHE: ILUMINACIÓN INSUFICIENTE,BUEN TIEMPO,SIN RESTRICCIÓN,NINGUNA,NO HAY ACERA,Atropello a animales sueltos,FLUIDA,NINGUNA MEDIDA,Canino
2009030000128,2009,1,09:00,SÁBADO,Alicante/Alacant,Comunitat Valenciana,,"Nucia, la",2,0,0,2,2,CARRETERA,VÍAS INTERURBANAS,CV-70,TITULARIDAD AUTONÓMICA,VÍA CONVENCIONAL,EN X Ó +,,SIN DATO,NINGUNA (SOLO NORMA),SECA Y LIMPIA,PLENO DÍA,BUEN TIEMPO,SIN RESTRICCIÓN,NINGUNA,NO HAY ACERA,Colisión de vehículos en marcha (Alcance),FLUIDA,NINGUNA MEDIDA,Canino
2011030004249,2011,10,04:00,VIERNES,Alicante/Alacant,Comunitat Valenciana,,"Nucia, la",1,0,0,1,1,CARRETERA,VÍAS INTERURBANAS,CV-760,"TITULARIDAD PROVINCIAL (DIPUTACIÓN, CABILDO O CONSELL)",VÍA CONVENCIONAL,EN T Ó Y,,SIN DATO,SOLO MARCAS VIALES,SECA Y LIMPIA,NOCHE: SIN ILUMINACIÓN,BUEN TIEMPO,SIN RESTRICCIÓN,NINGUNA,NO HAY ACERA,Atropello a animales sueltos,FLUIDA,NINGUNA MEDIDA,Equino
2011030004232,2011,8,22:00,JUEVES,Alicante/Alacant,Comunitat Valenciana,,"Nucia, la",1,0,0,1,1,ZONA URBANA,VÍAS URBANAS,,TITULARIDAD MUNICIPAL,VÍA CONVENCIONAL,EN X Ó +,,SIN DATO,NINGUNA (SOLO NORMA),SECA Y LIMPIA,NOCHE: ILUMINACIÓN SUFICIENTE,BUEN TIEMPO,SIN RESTRICCIÓN,NINGUNA,SI HAY ACERA,Atropello a animales sueltos,FLUIDA,NINGUNA MEDIDA,Ave
2012030001934,2012,6,13:00,VIERNES,Alicante/Alacant,Comunitat Valenciana,,"Nucia, la",1,0,0,1,3,CARRETERA,VÍAS INTERURBANAS,CV-70,TITULARIDAD AUTONÓMICA,VÍA CONVENCIONAL,EN T Ó Y,,SIN DATO,NINGUNA (SOLO NORMA),SECA Y LIMPIA,PLENO DÍA,BUEN TIEMPO,SIN RESTRICCIÓN,NINGUNA,NO HAY ACERA,Colisión de vehículos en marcha (Múltiple o en caravana),FLUIDA,NINGUNA MEDIDA,Canino
2013030002206,2013,7,21:00,VIERNES,Alicante/Alacant,Comunitat Valenciana,,Orihuela,1,0,0,1,1,CARRETERA,VÍAS INTERURBANAS,CV-869,"TITULARIDAD PROVINCIAL (DIPUTACIÓN, CABILDO O CONSELL)",VÍA CONVENCIONAL,EN T Ó Y,,SIN DATO,NINGUNA (SOLO NORMA),SECA Y LIMPIA,PLENO DÍA,BUEN TIEMPO,SIN RESTRICCIÓN,NINGUNA,NO HAY ACERA,Atropello a animales sueltos,FLUIDA,NINGUNA MEDIDA,Canino
2009030000033,2009,1,19:00,MARTES,Alicante/Alacant,Comunitat Valenciana,,Pedreguer,1,0,0,1,1,CARRETERA,VÍAS INTERURBANAS,CV-733,"TITULARIDAD PROVINCIAL (DIPUTACIÓN, CABILDO O CONSELL)",VÍA CONVENCIONAL,EN T Ó Y,,SIN DATO,NINGUNA (SOLO NORMA),SECA Y LIMPIA,NOCHE: SIN ILUMINACIÓN,BUEN TIEMPO,SIN RESTRICCIÓN,NINGUNA,NO HAY ACERA,Atropello a animales sueltos,FLUIDA,NINGUNA MEDIDA,Canino
2013030000323,2013,1,10:15,MARTES,Alicante/Alacant,Comunitat Valenciana,,Pedreguer,1,0,0,1,1,CARRETERA,VÍAS INTERURBANAS,CV-733,"TITULARIDAD PROVINCIAL (DIPUTACIÓN, CABILDO O CONSELL)",VÍA CONVENCIONAL,EN T Ó Y,,SIN DATO,NINGUNA (SOLO NORMA),SECA Y LIMPIA,PLENO DÍA,BUEN TIEMPO,SIN RESTRICCIÓN,NINGUNA,NO HAY ACERA,Atropello a animales sueltos,FLUIDA,NINGUNA MEDIDA,Canino
2013030002634,2013,8,04:30,LUNES,Alicante/Alacant,Comunitat Valenciana,,Pego,1,0,0,1,1,CARRETERA,VÍAS INTERURBANAS,CV-715,TITULARIDAD AUTONÓMICA,VÍA CONVENCIONAL,EN T Ó Y,,SIN DATO,SOLO MARCAS VIALES,SECA Y LIMPIA,NOCHE: SIN ILUMINACIÓN,BUEN TIEMPO,SIN RESTRICCIÓN,NINGUNA,NO HAY ACERA,Atropello a animales sueltos,FLUIDA,NINGUNA MEDIDA,Caprino
2011030001351,2011,2,15:00,MARTES,Alicante/Alacant,Comunitat Valenciana,,Petrer,1,0,0,1,1,ZONA URBANA,VÍAS URBANAS,,TITULARIDAD MUNICIPAL,OTRO TIPO,EN T Ó Y,,SIN DATO,NINGUNA (SOLO NORMA),SECA Y LIMPIA,PLENO DÍA,BUEN TIEMPO,SIN RESTRICCIÓN,NINGUNA,NO HAY ACERA,Atropello a animales sueltos,FLUIDA,NINGUNA MEDIDA,Canino
2012030004000,2012,11,22:00,JUEVES,Alicante/Alacant,Comunitat Valenciana,,,1,0,0,1,1,CARRETERA,VÍAS INTERURBANAS,CV-840,TITULARIDAD AUTONÓMICA,VÍA CONVENCIONAL,EN T Ó Y,,SIN DATO,NINGUNA (SOLO NORMA),SECA Y LIMPIA,NOCHE: SIN ILUMINACIÓN,BUEN TIEMPO,SIN RESTRICCIÓN,NINGUNA,NO HAY ACERA,Atropello a animales sueltos,FLUIDA,NINGUNA MEDIDA,Canino
201303119000008,2013,10,13:55,JUEVES,Alicante/Alacant,Comunitat Valenciana,,Sant Joan d'Alacant,1,0,0,1,2,ZONA URBANA,VÍAS URBANAS,,TITULARIDAD MUNICIPAL,OTRO TIPO,,GIRATORIA,SIN DATO,NINGUNA (SOLO NORMA),SECA Y LIMPIA,PLENO DÍA,BUEN TIEMPO,SIN DATO,SIN DATO,,Colisión de vehículos en marcha (Lateral),SIN DATO,SIN DATO,Animal no identificado
2010030000921,2010,3,08:00,LUNES,Alicante/Alacant,Comunitat Valenciana,,Santa Pola,1,0,0,1,1,CARRETERA,VÍAS INTERURBANAS,N-332,TITULARIDAD ESTATAL,VÍA CONVENCIONAL,EN T Ó Y,,SIN DATO,NINGUNA (SOLO NORMA),MOJADA,PLENO DÍA,LLOVIZNANDO,SIN RESTRICCIÓN,NINGUNA,N,Salida de la vía por la derecha con colisión (Otro tipo de choque),DENSA,NINGUNA MEDIDA,Ave
2010030003047,2010,7,23:00,MARTES,Alicante/Alacant,Comunitat Valenciana,,Santa Pola,1,0,0,1,1,CARRETERA,VÍAS INTERURBANAS,N-332,TITULARIDAD ESTATAL,VÍA CONVENCIONAL,GIRATORIA,,SIN DATO,NINGUNA (SOLO NORMA),SECA Y LIMPIA,NOCHE: ILUMINACIÓN SUFICIENTE,BUEN TIEMPO,SIN RESTRICCIÓN,NINGUNA,N,Atropello a animales sueltos,FLUIDA,NINGUNA MEDIDA,Jabalí
2012030003822,2012,11,11:00,SÁBADO,Alicante/Alacant,Comunitat Valenciana,,Santa Pola,2,0,0,2,2,CARRETERA,VÍAS INTERURBANAS,N-332,TITULARIDAD ESTATAL,VÍA CONVENCIONAL,EN T Ó Y,,SIN DATO,NINGUNA (SOLO NORMA),SECA Y LIMPIA,PLENO DÍA,BUEN TIEMPO,SIN RESTRICCIÓN,NINGUNA,N,Colisión de vehículos en marcha (Alcance),FLUIDA,NINGUNA MEDIDA,Canino
2013030001688,2013,5,16:30,MARTES,Alicante/Alacant,Comunitat Valenciana,,Santa Pola,1,0,0,1,1,CARRETERA,VÍAS INTERURBANAS,CV-851,"TITULARIDAD PROVINCIAL (DIPUTACIÓN, CABILDO O CONSELL)",VÍA CONVENCIONAL,EN T Ó Y,,SIN DATO,OTRA SEÑAL,SECA Y LIMPIA,PLENO DÍA,BUEN TIEMPO,SIN RESTRICCIÓN,NINGUNA,N,Salida de la vía por la izquierda con colisión (Choque con muro o edifício),FLUIDA,NINGUNA MEDIDA,Canino
2010030003169,2010,8,06:00,SÁBADO,Alicante/Alacant,Comunitat Valenciana,,San Vicente del Raspeig/Sant Vicent del Raspeig,1,0,1,0,1,CARRETERA,VÍAS INTERURBANAS,CV-824,"TITULARIDAD PROVINCIAL (DIPUTACIÓN, CABILDO O CONSELL)",VÍA CONVENCIONAL,GIRATORIA,,SIN DATO,NINGUNA (SOLO NORMA),SECA Y LIMPIA,PLENO DÍA,BUEN TIEMPO,SIN RESTRICCIÓN,NINGUNA,N,Vuelco en la calzada,FLUIDA,NINGUNA MEDIDA,Canino
2013030001598,2013,5,21:55,JUEVES,Alicante/Alacant,Comunitat Valenciana,,San Vicente del Raspeig/Sant Vicent del Raspeig,1,0,0,1,1,CARRETERA,VÍAS INTERURBANAS,CV-820,TITULARIDAD AUTONÓMICA,VÍA CONVENCIONAL,EN T Ó Y,,SIN DATO,NINGUNA (SOLO NORMA),SECA Y LIMPIA,NOCHE: ILUMINACIÓN INSUFICIENTE,BUEN TIEMPO,SIN RESTRICCIÓN,NINGUNA,N,Atropello a animales sueltos,FLUIDA,NINGUNA MEDIDA,Jabalí
2008030000905,2008,4,14:00,MIÉRCOLES,Alicante/Alacant,Comunitat Valenciana,,Sax,2,0,0,2,1,CARRETERA,VÍAS INTERURBANAS,SAX-,TITULARIDAD MUNICIPAL,CAMINO VECINAL,ENLACE DE ENTRADA,,SIN DATO,NINGUNA (SOLO NORMA),GRAVILLA SUELTA,PLENO DÍA,BUEN TIEMPO,CONFIGURACIÓN DEL TERRENO,OTRA,N,Salida de la vía por la izquierda con colisión (Choque con cuneta o bordillo),FLUIDA,NINGUNA MEDIDA,Animal no identificado
2008030000995,2008,4,23:00,JUEVES,Alicante/Alacant,Comunitat Valenciana,,Teulada,1,0,0,1,1,CARRETERA,VÍAS INTERURBANAS,CV-743,"TITULARIDAD PROVINCIAL (DIPUTACIÓN, CABILDO O CONSELL)",VÍA CONVENCIONAL,ENLACE DE ENTRADA,,SIN DATO,SOLO MARCAS VIALES,SECA Y LIMPIA,NOCHE: SIN ILUMINACIÓN,BUEN TIEMPO,SIN RESTRICCIÓN,NINGUNA,N,Salida de la vía por la izquierda sin colisión (Con despeñamiento),FLUIDA,NINGUNA MEDIDA,Felino
2012030003983,2012,11,08:00,VIERNES,Alicante/Alacant,Comunitat Valenciana,,Teulada,1,0,0,1,1,CARRETERA,VÍAS INTERURBANAS,N-332,TITULARIDAD ESTATAL,VÍA CONVENCIONAL,EN T Ó Y,,SIN DATO,NINGUNA (SOLO NORMA),SECA Y LIMPIA,PLENO DÍA,BUEN TIEMPO,SIN RESTRICCIÓN,NINGUNA,N,Atropello a animales sueltos,FLUIDA,NINGUNA MEDIDA,Canino
2008030000840,2008,3,15:00,VIERNES,Alicante/Alacant,Comunitat Valenciana,,Torrevieja,2,0,1,1,2,CARRETERA,VÍAS INTERURBANAS,N-332,TITULARIDAD ESTATAL,VÍA CONVENCIONAL,EN X Ó +,,SIN DATO,NINGUNA (SOLO NORMA),SECA Y LIMPIA,PLENO DÍA,BUEN TIEMPO,SIN RESTRICCIÓN,NINGUNA,N,Colisión de vehículos en marcha (Frontal),DENSA,NINGUNA MEDIDA,Canino
2009030003009,2009,11,20:00,DOMINGO,Alicante/Alacant,Comunitat Valenciana,,,1,0,0,1,1,CARRETERA,VÍAS INTERURBANAS,N-332,TITULARIDAD ESTATAL,VÍA CONVENCIONAL,EN X Ó +,,SIN DATO,SOLO MARCAS VIALES,SECA Y LIMPIA,NOCHE: SIN ILUMINACIÓN,BUEN TIEMPO,SIN RESTRICCIÓN,NINGUNA,N,Atropello a animales sueltos,FLUIDA,NINGUNA MEDIDA,Jabalí
2012030003991,2012,11,00:00,SÁBADO,Alicante/Alacant,Comunitat Valenciana,,,1,0,0,1,1,CARRETERA,VÍAS INTERURBANAS,CV-700,TITULARIDAD AUTONÓMICA,VÍA CONVENCIONAL,ENLACE DE ENTRADA,,SIN DATO,NINGUNA (SOLO NORMA),SECA Y LIMPIA,NOCHE: SIN ILUMINACIÓN,BUEN TIEMPO,SIN RESTRICCIÓN,NINGUNA,N,Atropello a animales sueltos,FLUIDA,NINGUNA MEDIDA,Porcino
2013030001819,2013,6,09:20,MARTES,Alicante/Alacant,Comunitat Valenciana,,,4,0,0,4,2,CARRETERA,VÍAS INTERURBANAS,N-332,TITULARIDAD ESTATAL,VÍA CONVENCIONAL,EN T Ó Y,,SIN DATO,NINGUNA (SOLO NORMA),MOJADA,PLENO DÍA,LLOVIZNANDO,SIN RESTRICCIÓN,NINGUNA,N,Colisión de vehículos en marcha (Alcance),FLUIDA,NINGUNA MEDIDA,Jabalí
2013030003184,2013,9,17:15,DOMINGO,Alicante/Alacant,Comunitat Valenciana,,Villena,1,0,0,1,2,CARRETERA,VÍAS INTERURBANAS,CV-81,TITULARIDAD AUTONÓMICA,VÍA CONVENCIONAL,,EN T Ó Y,NADA ESPECIAL,"SEÑAL DE ""STOP""",SECA Y LIMPIA,PLENO DÍA,BUEN TIEMPO,SIN RESTRICCIÓN,NINGUNA,N,Colisión de vehículos en marcha (Frontolateral),FLUIDA,NINGUNA MEDIDA,Equino
2010030000019,2010,1,12:00,SÁBADO,Alicante/Alacant,Comunitat Valenciana,,Pilar de la Horadada,1,0,1,0,1,CARRETERA,VÍAS INTERURBANAS,AP-7,TITULARIDAD ESTATAL,AUTOPISTA,EN X Ó +,,SIN DATO,SOLO MARCAS VIALES,SECA Y LIMPIA,PLENO DÍA,BUEN TIEMPO,SIN RESTRICCIÓN,NINGUNA,N,Salida de la vía por la izquierda sin colisión (Con vuelco),FLUIDA,NINGUNA MEDIDA,Ave