ID_ACCIDENTE,ANIO,MES,HORA,DIASEMANA,PROVINCIA,COMUNIDAD_AUTONOMA,ISLA,MUNICIPIO,TOT_VICTIMAS,TOT_MUERTOS,TOT_HERIDOS_GRAVES,TOT_HERIDOS_LEVES,TOT_VEHICULOS_IMPLICADOS,ZONA,ZONA_AGRUPADA,CARRETERA,RED_CARRETERA,TIPO_VIA,TRAZADO_NO_INTERSEC,TIPO_INTERSEC,ACOND_CALZADA,PRIORIDAD,SUPERFICIE_CALZADA,LUMINOSIDAD,FACTORES_ATMOSFERICOS,VISIBILIDAD_RESTRINGIDA,OTRA_CIRCUNSTANCIA,ACERAS,TIPO_ACCIDENTE,DENSIDAD_CIRCULACION,MEDIDAS_ESPECIALES,COD_ANIMAL
2009060001274,2009,9,12:00,MARTES,Badajoz,Extremadura,,Badajoz,2,0,0,2,1,CARRETERA,VÍAS INTERURBANAS,EX-363,TITULARIDAD AUTONÓMICA,VÍA CONVENCIONAL,EN T Ó Y,,SIN DATO,NINGUNA (SOLO NORMA),SECA Y LIMPIA,PLENO DÍA,BUEN TIEMPO,SIN RESTRICCIÓN,NINGUNA,N,Salida de la vía por la derecha sin colisión (En llano),FLUIDA,NINGUNA MEDIDA,Canino
2010060001171,2010,8,21:00,MARTES,Badajoz,Extremadura,,Badajoz,1,0,0,1,1,CARRETERA,VÍAS INTERURBANAS,EX-107,TITULARIDAD AUTONÓMICA,VÍA CONVENCIONAL,EN T Ó Y,,SIN DATO,SOLO MARCAS VIALES,SECA Y LIMPIA,NOCHE: ILUMINACIÓN SUFICIENTE,BUEN TIEMPO,SIN RESTRICCIÓN,NINGUNA,N,Salida de la vía por la derecha sin colisión (En llano),FLUIDA,NINGUNA MEDIDA,Canino
2011060001297,2011,8,20:00,MARTES,Badajoz,Extremadura,,Badajoz,1,0,0,1,1,ZONA URBANA,VÍAS URBANAS,,TITULARIDAD MUNICIPAL,OTRO TIPO,EN T Ó Y,,SIN DATO,PASO PARA PEATONES,SECA Y LIMPIA,PLENO DÍA,BUEN TIEMPO,SIN RESTRICCIÓN,NINGUNA,S,Atropello a peatón aislado o en grupo,FLUIDA,NINGUNA MEDIDA,Ave
2011060001728,2011,12,12:00,MIÉRCOLES,Badajoz,Extremadura,,Badajoz,1,0,0,1,1,CARRETERA,VÍAS INTERURBANAS,EX-107,TITULARIDAD AUTONÓMICA,VÍA CONVENCIONAL,EN T Ó Y,,SIN DATO,NINGUNA (SOLO NORMA),SECA Y LIMPIA,PLENO DÍA,BUEN TIEMPO,SIN RESTRICCIÓN,NINGUNA,N,Atropello a animales sueltos,FLUIDA,NINGUNA MEDIDA,Canino
2011060000310,2011,3,01:00,LUNES,Badajoz,Extremadura,,Badajoz,1,0,0,1,1,CARRETERA,VÍAS INTERURBANAS,N-432,TITULARIDAD ESTATAL,VÍA CONVENCIONAL,EN T Ó Y,,SIN DATO,NINGUNA (SOLO NORMA),MOJADA,NOCHE: SIN ILUMINACIÓN,BUEN TIEMPO,SIN RESTRICCIÓN,NINGUNA,N,Salida de la vía por la derecha sin colisión (En llano),FLUIDA,NINGUNA MEDIDA,Canino
2012060000148,2012,1,20:00,MARTES,Badajoz,Extremadura,,Badajoz,1,0,0,1,1,CARRETERA,VÍAS INTERURBANAS,EX-100,TITULARIDAD AUTONÓMICA,VÍA CONVENCIONAL,EN T Ó Y,,SIN DATO,NINGUNA (SOLO NORMA),SECA Y LIMPIA,NOCHE: ILUMINACIÓN INSUFICIENTE,BUEN TIEMPO,SIN RESTRICCIÓN,NINGUNA,N,Salida de la vía por la izquierda sin colisión (Con vuelco),FLUIDA,NINGUNA MEDIDA,Canino
2012060001635,2012,12,17:00,MIÉRCOLES,Badajoz,Extremadura,,Badajoz,3,0,0,3,3,CARRETERA,VÍAS INTERURBANAS,EX-107,TITULARIDAD AUTONÓMICA,VÍA CONVENCIONAL,EN X Ó +,,SIN DATO,NINGUNA (SOLO NORMA),SECA Y LIMPIA,PLENO DÍA,BUEN TIEMPO,SIN RESTRICCIÓN,NINGUNA,N,Colisión de vehículos en marcha (Múltiple o en caravana),FLUIDA,NINGUNA MEDIDA,Canino
2012060001526,2012,11,12:00,VIERNES,Badajoz,Extremadura,,Badajoz,1,0,0,1,2,CARRETERA,VÍAS INTERURBANAS,EX-107,TITULARIDAD AUTONÓMICA,VÍA CONVENCIONAL,,EN T Ó Y,NADA ESPECIAL,NINGUNA (SOLO NORMA),SECA Y LIMPIA,PLENO DÍA,BUEN TIEMPO,SIN RESTRICCIÓN,NINGUNA,N,Atropello a animales sueltos,FLUIDA,NINGUNA MEDIDA,Canino
2012060001178,2012,9,07:00,LUNES,Badajoz,Extremadura,,Badajoz,1,0,0,1,1,CARRETERA,VÍAS INTERURBANAS,EX-107,TITULARIDAD AUTONÓMICA,VÍA CONVENCIONAL,,EN T Ó Y,NADA ESPECIAL,NINGUNA (SOLO NORMA),SECA Y LIMPIA,NOCHE: SIN ILUMINACIÓN,BUEN TIEMPO,SIN RESTRICCIÓN,NINGUNA,N,Atropello a animales sueltos,FLUIDA,NINGUNA MEDIDA,Canino
2012060000917,2012,7,08:00,DOMINGO,Badajoz,Extremadura,,Badajoz,1,0,0,1,1,CARRETERA,VÍAS INTERURBANAS,009,"TITULARIDAD PROVINCIAL (DIPUTACIÓN, CABILDO O CONSELL)",VÍA CONVENCIONAL,EN T Ó Y,,SIN DATO,NINGUNA (SOLO NORMA),SECA Y LIMPIA,PLENO DÍA,BUEN TIEMPO,SIN RESTRICCIÓN,NINGUNA,N,Salida de la vía por la izquierda con colisión (Otro tipo de choque),FLUIDA,NINGUNA MEDIDA,Canino
2012060000616,2012,5,13:00,DOMINGO,Badajoz,Extremadura,,Badajoz,4,0,0,4,1,CARRETERA,VÍAS INTERURBANAS,A-5,TITULARIDAD ESTATAL,AUTOVÍA,EN T Ó Y,,SIN DATO,NINGUNA (SOLO NORMA),SECA Y LIMPIA,PLENO DÍA,BUEN TIEMPO,SIN RESTRICCIÓN,NINGUNA,N,Salida de la vía por la derecha con colisión (Otro tipo de choque),FLUIDA,NINGUNA MEDIDA,Canino
2012060000259,2012,1,10:00,MIÉRCOLES,Badajoz,Extremadura,,Badajoz,2,0,0,2,1,ZONA URBANA,VÍAS URBANAS,,TITULARIDAD MUNICIPAL,OTRO TIPO,EN T Ó Y,,SIN DATO,NINGUNA (SOLO NORMA),SECA Y LIMPIA,PLENO DÍA,BUEN TIEMPO,SIN RESTRICCIÓN,NINGUNA,N,Salida de la vía por la derecha con colisión (Choque con árbol o poste),FLUIDA,NINGUNA MEDIDA,Canino
2013060001214,2013,9,08:10,SÁBADO,Badajoz,Extremadura,,Badajoz,3,0,0,3,1,CARRETERA,VÍAS INTERURBANAS,A-5,TITULARIDAD ESTATAL,AUTOVÍA,EN T Ó Y,,SIN DATO,NINGUNA (SOLO NORMA),SECA Y LIMPIA,NOCHE: ILUMINACIÓN SUFICIENTE,BUEN TIEMPO,SIN RESTRICCIÓN,NINGUNA,N,Atropello a animales sueltos,FLUIDA,NINGUNA MEDIDA,Canino
2013060000872,2013,7,06:20,VIERNES,Badajoz,Extremadura,,Badajoz,1,0,0,1,1,CARRETERA,VÍAS INTERURBANAS,EX-100,TITULARIDAD AUTONÓMICA,VÍA CONVENCIONAL,EN T Ó Y,,SIN DATO,NINGUNA (SOLO NORMA),SECA Y LIMPIA,NOCHE: ILUMINACIÓN INSUFICIENTE,BUEN TIEMPO,OTRA_CAUSA,NINGUNA,N,Atropello a animales sueltos,FLUIDA,NINGUNA MEDIDA,Jabalí
2013060000279,2013,2,12:50,MARTES,Badajoz,Extremadura,,Badajoz,2,0,1,1,5,CARRETERA,VÍAS INTERURBANAS,EX-100,TITULARIDAD AUTONÓMICA,VÍA CONVENCIONAL,EN T Ó Y,,SIN DATO,NINGUNA (SOLO NORMA),MOJADA,PLENO DÍA,LLUVIA FUERTE,SIN RESTRICCIÓN,NINGUNA,N,Colisión de vehículos en marcha (Alcance),FLUIDA,NINGUNA MEDIDA,Canino
2010060000456,2010,3,21:00,LUNES,Badajoz,Extremadura,,,2,0,0,2,1,CARRETERA,VÍAS INTERURBANAS,EX-112,TITULARIDAD AUTONÓMICA,VÍA CONVENCIONAL,EN T Ó Y,,SIN DATO,NINGUNA (SOLO NORMA),SECA Y LIMPIA,NOCHE: SIN ILUMINACIÓN,BUEN TIEMPO,SIN RESTRICCIÓN,NINGUNA,N,Salida de la vía por la derecha con colisión (Choque con muro o edifício),FLUIDA,NINGUNA MEDIDA,Canino
2013060000050,2012,12,07:00,JUEVES,Badajoz,Extremadura,,Cabeza del Buey,1,0,0,1,1,ZONA URBANA,VÍAS URBANAS,,TITULARIDAD MUNICIPAL,OTRO TIPO,,EN X Ó +,NADA ESPECIAL,"SEÑAL DE ""STOP""",HELADA,CREPÚSCULO,NIEBLA INTENSA,FACTORES ATMOSFÉRICOS,NINGUNA,S,Atropello a peatón aislado o en grupo,FLUIDA,NINGUNA MEDIDA,Ave
2008060000956,2008,7,23:00,SÁBADO,Badajoz,Extremadura,,,3,0,0,3,1,CARRETERA,VÍAS INTERURBANAS,EX-103,TITULARIDAD AUTONÓMICA,VÍA CONVENCIONAL,EN T Ó Y,,SIN DATO,SOLO MARCAS VIALES,SECA Y LIMPIA,NOCHE: ILUMINACIÓN INSUFICIENTE,BUEN TIEMPO,SIN RESTRICCIÓN,NINGUNA,N,Atropello a animal conducido o en rebaño,FLUIDA,NINGUNA MEDIDA,Equino
2009060000882,2009,7,23:00,LUNES,Badajoz,Extremadura,,,2,0,0,2,1,CARRETERA,VÍAS INTERURBANAS,EX-103,TITULARIDAD AUTONÓMICA,VÍA CONVENCIONAL,ENLACE DE ENTRADA,,SIN DATO,NINGUNA (SOLO NORMA),SECA Y LIMPIA,NOCHE: SIN ILUMINACIÓN,BUEN TIEMPO,SIN RESTRICCIÓN,NINGUNA,N,Atropello a animales sueltos,FLUIDA,NINGUNA MEDIDA,Vacuno
2010060000550,2010,4,17:00,MIÉRCOLES,Badajoz,Extremadura,,,1,0,0,1,1,CARRETERA,VÍAS INTERURBANAS,BA-044,"TITULARIDAD PROVINCIAL (DIPUTACIÓN, CABILDO O CONSELL)",VÍA CONVENCIONAL,EN X Ó +,,SIN DATO,SOLO MARCAS VIALES,SECA Y LIMPIA,PLENO DÍA,BUEN TIEMPO,SIN RESTRICCIÓN,NINGUNA,N,Salida de la vía por la derecha sin colisión (Con vuelco),FLUIDA,NINGUNA MEDIDA,Canino
2013060000712,2013,6,12:25,MIÉRCOLES,Badajoz,Extremadura,,,1,0,0,1,1,CARRETERA,VÍAS INTERURBANAS,EX-200,TITULARIDAD AUTONÓMICA,VÍA CONVENCIONAL,EN X Ó +,,SIN DATO,NINGUNA (SOLO NORMA),SECA Y LIMPIA,PLENO DÍA,BUEN TIEMPO,SIN RESTRICCIÓN,NINGUNA,N,Salida de la vía por la derecha sin colisión (Con vuelco),FLUIDA,NINGUNA MEDIDA,Otro animal
2010060001073,2010,7,22:00,MIÉRCOLES,Badajoz,Extremadura,,,1,0,1,0,1,CARRETERA,VÍAS INTERURBANAS,N-502,TITULARIDAD ESTATAL,VÍA CONVENCIONAL,EN T Ó Y,,SIN DATO,SOLO MARCAS VIALES,SECA Y LIMPIA,CREPÚSCULO,BUEN TIEMPO,SIN RESTRICCIÓN,NINGUNA,N,Atropello a peatón aislado o en grupo,FLUIDA,NINGUNA MEDIDA,Ovino
2013060001124,2013,9,21:30,DOMINGO,Badajoz,Extremadura,,Castuera,1,0,0,1,1,CARRETERA,VÍAS INTERURBANAS,EX-104,TITULARIDAD AUTONÓMICA,VÍA CONVENCIONAL,EN T Ó Y,,SIN DATO,NINGUNA (SOLO NORMA),SECA Y LIMPIA,NOCHE: ILUMINACIÓN INSUFICIENTE,BUEN TIEMPO,SIN RESTRICCIÓN,NINGUNA,N,Atropello a animales sueltos,FLUIDA,NINGUNA MEDIDA,Equino
2008060001226,2008,8,22:00,JUEVES,Badajoz,Extremadura,,,2,0,0,2,1,CARRETERA,VÍAS INTERURBANAS,EX-104,TITULARIDAD AUTONÓMICA,VÍA CONVENCIONAL,EN T Ó Y,,SIN DATO,NINGUNA (SOLO NORMA),SECA Y LIMPIA,NOCHE: SIN ILUMINACIÓN,BUEN TIEMPO,SIN RESTRICCIÓN,NINGUNA,N,Atropello a animales sueltos,FLUIDA,NINGUNA MEDIDA,Equino
2012060000699,2012,5,22:00,MARTES,Badajoz,Extremadura,,,2,0,0,2,1,CARRETERA,VÍAS INTERURBANAS,BA-058,"TITULARIDAD PROVINCIAL (DIPUTACIÓN, CABILDO O CONSELL)",VÍA CONVENCIONAL,EN X Ó +,,SIN DATO,NINGUNA (SOLO NORMA),SECA Y LIMPIA,NOCHE: SIN ILUMINACIÓN,BUEN TIEMPO,SIN RESTRICCIÓN,NINGUNA,N,Atropello a animales sueltos,FLUIDA,NINGUNA MEDIDA,Canino
2011060000339,2011,3,17:00,VIERNES,Badajoz,Extremadura,,Fregenal de la Sierra,1,0,0,1,1,CARRETERA,VÍAS INTERURBANAS,EX-211,TITULARIDAD AUTONÓMICA,VÍA CONVENCIONAL,EN X Ó +,,SIN DATO,NINGUNA (SOLO NORMA),SECA Y LIMPIA,PLENO DÍA,BUEN TIEMPO,SIN RESTRICCIÓN,NINGUNA,N,Salida de la vía por la derecha sin colisión (En llano),FLUIDA,NINGUNA MEDIDA,Zorro
2011060001062,2011,8,07:00,JUEVES,Badajoz,Extremadura,,,1,0,0,1,1,CARRETERA,VÍAS INTERURBANAS,N-502,TITULARIDAD ESTATAL,VÍA CONVENCIONAL,EN X Ó +,,SIN DATO,NINGUNA (SOLO NORMA),SECA Y LIMPIA,CREPÚSCULO,BUEN TIEMPO,SIN RESTRICCIÓN,NINGUNA,N,Atropello a animales sueltos,FLUIDA,NINGUNA MEDIDA,Ciervo
2010060001000,2010,7,08:00,LUNES,Badajoz,Extremadura,,Fuente de Cantos,2,0,0,2,2,CARRETERA,VÍAS INTERURBANAS,BA-068,"TITULARIDAD PROVINCIAL (DIPUTACIÓN, CABILDO O CONSELL)",VÍA CONVENCIONAL,EN T Ó Y,,SIN DATO,SOLO MARCAS VIALES,SECA Y LIMPIA,PLENO DÍA,BUEN TIEMPO,SIN RESTRICCIÓN,NINGUNA,N,Colisión de vehículos en marcha (Alcance),FLUIDA,NINGUNA MEDIDA,Equino
2012060000240,2012,2,19:00,DOMINGO,Badajoz,Extremadura,,,3,0,0,3,2,CARRETERA,VÍAS INTERURBANAS,A-66,TITULARIDAD ESTATAL,AUTOVÍA,EN X Ó +,,SIN DATO,NINGUNA (SOLO NORMA),SECA Y LIMPIA,CREPÚSCULO,BUEN TIEMPO,SIN RESTRICCIÓN,NINGUNA,N,Atropello a animales sueltos,DENSA,NINGUNA MEDIDA,Ciervo
2013060001211,2013,9,06:30,LUNES,Badajoz,Extremadura,,Fuente de Cantos,2,0,0,2,1,CARRETERA,VÍAS INTERURBANAS,N-630,TITULARIDAD ESTATAL,VÍA CONVENCIONAL,EN T Ó Y,,SIN DATO,NINGUNA (SOLO NORMA),SECA Y LIMPIA,NOCHE: SIN ILUMINACIÓN,BUEN TIEMPO,SIN RESTRICCIÓN,NINGUNA,N,Atropello a animales sueltos,FLUIDA,NINGUNA MEDIDA,Equino
2013060000607,2013,5,22:00,VIERNES,Badajoz,Extremadura,,Fuente de Cantos,1,0,0,1,1,CARRETERA,VÍAS INTERURBANAS,BA-067,"TITULARIDAD PROVINCIAL (DIPUTACIÓN, CABILDO O CONSELL)",VÍA CONVENCIONAL,ENLACE DE ENTRADA,,SIN DATO,NINGUNA (SOLO NORMA),SECA Y LIMPIA,NOCHE: ILUMINACIÓN INSUFICIENTE,BUEN TIEMPO,SIN RESTRICCIÓN,NINGUNA,N,Salida de la vía por la derecha sin colisión (Con vuelco),FLUIDA,NINGUNA MEDIDA,Canino
2013060000978,2013,8,23:50,MARTES,Badajoz,Extremadura,,,3,0,0,3,1,CARRETERA,VÍAS INTERURBANAS,BA-159,"TITULARIDAD PROVINCIAL (DIPUTACIÓN, CABILDO O CONSELL)",VÍA CONVENCIONAL,EN T Ó Y,,SIN DATO,NINGUNA (SOLO NORMA),SECA Y LIMPIA,NOCHE: SIN ILUMINACIÓN,BUEN TIEMPO,SIN RESTRICCIÓN,NINGUNA,N,Atropello a animales sueltos,FLUIDA,NINGUNA MEDIDA,Ovino
2009060001266,2009,9,18:00,DOMINGO,Badajoz,Extremadura,,Guareña,1,0,0,1,2,CARRETERA,VÍAS INTERURBANAS,BA-043,"TITULARIDAD PROVINCIAL (DIPUTACIÓN, CABILDO O CONSELL)",VÍA CONVENCIONAL,,EN T Ó Y,NADA ESPECIAL,NINGUNA (SOLO NORMA),SECA Y LIMPIA,PLENO DÍA,BUEN TIEMPO,SIN RESTRICCIÓN,NINGUNA,N,Atropello a animal conducido o en rebaño,FLUIDA,NINGUNA MEDIDA,Equino
2010060001488,2010,10,21:00,LUNES,Badajoz,Extremadura,,,3,0,0,3,1,CARRETERA,VÍAS INTERURBANAS,EX-347,TITULARIDAD AUTONÓMICA,VÍA CONVENCIONAL,EN T Ó Y,,SIN DATO,NINGUNA (SOLO NORMA),SECA Y LIMPIA,NOCHE: SIN ILUMINACIÓN,BUEN TIEMPO,SIN RESTRICCIÓN,NINGUNA,N,Salida de la vía por la derecha sin colisión (Con vuelco),FLUIDA,NINGUNA MEDIDA,Otro animal
2012060000483,2012,4,11:00,JUEVES,Badajoz,Extremadura,,,1,0,0,1,1,CARRETERA,VÍAS INTERURBANAS,N-502,TITULARIDAD ESTATAL,VÍA CONVENCIONAL,EN T Ó Y,,SIN DATO,NINGUNA (SOLO NORMA),SECA Y LIMPIA,PLENO DÍA,BUEN TIEMPO,SIN RESTRICCIÓN,NINGUNA,N,Atropello a animales sueltos,FLUIDA,NINGUNA MEDIDA,Ciervo
2011060000351,2011,3,00:00,MIÉRCOLES,Badajoz,Extremadura,,,1,0,0,1,1,CARRETERA,VÍAS INTERURBANAS,A-5,TITULARIDAD ESTATAL,AUTOVÍA,EN T Ó Y,,SIN DATO,NINGUNA (SOLO NORMA),SECA Y LIMPIA,NOCHE: SIN ILUMINACIÓN,BUEN TIEMPO,SIN RESTRICCIÓN,NINGUNA,N,Atropello a animales sueltos,FLUIDA,NINGUNA MEDIDA,Equino
2008060001012,2008,7,19:00,MARTES,Badajoz,Extremadura,,Llerena,1,0,0,1,1,CARRETERA,VÍAS INTERURBANAS,BA-068,"TITULARIDAD PROVINCIAL (DIPUTACIÓN, CABILDO O CONSELL)",VÍA CONVENCIONAL,EN X Ó +,,SIN DATO,SOLO MARCAS VIALES,SECA Y LIMPIA,PLENO DÍA,BUEN TIEMPO,SIN RESTRICCIÓN,NINGUNA,N,Atropello a animales sueltos,FLUIDA,NINGUNA MEDIDA,Ciervo
2010060000774,2010,5,01:00,DOMINGO,Badajoz,Extremadura,,Llerena,1,0,0,1,1,CARRETERA,VÍAS INTERURBANAS,EX-103,TITULARIDAD AUTONÓMICA,VÍA CONVENCIONAL,EN T Ó Y,,SIN DATO,NINGUNA (SOLO NORMA),SECA Y LIMPIA,NOCHE: SIN ILUMINACIÓN,BUEN TIEMPO,SIN RESTRICCIÓN,NINGUNA,N,Atropello a animales sueltos,FLUIDA,NINGUNA MEDIDA,Porcino
2008060000154,2008,1,15:00,MIÉRCOLES,Badajoz,Extremadura,,Mérida,1,0,1,0,1,CARRETERA,VÍAS INTERURBANAS,EX-209,TITULARIDAD AUTONÓMICA,VÍA CONVENCIONAL,EN T Ó Y,,SIN DATO,NINGUNA (SOLO NORMA),SECA Y LIMPIA,PLENO DÍA,BUEN TIEMPO,SIN RESTRICCIÓN,NINGUNA,N,Atropello a animales sueltos,FLUIDA,NINGUNA MEDIDA,Canino
2009060000110,2009,1,19:00,MARTES,Badajoz,Extremadura,,Mérida,1,0,0,1,1,CARRETERA,VÍAS INTERURBANAS,N-630,TITULARIDAD ESTATAL,VÍA CONVENCIONAL,EN T Ó Y,,SIN DATO,NINGUNA (SOLO NORMA),SECA Y LIMPIA,NOCHE: SIN ILUMINACIÓN,BUEN TIEMPO,SIN RESTRICCIÓN,NINGUNA,N,Atropello a animales sueltos,FLUIDA,NINGUNA MEDIDA,Equino
2011060000145,2011,1,12:00,LUNES,Badajoz,Extremadura,,Mérida,1,0,0,1,1,CARRETERA,VÍAS INTERURBANAS,,OTRAS TITULARIDADES,CAMINO VECINAL,EN T Ó Y,,SIN DATO,NINGUNA (SOLO NORMA),SECA Y LIMPIA,PLENO DÍA,BUEN TIEMPO,SIN RESTRICCIÓN,NINGUNA,N,Salida de la vía por la derecha sin colisión (Otra),FLUIDA,NINGUNA MEDIDA,Canino
2011060001565,2011,11,19:00,VIERNES,Badajoz,Extremadura,,Mérida,1,0,0,1,1,CARRETERA,VÍAS INTERURBANAS,A-5,TITULARIDAD ESTATAL,AUTOVÍA,EN T Ó Y,,SIN DATO,NINGUNA (SOLO NORMA),SECA Y LIMPIA,NOCHE: ILUMINACIÓN INSUFICIENTE,BUEN TIEMPO,SIN RESTRICCIÓN,NINGUNA,N,Atropello a animales sueltos,DENSA,NINGUNA MEDIDA,Canino
2012060001750,2012,12,06:00,JUEVES,Badajoz,Extremadura,,Mérida,1,0,0,1,1,CARRETERA,VÍAS INTERURBANAS,A-5,TITULARIDAD ESTATAL,AUTOVÍA,EN T Ó Y,,SIN DATO,NINGUNA (SOLO NORMA),MOJADA,NOCHE: SIN ILUMINACIÓN,NIEBLA INTENSA,FACTORES ATMOSFÉRICOS,NINGUNA,N,Atropello a animales sueltos,FLUIDA,NINGUNA MEDIDA,Equino
2012060000135,2012,1,17:00,SÁBADO,Badajoz,Extremadura,,Mérida,1,0,1,0,1,CARRETERA,VÍAS INTERURBANAS,BA-089,"TITULARIDAD PROVINCIAL (DIPUTACIÓN, CABILDO O CONSELL)",VÍA CONVENCIONAL,GIRATORIA,,SIN DATO,NINGUNA (SOLO NORMA),SECA Y LIMPIA,PLENO DÍA,BUEN TIEMPO,CONFIGURACIÓN DEL TERRENO,CAMBIO DE RASANTE,N,Salida de la vía por la derecha sin colisión (En llano),FLUIDA,NINGUNA MEDIDA,Ave
2012060000421,2012,2,14:00,SÁBADO,Badajoz,Extremadura,,Mérida,1,0,0,1,1,ZONA URBANA,VÍAS URBANAS,,TITULARIDAD MUNICIPAL,OTRO TIPO,,EN T Ó Y,NADA ESPECIAL,PASO PARA PEATONES,SECA Y LIMPIA,PLENO DÍA,BUEN TIEMPO,SIN RESTRICCIÓN,NINGUNA,S,Atropello a peatón aislado o en grupo,FLUIDA,NINGUNA MEDIDA,Ave
2012060001002,2012,8,10:00,LUNES,Badajoz,Extremadura,,Mérida,1,0,0,1,1,CARRETERA,VÍAS INTERURBANAS,A-5,TITULARIDAD ESTATAL,AUTOVÍA,EN X Ó +,,SIN DATO,NINGUNA (SOLO NORMA),SECA Y LIMPIA,PLENO DÍA,BUEN TIEMPO,SIN RESTRICCIÓN,NINGUNA,N,Salida de la vía por la derecha sin colisión (En llano),FLUIDA,NINGUNA MEDIDA,Animal no identificado
2013060001137,2013,9,10:50,MIÉRCOLES,Badajoz,Extremadura,,Mérida,1,0,0,1,1,CARRETERA,VÍAS INTERURBANAS,A-5,TITULARIDAD ESTATAL,AUTOVÍA,EN T Ó Y,,SIN DATO,NINGUNA (SOLO NORMA),SECA Y LIMPIA,PLENO DÍA,BUEN TIEMPO,SIN RESTRICCIÓN,NINGUNA,N,Atropello a animales sueltos,FLUIDA,NINGUNA MEDIDA,Canino
2013060000287,2013,2,21:40,SÁBADO,Badajoz,Extremadura,,Mérida,3,0,0,3,2,CARRETERA,VÍAS INTERURBANAS,N-Va,TITULARIDAD ESTATAL,VÍA CONVENCIONAL,EN T Ó Y,,SIN DATO,NINGUNA (SOLO NORMA),SECA Y LIMPIA,NOCHE: SIN ILUMINACIÓN,BUEN TIEMPO,SIN RESTRICCIÓN,NINGUNA,N,Atropello a animales sueltos,FLUIDA,NINGUNA MEDIDA,Equino
2009060000254,2009,3,19:00,MARTES,Badajoz,Extremadura,,,2,0,0,2,1,CARRETERA,VÍAS INTERURBANAS,A-66,TITULARIDAD ESTATAL,AUTOVÍA,EN X Ó +,,SIN DATO,NINGUNA (SOLO NORMA),SECA Y LIMPIA,CREPÚSCULO,BUEN TIEMPO,SIN RESTRICCIÓN,NINGUNA,N,Atropello a animales sueltos,FLUIDA,NINGUNA MEDIDA,Canino
2008060001171,2008,8,08:00,DOMINGO,Badajoz,Extremadura,,,1,0,0,1,1,CARRETERA,VÍAS INTERURBANAS,BA-051,"TITULARIDAD PROVINCIAL (DIPUTACIÓN, CABILDO O CONSELL)",VÍA CONVENCIONAL,EN T Ó Y,,SIN DATO,NINGUNA (SOLO NORMA),SECA Y LIMPIA,PLENO DÍA,BUEN TIEMPO,SIN RESTRICCIÓN,NINGUNA,N,Atropello a animal conducido o en rebaño,FLUIDA,NINGUNA MEDIDA,Equino
2008060001045,2008,7,22:00,MARTES,Badajoz,Extremadura,,Montijo,1,0,0,1,1,CARRETERA,VÍAS INTERURBANAS,CONFEDERAC,"TITULARIDAD PROVINCIAL (DIPUTACIÓN, CABILDO O CONSELL)",CAMINO VECINAL,EN T Ó Y,,SIN DATO,NINGUNA (SOLO NORMA),SECA Y LIMPIA,NOCHE: ILUMINACIÓN INSUFICIENTE,BUEN TIEMPO,SIN RESTRICCIÓN,NINGUNA,N,Atropello a animales sueltos,FLUIDA,NINGUNA MEDIDA,Canino
2009060001438,2009,10,11:00,LUNES,Badajoz,Extremadura,,Montijo,1,0,0,1,1,CARRETERA,VÍAS INTERURBANAS,,TITULARIDAD MUNICIPAL,CAMINO VECINAL,EN T Ó Y,,SIN DATO,NINGUNA (SOLO NORMA),SECA Y LIMPIA,PLENO DÍA,BUEN TIEMPO,SIN RESTRICCIÓN,NINGUNA,N,Atropello a animales sueltos,FLUIDA,NINGUNA MEDIDA,Canino
2011060001477,2011,10,08:00,VIERNES,Badajoz,Extremadura,,,1,0,0,1,1,CARRETERA,VÍAS INTERURBANAS,EX-105,TITULARIDAD AUTONÓMICA,VÍA CONVENCIONAL,EN T Ó Y,,SIN DATO,NINGUNA (SOLO NORMA),SECA Y LIMPIA,PLENO DÍA,BUEN TIEMPO,SIN RESTRICCIÓN,NINGUNA,N,Salida de la vía por la izquierda sin colisión (Con vuelco),FLUIDA,NINGUNA MEDIDA,Canino
2011060001012,2011,7,21:00,VIERNES,Badajoz,Extremadura,,,3,0,0,3,1,CARRETERA,VÍAS INTERURBANAS,BA-113,"TITULARIDAD PROVINCIAL (DIPUTACIÓN, CABILDO O CONSELL)",VÍA CONVENCIONAL,EN T Ó Y,,SIN DATO,NINGUNA (SOLO NORMA),SECA Y LIMPIA,NOCHE: SIN ILUMINACIÓN,BUEN TIEMPO,SIN RESTRICCIÓN,NINGUNA,N,Atropello a animales sueltos,FLUIDA,NINGUNA MEDIDA,Ciervo
2010060000364,2010,3,10:00,MIÉRCOLES,Badajoz,Extremadura,,,1,0,0,1,1,CARRETERA,VÍAS INTERURBANAS,EX-212,TITULARIDAD AUTONÓMICA,VÍA CONVENCIONAL,ENLACE DE SALIDA,,SIN DATO,NINGUNA (SOLO NORMA),MOJADA,PLENO DÍA,OTRO,SIN RESTRICCIÓN,NINGUNA,N,Atropello a animales sueltos,FLUIDA,NINGUNA MEDIDA,Zorro