ID_ACCIDENTE,ANIO,MES,HORA,DIASEMANA,PROVINCIA,COMUNIDAD_AUTONOMA,ISLA,MUNICIPIO,TOT_VICTIMAS,TOT_MUERTOS,TOT_HERIDOS_GRAVES,TOT_HERIDOS_LEVES,TOT_VEHICULOS_IMPLICADOS,ZONA,ZONA_AGRUPADA,CARRETERA,RED_CARRETERA,TIPO_VIA,TRAZADO_NO_INTERSEC,TIPO_INTERSEC,ACOND_CALZADA,PRIORIDAD,SUPERFICIE_CALZADA,LUMINOSIDAD,FACTORES_ATMOSFERICOS,VISIBILIDAD_RESTRINGIDA,OTRA_CIRCUNSTANCIA,ACERAS,TIPO_ACCIDENTE,DENSIDAD_CIRCULACION,MEDIDAS_ESPECIALES,COD_ANIMAL
2009070400012,2009,7,15:00,MARTES,"Balears, Illes","Balears, Illes",FORMENTERA,Formentera,1,0,0,1,1,CARRETERA,VÍAS INTERURBANAS,PMV-820-2,"TITULARIDAD PROVINCIAL (DIPUTACIÓN, CABILDO O CONSELL)",VÍA CONVENCIONAL,EN X Ó +,,SIN DATO,NINGUNA (SOLO NORMA),SECA Y LIMPIA,PLENO DÍA,BUEN TIEMPO,SIN RESTRICCIÓN,NINGUNA,N,Salida de la vía por la derecha con colisión (Choque con muro o edifício),FLUIDA,NINGUNA MEDIDA,Felino
2009070102215,2009,10,08:00,LUNES,"Balears, Illes","Balears, Illes",MALLORCA,Inca,1,0,0,1,2,CARRETERA,VÍAS INTERURBANAS,Ma-13,"TITULARIDAD PROVINCIAL (DIPUTACIÓN, CABILDO O CONSELL)",AUTOPISTA,EN T Ó Y,,SIN DATO,NINGUNA (SOLO NORMA),SECA Y LIMPIA,PLENO DÍA,BUEN TIEMPO,SIN RESTRICCIÓN,NINGUNA,N,Colisión de vehículos en marcha (Alcance),FLUIDA,NINGUNA MEDIDA,Canino
2009070102172,2009,9,23:00,DOMINGO,"Balears, Illes","Balears, Illes",MALLORCA,Inca,1,0,0,1,3,CARRETERA,VÍAS INTERURBANAS,Ma-3240,"TITULARIDAD PROVINCIAL (DIPUTACIÓN, CABILDO O CONSELL)",VÍA CONVENCIONAL,EN T Ó Y,,SIN DATO,NINGUNA (SOLO NORMA),MOJADA,NOCHE: ILUMINACIÓN INSUFICIENTE,BUEN TIEMPO,SIN RESTRICCIÓN,NINGUNA,N,Atropello a animales sueltos,FLUIDA,NINGUNA MEDIDA,Ave
2012070101025,2012,5,07:00,MARTES,"Balears, Illes","Balears, Illes",MALLORCA,Inca,2,0,0,2,1,CARRETERA,VÍAS INTERURBANAS,Ma-13,"TITULARIDAD PROVINCIAL (DIPUTACIÓN, CABILDO O CONSELL)",VÍA CONVENCIONAL,EN T Ó Y,,SIN DATO,OTRA SEÑAL,SECA Y LIMPIA,PLENO DÍA,BUEN TIEMPO,SIN RESTRICCIÓN,NINGUNA,N,Otro tipo de accidente,DENSA,NINGUNA MEDIDA,Canino
2012070100665,2012,5,22:00,SÁBADO,"Balears, Illes","Balears, Illes",MALLORCA,,2,0,0,2,2,CARRETERA,VÍAS INTERURBANAS,Ma-3130,"TITULARIDAD PROVINCIAL (DIPUTACIÓN, CABILDO O CONSELL)",VÍA CONVENCIONAL,EN T Ó Y,,SIN DATO,NINGUNA (SOLO NORMA),SECA Y LIMPIA,NOCHE: ILUMINACIÓN SUFICIENTE,BUEN TIEMPO,SIN RESTRICCIÓN,NINGUNA,N,Atropello a animales sueltos,DENSA,NINGUNA MEDIDA,Equino
2011070102465,2011,12,07:00,MARTES,"Balears, Illes","Balears, Illes",MALLORCA,Lloseta,1,0,0,1,1,CARRETERA,VÍAS INTERURBANAS,Ma-2113,"TITULARIDAD PROVINCIAL (DIPUTACIÓN, CABILDO O CONSELL)",VÍA CONVENCIONAL,ENLACE DE ENTRADA,,SIN DATO,NINGUNA (SOLO NORMA),UMBRÍA,NOCHE: SIN ILUMINACIÓN,BUEN TIEMPO,CONFIGURACIÓN DEL TERRENO,NINGUNA,N,Salida de la vía por la derecha con colisión (Choque con muro o edifício),FLUIDA,NINGUNA MEDIDA,Canino
2010070100199,2010,1,19:00,DOMINGO,"Balears, Illes","Balears, Illes",MALLORCA,Llucmajor,1,0,0,1,1,CARRETERA,VÍAS INTERURBANAS,Ma-6014,"TITULARIDAD PROVINCIAL (DIPUTACIÓN, CABILDO O CONSELL)",VÍA CONVENCIONAL,EN T Ó Y,,SIN DATO,SOLO MARCAS VIALES,MOJADA,NOCHE: ILUMINACIÓN INSUFICIENTE,BUEN TIEMPO,SIN RESTRICCIÓN,NINGUNA,N,Vuelco en la calzada,FLUIDA,NINGUNA MEDIDA,Canino
2011070101107,2011,5,22:00,MARTES,"Balears, Illes","Balears, Illes",MALLORCA,Llucmajor,1,0,0,1,1,CARRETERA,VÍAS INTERURBANAS,Ma-6014,"TITULARIDAD PROVINCIAL (DIPUTACIÓN, CABILDO O CONSELL)",VÍA CONVENCIONAL,EN T Ó Y,,SIN DATO,NINGUNA (SOLO NORMA),SECA Y LIMPIA,NOCHE: ILUMINACIÓN INSUFICIENTE,BUEN TIEMPO,SIN RESTRICCIÓN,NINGUNA,N,Atropello a animales sueltos,FLUIDA,NINGUNA MEDIDA,Canino
2013070100873,2013,3,01:03,LUNES,"Balears, Illes","Balears, Illes",MALLORCA,Llucmajor,1,0,0,1,1,CARRETERA,VÍAS INTERURBANAS,Ma-19,"TITULARIDAD PROVINCIAL (DIPUTACIÓN, CABILDO O CONSELL)",AUTOVÍA,EN T Ó Y,,SIN DATO,NINGUNA (SOLO NORMA),SECA Y LIMPIA,NOCHE: SIN ILUMINACIÓN,BUEN TIEMPO,SIN RESTRICCIÓN,NINGUNA,N,Atropello a animales sueltos,FLUIDA,NINGUNA MEDIDA,Equino
2010070200036,2009,11,20:00,LUNES,"Balears, Illes","Balears, Illes",MENORCA,Maó-Mahón,1,0,0,1,1,ZONA URBANA,VÍAS URBANAS,,TITULARIDAD MUNICIPAL,OTRO TIPO,EN T Ó Y,,SIN DATO,NINGUNA (SOLO NORMA),SECA Y LIMPIA,NOCHE: ILUMINACIÓN SUFICIENTE,BUEN TIEMPO,SIN RESTRICCIÓN,NINGUNA,N,Atropello a animales sueltos,FLUIDA,NINGUNA MEDIDA,Ave
2011070200143,2011,8,07:00,DOMINGO,"Balears, Illes","Balears, Illes",MENORCA,Maó-Mahón,1,0,0,1,2,CARRETERA,VÍAS INTERURBANAS,Me-s/n,"TITULARIDAD PROVINCIAL (DIPUTACIÓN, CABILDO O CONSELL)",VÍA CONVENCIONAL,EN T Ó Y,,SIN DATO,NINGUNA (SOLO NORMA),SECA Y LIMPIA,PLENO DÍA,BUEN TIEMPO,SIN RESTRICCIÓN,NINGUNA,N,Colisión de vehículos en marcha (Alcance),FLUIDA,NINGUNA MEDIDA,Otro animal
2008070102298,2008,9,06:00,DOMINGO,"Balears, Illes","Balears, Illes",MALLORCA,Manacor,5,0,0,5,2,CARRETERA,VÍAS INTERURBANAS,Ma-4020,"TITULARIDAD PROVINCIAL (DIPUTACIÓN, CABILDO O CONSELL)",VÍA CONVENCIONAL,EN T Ó Y,,SIN DATO,NINGUNA (SOLO NORMA),SECA Y LIMPIA,NOCHE: SIN ILUMINACIÓN,BUEN TIEMPO,SIN RESTRICCIÓN,NINGUNA,N,Atropello a animales sueltos,FLUIDA,NINGUNA MEDIDA,Ovino
2009070101357,2009,6,10:00,SÁBADO,"Balears, Illes","Balears, Illes",MALLORCA,Manacor,1,0,0,1,1,CARRETERA,VÍAS INTERURBANAS,Ma-14,"TITULARIDAD PROVINCIAL (DIPUTACIÓN, CABILDO O CONSELL)",VÍA CONVENCIONAL,EN T Ó Y,,SIN DATO,NINGUNA (SOLO NORMA),SECA Y LIMPIA,PLENO DÍA,BUEN TIEMPO,SIN RESTRICCIÓN,NINGUNA,N,Atropello a animales sueltos,FLUIDA,NINGUNA MEDIDA,Canino
2010070100482,2010,2,23:00,VIERNES,"Balears, Illes","Balears, Illes",MALLORCA,Manacor,1,0,0,1,1,CARRETERA,VÍAS INTERURBANAS,Ma-3320,"TITULARIDAD PROVINCIAL (DIPUTACIÓN, CABILDO O CONSELL)",VÍA CONVENCIONAL,EN T Ó Y,,SIN DATO,NINGUNA (SOLO NORMA),SECA Y LIMPIA,NOCHE: SIN ILUMINACIÓN,BUEN TIEMPO,SIN RESTRICCIÓN,NINGUNA,N,Atropello a animales sueltos,FLUIDA,NINGUNA MEDIDA,Liebre
2009070100065,2009,1,23:00,MARTES,"Balears, Illes","Balears, Illes",MALLORCA,,1,0,0,1,1,CARRETERA,VÍAS INTERURBANAS,Ma-3342,"TITULARIDAD PROVINCIAL (DIPUTACIÓN, CABILDO O CONSELL)",VÍA CONVENCIONAL,EN T Ó Y,,SIN DATO,NINGUNA (SOLO NORMA),UMBRÍA,NOCHE: ILUMINACIÓN INSUFICIENTE,BUEN TIEMPO,SIN RESTRICCIÓN,NINGUNA,N,Atropello a animales sueltos,FLUIDA,NINGUNA MEDIDA,Ovino
2014070100008,2013,12,21:15,MARTES,"Balears, Illes","Balears, Illes",MALLORCA,Marratxí,1,0,0,1,1,CARRETERA,VÍAS INTERURBANAS,Ma-13A,"TITULARIDAD PROVINCIAL (DIPUTACIÓN, CABILDO O CONSELL)",VÍA CONVENCIONAL,EN T Ó Y,,SIN DATO,NINGUNA (SOLO NORMA),SECA Y LIMPIA,NOCHE: ILUMINACIÓN INSUFICIENTE,BUEN TIEMPO,SIN RESTRICCIÓN,NINGUNA,N,Atropello a animales sueltos,FLUIDA,NINGUNA MEDIDA,Canino
2013070102783,2013,9,22:05,DOMINGO,"Balears, Illes","Balears, Illes",MALLORCA,Marratxí,2,0,0,2,1,CARRETERA,VÍAS INTERURBANAS,Ma-30,"TITULARIDAD PROVINCIAL (DIPUTACIÓN, CABILDO O CONSELL)",VÍA CONVENCIONAL,EN T Ó Y,,SIN DATO,NINGUNA (SOLO NORMA),SECA Y LIMPIA,NOCHE: SIN ILUMINACIÓN,BUEN TIEMPO,SIN RESTRICCIÓN,NINGUNA,N,Atropello a animales sueltos,FLUIDA,NINGUNA MEDIDA,Equino
2010070200290,2010,12,18:00,VIERNES,"Balears, Illes","Balears, Illes",MENORCA,"Mercadal, Es",1,0,1,0,2,CARRETERA,VÍAS INTERURBANAS,Me-7,"TITULARIDAD PROVINCIAL (DIPUTACIÓN, CABILDO O CONSELL)",VÍA CONVENCIONAL,EN T Ó Y,,SIN DATO,NINGUNA (SOLO NORMA),SECA Y LIMPIA,NOCHE: ILUMINACIÓN INSUFICIENTE,BUEN TIEMPO,SIN RESTRICCIÓN,NINGUNA,N,Atropello a animales sueltos,FLUIDA,NINGUNA MEDIDA,Equino
2008070100678,2008,1,10:00,VIERNES,"Balears, Illes","Balears, Illes",MALLORCA,Palma de Mallorca,1,0,0,1,1,ZONA URBANA,VÍAS URBANAS,,TITULARIDAD MUNICIPAL,OTRO TIPO,EN T Ó Y,,SIN DATO,NINGUNA (SOLO NORMA),SECA Y LIMPIA,PLENO DÍA,BUEN TIEMPO,SIN RESTRICCIÓN,NINGUNA,S,Vuelco en la calzada,FLUIDA,NINGUNA MEDIDA,Canino
2009070100309,2008,9,03:00,JUEVES,"Balears, Illes","Balears, Illes",MALLORCA,Palma de Mallorca,1,0,1,0,1,ZONA URBANA,VÍAS URBANAS,,TITULARIDAD MUNICIPAL,OTRO TIPO,EN T Ó Y,,SIN DATO,NINGUNA (SOLO NORMA),SECA Y LIMPIA,NOCHE: ILUMINACIÓN INSUFICIENTE,BUEN TIEMPO,SIN RESTRICCIÓN,NINGUNA,N,Atropello a animales sueltos,FLUIDA,NINGUNA MEDIDA,Ave
2008070101357,2008,4,18:00,DOMINGO,"Balears, Illes","Balears, Illes",MALLORCA,Palma de Mallorca,2,0,0,2,1,ZONA URBANA,VÍAS URBANAS,,TITULARIDAD MUNICIPAL,OTRO TIPO,EN T Ó Y,,SIN DATO,NINGUNA (SOLO NORMA),SECA Y LIMPIA,PLENO DÍA,BUEN TIEMPO,SIN RESTRICCIÓN,NINGUNA,S,Salida de la vía por la derecha con colisión (Choque con árbol o poste),FLUIDA,NINGUNA MEDIDA,Felino
2008070100744,2008,1,14:00,MARTES,"Balears, Illes","Balears, Illes",MALLORCA,Palma de Mallorca,1,0,0,1,1,ZONA URBANA,VÍAS URBANAS,,TITULARIDAD MUNICIPAL,VÍA CONVENCIONAL,EN T Ó Y,,SIN DATO,NINGUNA (SOLO NORMA),SECA Y LIMPIA,PLENO DÍA,BUEN TIEMPO,SIN RESTRICCIÓN,NINGUNA,S,Salida de la vía por la izquierda con colisión (Choque con árbol o poste),FLUIDA,NINGUNA MEDIDA,Canino
2008070102211,2008,8,23:00,DOMINGO,"Balears, Illes","Balears, Illes",MALLORCA,Palma de Mallorca,1,0,0,1,1,CARRETERA,VÍAS INTERURBANAS,Ma-1110,"TITULARIDAD PROVINCIAL (DIPUTACIÓN, CABILDO O CONSELL)",VÍA CONVENCIONAL,EN X Ó +,,SIN DATO,NINGUNA (SOLO NORMA),SECA Y LIMPIA,NOCHE: ILUMINACIÓN SUFICIENTE,BUEN TIEMPO,SIN RESTRICCIÓN,NINGUNA,N,Salida de la vía por la izquierda con colisión (Choque con muro o edifício),FLUIDA,NINGUNA MEDIDA,Conejo
2010070100865,2010,3,08:00,LUNES,"Balears, Illes","Balears, Illes",MALLORCA,Palma de Mallorca,1,0,0,1,2,ZONA URBANA,VÍAS URBANAS,,TITULARIDAD MUNICIPAL,OTRO TIPO,EN T Ó Y,,SIN DATO,NINGUNA (SOLO NORMA),SECA Y LIMPIA,PLENO DÍA,BUEN TIEMPO,SIN RESTRICCIÓN,NINGUNA,S,Otro tipo de accidente,FLUIDA,NINGUNA MEDIDA,Felino
2011070100045,2010,12,13:00,MARTES,"Balears, Illes","Balears, Illes",MALLORCA,Palma de Mallorca,1,0,0,1,1,ZONA URBANA,VÍAS URBANAS,,TITULARIDAD MUNICIPAL,OTRO TIPO,EN T Ó Y,,SIN DATO,SOLO MARCAS VIALES,SECA Y LIMPIA,PLENO DÍA,BUEN TIEMPO,SIN RESTRICCIÓN,NINGUNA,S,Atropello a animales sueltos,FLUIDA,NINGUNA MEDIDA,Ave
2011070100883,2011,3,08:00,MARTES,"Balears, Illes","Balears, Illes",MALLORCA,Palma de Mallorca,1,0,0,1,1,ZONA URBANA,VÍAS URBANAS,,TITULARIDAD MUNICIPAL,OTRO TIPO,EN X Ó +,,SIN DATO,NINGUNA (SOLO NORMA),SECA Y LIMPIA,PLENO DÍA,BUEN TIEMPO,SIN RESTRICCIÓN,NINGUNA,S,Salida de la vía por la derecha con colisión (Choque con árbol o poste),FLUIDA,NINGUNA MEDIDA,Felino
2011070100422,2011,3,18:00,MIÉRCOLES,"Balears, Illes","Balears, Illes",MALLORCA,Palma de Mallorca,1,0,0,1,1,CARRETERA,VÍAS INTERURBANAS,Ma-19A,"TITULARIDAD PROVINCIAL (DIPUTACIÓN, CABILDO O CONSELL)",VÍA CONVENCIONAL,EN T Ó Y,,SIN DATO,NINGUNA (SOLO NORMA),SECA Y LIMPIA,PLENO DÍA,BUEN TIEMPO,SIN RESTRICCIÓN,NINGUNA,N,Atropello a animales sueltos,FLUIDA,NINGUNA MEDIDA,Canino
2011070100544,2011,2,19:00,MIÉRCOLES,"Balears, Illes","Balears, Illes",MALLORCA,Palma de Mallorca,1,0,0,1,1,ZONA URBANA,VÍAS URBANAS,,TITULARIDAD MUNICIPAL,OTRO TIPO,EN T Ó Y,,SIN DATO,NINGUNA (SOLO NORMA),SECA Y LIMPIA,NOCHE: ILUMINACIÓN SUFICIENTE,BUEN TIEMPO,SIN RESTRICCIÓN,NINGUNA,S,Atropello a animales sueltos,FLUIDA,NINGUNA MEDIDA,Canino
2012070100646,2012,4,15:00,LUNES,"Balears, Illes","Balears, Illes",MALLORCA,Palma de Mallorca,1,0,1,0,1,CARRETERA,VÍAS INTERURBANAS,Ma-1,"TITULARIDAD PROVINCIAL (DIPUTACIÓN, CABILDO O CONSELL)",AUTOPISTA,EN T Ó Y,,SIN DATO,NINGUNA (SOLO NORMA),SECA Y LIMPIA,PLENO DÍA,BUEN TIEMPO,SIN RESTRICCIÓN,NINGUNA,N,Atropello a animales sueltos,FLUIDA,NINGUNA MEDIDA,Canino
2012070101031,2012,1,09:00,LUNES,"Balears, Illes","Balears, Illes",MALLORCA,Palma de Mallorca,1,0,0,1,1,ZONA URBANA,VÍAS URBANAS,,TITULARIDAD MUNICIPAL,OTRO TIPO,EN T Ó Y,,SIN DATO,NINGUNA (SOLO NORMA),SECA Y LIMPIA,PLENO DÍA,BUEN TIEMPO,SIN RESTRICCIÓN,NINGUNA,S,Atropello a animales sueltos,FLUIDA,NINGUNA MEDIDA,Ave
2012070102045,2012,5,17:00,LUNES,"Balears, Illes","Balears, Illes",MALLORCA,Palma de Mallorca,2,0,0,2,1,ZONA URBANA,VÍAS URBANAS,,TITULARIDAD MUNICIPAL,OTRO TIPO,EN T Ó Y,,SIN DATO,NINGUNA (SOLO NORMA),SECA Y LIMPIA,PLENO DÍA,BUEN TIEMPO,SIN RESTRICCIÓN,NINGUNA,N,Atropello a animales sueltos,FLUIDA,NINGUNA MEDIDA,Ave
2014070100130,2013,11,23:00,SÁBADO,"Balears, Illes","Balears, Illes",MALLORCA,Palma de Mallorca,1,0,0,1,1,ZONA URBANA,VÍAS URBANAS,,TITULARIDAD MUNICIPAL,VÍA CONVENCIONAL,EN T Ó Y,,SIN DATO,NINGUNA (SOLO NORMA),MOJADA,NOCHE: ILUMINACIÓN SUFICIENTE,LLOVIZNANDO,SIN RESTRICCIÓN,NINGUNA,S,Atropello a animales sueltos,FLUIDA,NINGUNA MEDIDA,Felino
2013070103067,2013,8,13:00,LUNES,"Balears, Illes","Balears, Illes",MALLORCA,Palma de Mallorca,1,0,1,0,1,ZONA URBANA,VÍAS URBANAS,,TITULARIDAD MUNICIPAL,OTRO TIPO,,EN T Ó Y,NADA ESPECIAL,NINGUNA (SOLO NORMA),SECA Y LIMPIA,PLENO DÍA,BUEN TIEMPO,SIN RESTRICCIÓN,NINGUNA,N,Atropello a animal conducido o en rebaño,FLUIDA,NINGUNA MEDIDA,Ave
2013070103636,2013,10,12:00,MIÉRCOLES,"Balears, Illes","Balears, Illes",MALLORCA,Palma de Mallorca,1,0,0,1,1,ZONA URBANA,VÍAS URBANAS,,TITULARIDAD MUNICIPAL,OTRO TIPO,,EN X Ó +,NADA ESPECIAL,NINGUNA (SOLO NORMA),SECA Y LIMPIA,PLENO DÍA,BUEN TIEMPO,SIN RESTRICCIÓN,NINGUNA,N,Atropello a animales sueltos,FLUIDA,NINGUNA MEDIDA,Canino
2009070102171,2009,9,07:00,MIÉRCOLES,"Balears, Illes","Balears, Illes",MALLORCA,Pollença,3,0,0,3,1,CARRETERA,VÍAS INTERURBANAS,Ma-2200,"TITULARIDAD PROVINCIAL (DIPUTACIÓN, CABILDO O CONSELL)",VÍA CONVENCIONAL,EN T Ó Y,,SIN DATO,NINGUNA (SOLO NORMA),MOJADA,NOCHE: ILUMINACIÓN INSUFICIENTE,OTRO,SIN RESTRICCIÓN,NINGUNA,N,Atropello a animales sueltos,FLUIDA,NINGUNA MEDIDA,Equino
2012070100284,2012,2,08:00,MARTES,"Balears, Illes","Balears, Illes",MALLORCA,Pollença,1,0,1,0,1,CARRETERA,VÍAS INTERURBANAS,Ma-10,"TITULARIDAD PROVINCIAL (DIPUTACIÓN, CABILDO O CONSELL)",VÍA CONVENCIONAL,EN T Ó Y,,SIN DATO,NINGUNA (SOLO NORMA),SECA Y LIMPIA,PLENO DÍA,BUEN TIEMPO,SIN RESTRICCIÓN,NINGUNA,N,Atropello a animales sueltos,FLUIDA,NINGUNA MEDIDA,Caprino
2009070100960,2009,4,23:00,JUEVES,"Balears, Illes","Balears, Illes",MALLORCA,"Pobla, Sa",1,0,0,1,1,CARRETERA,VÍAS INTERURBANAS,SON AMER,TITULARIDAD MUNICIPAL,CAMINO VECINAL,EN T Ó Y,,SIN DATO,SOLO MARCAS VIALES,SECA Y LIMPIA,NOCHE: SIN ILUMINACIÓN,BUEN TIEMPO,VEGETACIÓN,NINGUNA,N,Atropello a animales sueltos,FLUIDA,NINGUNA MEDIDA,Canino
2013070100166,2013,1,19:00,MIÉRCOLES,"Balears, Illes","Balears, Illes",MALLORCA,"Pobla, Sa",1,0,0,1,1,CARRETERA,VÍAS INTERURBANAS,Ma-2200,"TITULARIDAD PROVINCIAL (DIPUTACIÓN, CABILDO O CONSELL)",VÍA CONVENCIONAL,EN T Ó Y,,SIN DATO,NINGUNA (SOLO NORMA),MOJADA,NOCHE: ILUMINACIÓN INSUFICIENTE,BUEN TIEMPO,SIN RESTRICCIÓN,NINGUNA,N,Atropello a animales sueltos,FLUIDA,NINGUNA MEDIDA,Canino
2013070101366,2013,5,22:45,VIERNES,"Balears, Illes","Balears, Illes",MALLORCA,,1,0,0,1,1,CARRETERA,VÍAS INTERURBANAS,Ma-3110,"TITULARIDAD PROVINCIAL (DIPUTACIÓN, CABILDO O CONSELL)",VÍA CONVENCIONAL,EN T Ó Y,,SIN DATO,NINGUNA (SOLO NORMA),SECA Y LIMPIA,NOCHE: ILUMINACIÓN INSUFICIENTE,BUEN TIEMPO,SIN RESTRICCIÓN,NINGUNA,N,Salida de la vía por la izquierda con colisión (Choque con muro o edifício),FLUIDA,NINGUNA MEDIDA,Animal no identificado
2008070300280,2008,7,18:00,SÁBADO,"Balears, Illes","Balears, Illes",IBIZA,Sant Josep de sa Talaia,1,0,1,0,1,CARRETERA,VÍAS INTERURBANAS,PM-803,"TITULARIDAD PROVINCIAL (DIPUTACIÓN, CABILDO O CONSELL)",VÍA CONVENCIONAL,EN X Ó +,,SIN DATO,NINGUNA (SOLO NORMA),SECA Y LIMPIA,PLENO DÍA,BUEN TIEMPO,SIN RESTRICCIÓN,NINGUNA,N,Atropello a animales sueltos,FLUIDA,NINGUNA MEDIDA,Canino
2009070300419,2009,10,21:00,DOMINGO,"Balears, Illes","Balears, Illes",IBIZA,Sant Josep de sa Talaia,2,0,2,0,1,CARRETERA,VÍAS INTERURBANAS,PM-803,"TITULARIDAD PROVINCIAL (DIPUTACIÓN, CABILDO O CONSELL)",VÍA CONVENCIONAL,EN T Ó Y,,SIN DATO,SOLO MARCAS VIALES,SECA Y LIMPIA,NOCHE: SIN ILUMINACIÓN,BUEN TIEMPO,SIN RESTRICCIÓN,NINGUNA,N,Vuelco en la calzada,FLUIDA,NINGUNA MEDIDA,Canino
2009070300251,2009,7,07:00,LUNES,"Balears, Illes","Balears, Illes",IBIZA,Sant Josep de sa Talaia,1,0,0,1,1,CARRETERA,VÍAS INTERURBANAS,PM-803,"TITULARIDAD PROVINCIAL (DIPUTACIÓN, CABILDO O CONSELL)",VÍA CONVENCIONAL,EN T Ó Y,,SIN DATO,NINGUNA (SOLO NORMA),SECA Y LIMPIA,PLENO DÍA,BUEN TIEMPO,SIN RESTRICCIÓN,NINGUNA,N,Vuelco en la calzada,FLUIDA,NINGUNA MEDIDA,Canino
2012070300298,2012,6,21:00,VIERNES,"Balears, Illes","Balears, Illes",IBIZA,Sant Josep de sa Talaia,2,0,0,2,1,CARRETERA,VÍAS INTERURBANAS,PONDEROSA,TITULARIDAD MUNICIPAL,CAMINO VECINAL,EN T Ó Y,,SIN DATO,NINGUNA (SOLO NORMA),SECA Y LIMPIA,CREPÚSCULO,BUEN TIEMPO,SIN RESTRICCIÓN,NINGUNA,N,Atropello a animales sueltos,FLUIDA,NINGUNA MEDIDA,Canino
2013070300244,2013,6,22:05,MIÉRCOLES,"Balears, Illes","Balears, Illes",IBIZA,Sant Josep de sa Talaia,1,0,0,1,1,CARRETERA,VÍAS INTERURBANAS,PM-803,"TITULARIDAD PROVINCIAL (DIPUTACIÓN, CABILDO O CONSELL)",VÍA CONVENCIONAL,EN T Ó Y,,SIN DATO,NINGUNA (SOLO NORMA),SECA Y LIMPIA,NOCHE: ILUMINACIÓN INSUFICIENTE,BUEN TIEMPO,SIN RESTRICCIÓN,NINGUNA,N,Atropello a animales sueltos,FLUIDA,NINGUNA MEDIDA,Canino
2008070102020,2008,7,02:00,DOMINGO,"Balears, Illes","Balears, Illes",MALLORCA,,1,0,0,1,1,CARRETERA,VÍAS INTERURBANAS,Ma-3220,"TITULARIDAD PROVINCIAL (DIPUTACIÓN, CABILDO O CONSELL)",VÍA CONVENCIONAL,EN T Ó Y,,SIN DATO,NINGUNA (SOLO NORMA),SECA Y LIMPIA,NOCHE: ILUMINACIÓN INSUFICIENTE,BUEN TIEMPO,SIN RESTRICCIÓN,NINGUNA,N,Atropello a animales sueltos,FLUIDA,NINGUNA MEDIDA,Porcino
2008070300095,2008,3,09:00,JUEVES,"Balears, Illes","Balears, Illes",IBIZA,Sant Joan de Labritja,2,0,0,2,2,CARRETERA,VÍAS INTERURBANAS,C-733,"TITULARIDAD PROVINCIAL (DIPUTACIÓN, CABILDO O CONSELL)",VÍA CONVENCIONAL,EN T Ó Y,,SIN DATO,NINGUNA (SOLO NORMA),SECA Y LIMPIA,PLENO DÍA,BUEN TIEMPO,SIN RESTRICCIÓN,NINGUNA,N,Otro tipo de accidente,FLUIDA,NINGUNA MEDIDA,Canino
2011070200213,2011,9,11:00,MARTES,"Balears, Illes","Balears, Illes",MENORCA,Sant Lluís,1,0,0,1,1,CARRETERA,VÍAS INTERURBANAS,Me-10,"TITULARIDAD PROVINCIAL (DIPUTACIÓN, CABILDO O CONSELL)",VÍA CONVENCIONAL,,EN T Ó Y,NADA ESPECIAL,NINGUNA (SOLO NORMA),SECA Y LIMPIA,PLENO DÍA,BUEN TIEMPO,SIN RESTRICCIÓN,NINGUNA,S,Atropello a animales sueltos,FLUIDA,NINGUNA MEDIDA,Canino
2012070102417,2012,10,20:00,DOMINGO,"Balears, Illes","Balears, Illes",MALLORCA,,1,0,0,1,1,CARRETERA,VÍAS INTERURBANAS,Ma-3011,"TITULARIDAD PROVINCIAL (DIPUTACIÓN, CABILDO O CONSELL)",VÍA CONVENCIONAL,EN T Ó Y,,SIN DATO,NINGUNA (SOLO NORMA),SECA Y LIMPIA,PLENO DÍA,BUEN TIEMPO,SIN RESTRICCIÓN,NINGUNA,N,Atropello a animales sueltos,FLUIDA,NINGUNA MEDIDA,Caprino
2010070101422,2010,6,20:00,LUNES,"Balears, Illes","Balears, Illes",MALLORCA,Santa Margalida,1,0,0,1,1,CARRETERA,VÍAS INTERURBANAS,Ma-3413,"TITULARIDAD PROVINCIAL (DIPUTACIÓN, CABILDO O CONSELL)",VÍA CONVENCIONAL,,EN T Ó Y,NADA ESPECIAL,SOLO MARCAS VIALES,SECA Y LIMPIA,PLENO DÍA,BUEN TIEMPO,CONFIGURACIÓN DEL TERRENO,NINGUNA,N,Atropello a animales sueltos,FLUIDA,NINGUNA MEDIDA,Ave