ID_ACCIDENTE,ANIO,MES,HORA,DIASEMANA,PROVINCIA,COMUNIDAD_AUTONOMA,ISLA,MUNICIPIO,TOT_VICTIMAS,TOT_MUERTOS,TOT_HERIDOS_GRAVES,TOT_HERIDOS_LEVES,TOT_VEHICULOS_IMPLICADOS,ZONA,ZONA_AGRUPADA,CARRETERA,RED_CARRETERA,TIPO_VIA,TRAZADO_NO_INTERSEC,TIPO_INTERSEC,ACOND_CALZADA,PRIORIDAD,SUPERFICIE_CALZADA,LUMINOSIDAD,FACTORES_ATMOSFERICOS,VISIBILIDAD_RESTRINGIDA,OTRA_CIRCUNSTANCIA,ACERAS,TIPO_ACCIDENTE,DENSIDAD_CIRCULACION,MEDIDAS_ESPECIALES,COD_ANIMAL
2008140001172,2008,11,06:00,DOMINGO,Córdoba,Andalucía,,Córdoba,1,0,0,1,1,CARRETERA,VÍAS INTERURBANAS,CH-2,OTRAS TITULARIDADES,VÍA CONVENCIONAL,EN T Ó Y,,SIN DATO,NINGUNA (SOLO NORMA),SECA Y LIMPIA,NOCHE: SIN ILUMINACIÓN,BUEN TIEMPO,SIN RESTRICCIÓN,NINGUNA,N,Atropello a animales sueltos,FLUIDA,NINGUNA MEDIDA,Equino
2010140000941,2010,8,03:00,JUEVES,Córdoba,Andalucía,,Córdoba,1,0,0,1,1,CARRETERA,VÍAS INTERURBANAS,CO-3402,"TITULARIDAD PROVINCIAL (DIPUTACIÓN, CABILDO O CONSELL)",VÍA CONVENCIONAL,EN X Ó +,,SIN DATO,NINGUNA (SOLO NORMA),SECA Y LIMPIA,NOCHE: SIN ILUMINACIÓN,BUEN TIEMPO,SIN RESTRICCIÓN,NINGUNA,N,Atropello a animales sueltos,FLUIDA,NINGUNA MEDIDA,Jabalí
2010140001090,2010,8,21:00,MARTES,Córdoba,Andalucía,,Córdoba,1,0,0,1,1,ZONA URBANA,VÍAS URBANAS,,TITULARIDAD MUNICIPAL,OTRO TIPO,EN T Ó Y,,SIN DATO,NINGUNA (SOLO NORMA),SECA Y LIMPIA,PLENO DÍA,BUEN TIEMPO,SIN RESTRICCIÓN,NINGUNA,S,Atropello a animales sueltos,FLUIDA,NINGUNA MEDIDA,Canino
2010140001136,2010,9,10:00,MIÉRCOLES,Córdoba,Andalucía,,Córdoba,1,0,0,1,1,ZONA URBANA,VÍAS URBANAS,,TITULARIDAD MUNICIPAL,OTRO TIPO,EN T Ó Y,,SIN DATO,NINGUNA (SOLO NORMA),SECA Y LIMPIA,PLENO DÍA,BUEN TIEMPO,SIN RESTRICCIÓN,NINGUNA,S,Atropello a animales sueltos,FLUIDA,NINGUNA MEDIDA,Canino
2010140001240,2010,10,00:00,SÁBADO,Córdoba,Andalucía,,Córdoba,4,0,0,4,1,ZONA URBANA,VÍAS URBANAS,,TITULARIDAD MUNICIPAL,RAMAL DE ENLACE,EN T Ó Y,,SIN DATO,NINGUNA (SOLO NORMA),SECA Y LIMPIA,NOCHE: SIN ILUMINACIÓN,BUEN TIEMPO,SIN RESTRICCIÓN,NINGUNA,N,Salida de la vía por la izquierda con colisión (Otro tipo de choque),FLUIDA,NINGUNA MEDIDA,Animal no identificado
2010140001531,2010,12,21:00,SÁBADO,Córdoba,Andalucía,,Córdoba,1,0,0,1,1,ZONA URBANA,VÍAS URBANAS,,TITULARIDAD MUNICIPAL,OTRO TIPO,EN T Ó Y,,SIN DATO,NINGUNA (SOLO NORMA),SECA Y LIMPIA,NOCHE: ILUMINACIÓN SUFICIENTE,BUEN TIEMPO,SIN RESTRICCIÓN,NINGUNA,S,Atropello a animales sueltos,FLUIDA,NINGUNA MEDIDA,Canino
2010140000891,2010,7,20:00,JUEVES,Córdoba,Andalucía,,Córdoba,1,0,1,0,1,ZONA URBANA,VÍAS URBANAS,,TITULARIDAD MUNICIPAL,OTRO TIPO,EN T Ó Y,,SIN DATO,NINGUNA (SOLO NORMA),GRAVILLA SUELTA,PLENO DÍA,BUEN TIEMPO,SIN RESTRICCIÓN,NINGUNA,S,Vuelco en la calzada,FLUIDA,NINGUNA MEDIDA,Animal no identificado
2010140001135,2010,9,10:00,MIÉRCOLES,Córdoba,Andalucía,,Córdoba,1,0,0,1,1,ZONA URBANA,VÍAS URBANAS,,TITULARIDAD MUNICIPAL,OTRO TIPO,EN T Ó Y,,SIN DATO,NINGUNA (SOLO NORMA),SECA Y LIMPIA,PLENO DÍA,BUEN TIEMPO,SIN RESTRICCIÓN,NINGUNA,N,Atropello a animales sueltos,FLUIDA,NINGUNA MEDIDA,Canino
2011140000642,2011,5,12:00,VIERNES,Córdoba,Andalucía,,Córdoba,1,0,0,1,1,CARRETERA,VÍAS INTERURBANAS,CH-1,OTRAS TITULARIDADES,VÍA CONVENCIONAL,EN T Ó Y,,SIN DATO,NINGUNA (SOLO NORMA),SECA Y LIMPIA,PLENO DÍA,BUEN TIEMPO,SIN RESTRICCIÓN,NINGUNA,N,Salida de la vía por la izquierda sin colisión (Con despeñamiento),FLUIDA,NINGUNA MEDIDA,Canino
2011140001610,2011,10,03:00,SÁBADO,Córdoba,Andalucía,,Córdoba,2,0,0,2,1,ZONA URBANA,VÍAS URBANAS,,TITULARIDAD MUNICIPAL,OTRO TIPO,EN T Ó Y,,SIN DATO,NINGUNA (SOLO NORMA),SECA Y LIMPIA,NOCHE: SIN ILUMINACIÓN,BUEN TIEMPO,OTRA_CAUSA,NINGUNA,N,Salida de la vía por la derecha sin colisión (Con vuelco),FLUIDA,NINGUNA MEDIDA,Canino
2011140000071,2011,1,17:00,JUEVES,Córdoba,Andalucía,,Córdoba,2,0,0,2,1,CARRETERA,VÍAS INTERURBANAS,N-437,TITULARIDAD ESTATAL,VÍA CONVENCIONAL,ENLACE DE SALIDA,,SIN DATO,NINGUNA (SOLO NORMA),SECA Y LIMPIA,PLENO DÍA,BUEN TIEMPO,SIN RESTRICCIÓN,NINGUNA,N,Atropello a animales sueltos,FLUIDA,NINGUNA MEDIDA,Canino
2012140001424,2012,9,07:00,VIERNES,Córdoba,Andalucía,,Córdoba,2,0,0,2,1,CARRETERA,VÍAS INTERURBANAS,A-4,TITULARIDAD ESTATAL,AUTOVÍA,EN T Ó Y,,SIN DATO,NINGUNA (SOLO NORMA),SECA Y LIMPIA,CREPÚSCULO,BUEN TIEMPO,SIN RESTRICCIÓN,NINGUNA,N,Salida de la vía por la derecha con colisión (Otro tipo de choque),FLUIDA,NINGUNA MEDIDA,Canino
2012140000177,2012,2,19:00,SÁBADO,Córdoba,Andalucía,,Córdoba,3,0,0,3,2,CARRETERA,VÍAS INTERURBANAS,A-4,TITULARIDAD ESTATAL,AUTOVÍA,EN T Ó Y,,SIN DATO,NINGUNA (SOLO NORMA),SECA Y LIMPIA,NOCHE: ILUMINACIÓN SUFICIENTE,BUEN TIEMPO,SIN RESTRICCIÓN,NINGUNA,N,Colisión de vehículos en marcha (Alcance),FLUIDA,NINGUNA MEDIDA,Canino
2013140000297,2013,2,12:15,DOMINGO,Córdoba,Andalucía,,Córdoba,1,0,0,1,1,CARRETERA,VÍAS INTERURBANAS,N-437,TITULARIDAD ESTATAL,VÍA CONVENCIONAL,EN T Ó Y,,SIN DATO,NINGUNA (SOLO NORMA),SECA Y LIMPIA,PLENO DÍA,BUEN TIEMPO,SIN RESTRICCIÓN,CAMBIO DE RASANTE,N,Atropello a conductor de animales,FLUIDA,NINGUNA MEDIDA,Equino
2013140002879,2013,12,15:35,SÁBADO,Córdoba,Andalucía,,Córdoba,2,0,0,2,2,ZONA URBANA,VÍAS URBANAS,,TITULARIDAD MUNICIPAL,OTRO TIPO,EN T Ó Y,,SIN DATO,NINGUNA (SOLO NORMA),SECA Y LIMPIA,PLENO DÍA,BUEN TIEMPO,SIN RESTRICCIÓN,NINGUNA,S,Colisión de vehículos en marcha (Alcance),FLUIDA,NINGUNA MEDIDA,Canino
2013140002372,2013,10,14:00,DOMINGO,Córdoba,Andalucía,,Córdoba,1,0,0,1,1,ZONA URBANA,VÍAS URBANAS,,TITULARIDAD MUNICIPAL,VÍA CONVENCIONAL,EN T Ó Y,,SIN DATO,SEMÁFORO,SECA Y LIMPIA,PLENO DÍA,BUEN TIEMPO,SIN RESTRICCIÓN,NINGUNA,S,Vuelco en la calzada,FLUIDA,NINGUNA MEDIDA,Canino
2013140001726,2013,7,08:00,LUNES,Córdoba,Andalucía,,Córdoba,1,0,0,1,1,ZONA URBANA,VÍAS URBANAS,,TITULARIDAD MUNICIPAL,OTRO TIPO,EN T Ó Y,,SIN DATO,NINGUNA (SOLO NORMA),SECA Y LIMPIA,PLENO DÍA,BUEN TIEMPO,SIN RESTRICCIÓN,NINGUNA,N,Atropello a animales sueltos,FLUIDA,NINGUNA MEDIDA,Canino
2013140001089,2013,5,21:05,DOMINGO,Córdoba,Andalucía,,Córdoba,1,0,0,1,1,CARRETERA,VÍAS INTERURBANAS,A-4,TITULARIDAD ESTATAL,AUTOVÍA,EN T Ó Y,,SIN DATO,NINGUNA (SOLO NORMA),SECA Y LIMPIA,PLENO DÍA,BUEN TIEMPO,SIN RESTRICCIÓN,NINGUNA,N,Atropello a animales sueltos,FLUIDA,NINGUNA MEDIDA,Canino
2013140002279,2013,10,22:20,JUEVES,Córdoba,Andalucía,,Córdoba,1,0,0,1,1,ZONA URBANA,VÍAS URBANAS,,TITULARIDAD MUNICIPAL,OTRO TIPO,EN T Ó Y,,SIN DATO,NINGUNA (SOLO NORMA),SECA Y LIMPIA,NOCHE: ILUMINACIÓN SUFICIENTE,BUEN TIEMPO,SIN RESTRICCIÓN,NINGUNA,S,Atropello a animales sueltos,FLUIDA,NINGUNA MEDIDA,Ave
2013140002896,2013,12,14:25,DOMINGO,Córdoba,Andalucía,,Córdoba,2,0,0,2,1,ZONA URBANA,VÍAS URBANAS,,TITULARIDAD MUNICIPAL,OTRO TIPO,EN X Ó +,,SIN DATO,SOLO MARCAS VIALES,SECA Y LIMPIA,PLENO DÍA,BUEN TIEMPO,SIN RESTRICCIÓN,NINGUNA,S,Otro tipo de accidente,FLUIDA,NINGUNA MEDIDA,Equino
2013140000176,2013,1,07:55,JUEVES,Córdoba,Andalucía,,Córdoba,2,0,1,1,2,CARRETERA,VÍAS INTERURBANAS,N-432,TITULARIDAD ESTATAL,VÍA CONVENCIONAL,EN T Ó Y,,SIN DATO,NINGUNA (SOLO NORMA),MOJADA,CREPÚSCULO,OTRO,CONFIGURACIÓN DEL TERRENO,NINGUNA,N,Colisión de vehículos en marcha (Frontolateral),FLUIDA,NINGUNA MEDIDA,Jabalí
2012140001390,2012,9,10:00,LUNES,Córdoba,Andalucía,,,1,0,0,1,1,CARRETERA,VÍAS INTERURBANAS,N-331,TITULARIDAD ESTATAL,VÍA CONVENCIONAL,ENLACE DE SALIDA,,SIN DATO,NINGUNA (SOLO NORMA),SECA Y LIMPIA,PLENO DÍA,BUEN TIEMPO,CONFIGURACIÓN DEL TERRENO,NINGUNA,N,Salida de la vía por la izquierda sin colisión (Con vuelco),FLUIDA,NINGUNA MEDIDA,Canino
2009140000566,2009,5,05:00,DOMINGO,Córdoba,Andalucía,,,1,0,0,1,1,CARRETERA,VÍAS INTERURBANAS,N-432,TITULARIDAD ESTATAL,VÍA CONVENCIONAL,EN T Ó Y,,SIN DATO,NINGUNA (SOLO NORMA),SECA Y LIMPIA,NOCHE: SIN ILUMINACIÓN,BUEN TIEMPO,SIN RESTRICCIÓN,OTRA,N,Atropello a animales sueltos,FLUIDA,NINGUNA MEDIDA,Otro animal
2013140001260,2013,5,01:00,LUNES,Córdoba,Andalucía,,,1,0,0,1,1,CARRETERA,VÍAS INTERURBANAS,N-432,TITULARIDAD ESTATAL,VÍA CONVENCIONAL,EN T Ó Y,,SIN DATO,SOLO MARCAS VIALES,SECA Y LIMPIA,NOCHE: SIN ILUMINACIÓN,BUEN TIEMPO,SIN RESTRICCIÓN,NINGUNA,N,Atropello a animales sueltos,FLUIDA,NINGUNA MEDIDA,Jabalí
2008140000735,2008,7,06:00,DOMINGO,Córdoba,Andalucía,,Fuente Obejuna,1,0,0,1,1,CARRETERA,VÍAS INTERURBANAS,N-432,TITULARIDAD ESTATAL,VÍA CONVENCIONAL,EN T Ó Y,,SIN DATO,NINGUNA (SOLO NORMA),SECA Y LIMPIA,CREPÚSCULO,BUEN TIEMPO,SIN RESTRICCIÓN,NINGUNA,N,Atropello a animales sueltos,FLUIDA,NINGUNA MEDIDA,Equino
2010140000492,2010,4,07:00,MIÉRCOLES,Córdoba,Andalucía,,Fuente Obejuna,1,0,0,1,1,CARRETERA,VÍAS INTERURBANAS,A-3151,TITULARIDAD AUTONÓMICA,VÍA CONVENCIONAL,EN T Ó Y,,SIN DATO,NINGUNA (SOLO NORMA),SECA Y LIMPIA,CREPÚSCULO,BUEN TIEMPO,SIN RESTRICCIÓN,NINGUNA,N,Atropello a animales sueltos,FLUIDA,NINGUNA MEDIDA,Equino
2011140001078,2011,8,22:00,JUEVES,Córdoba,Andalucía,,Fuente Obejuna,1,0,0,1,1,CARRETERA,VÍAS INTERURBANAS,CO-7404,"TITULARIDAD PROVINCIAL (DIPUTACIÓN, CABILDO O CONSELL)",VÍA CONVENCIONAL,EN X Ó +,,SIN DATO,NINGUNA (SOLO NORMA),SECA Y LIMPIA,NOCHE: ILUMINACIÓN INSUFICIENTE,BUEN TIEMPO,SIN RESTRICCIÓN,NINGUNA,N,Salida de la vía por la derecha sin colisión (Con vuelco),FLUIDA,NINGUNA MEDIDA,Animal no identificado
2011140000591,2011,5,14:00,VIERNES,Córdoba,Andalucía,,Fuente Obejuna,1,0,0,1,1,CARRETERA,VÍAS INTERURBANAS,CV-11,OTRAS TITULARIDADES,CAMINO VECINAL,EN T Ó Y,,SIN DATO,NINGUNA (SOLO NORMA),SECA Y LIMPIA,PLENO DÍA,BUEN TIEMPO,SIN RESTRICCIÓN,NINGUNA,N,Atropello a animales sueltos,FLUIDA,NINGUNA MEDIDA,Ciervo
2012140001184,2012,8,05:00,MIÉRCOLES,Córdoba,Andalucía,,Fuente Obejuna,1,0,0,1,1,CARRETERA,VÍAS INTERURBANAS,N-432,TITULARIDAD ESTATAL,VÍA CONVENCIONAL,EN T Ó Y,,SIN DATO,NINGUNA (SOLO NORMA),SECA Y LIMPIA,NOCHE: SIN ILUMINACIÓN,BUEN TIEMPO,SIN RESTRICCIÓN,NINGUNA,N,Salida de la vía por la derecha con colisión (Otro tipo de choque),FLUIDA,NINGUNA MEDIDA,Ovino
2008140000933,2008,9,00:00,VIERNES,Córdoba,Andalucía,,,1,0,1,0,1,CARRETERA,VÍAS INTERURBANAS,A-3276,TITULARIDAD AUTONÓMICA,VÍA CONVENCIONAL,EN T Ó Y,,SIN DATO,NINGUNA (SOLO NORMA),SECA Y LIMPIA,NOCHE: SIN ILUMINACIÓN,BUEN TIEMPO,SIN RESTRICCIÓN,NINGUNA,N,Atropello a animales sueltos,FLUIDA,NINGUNA MEDIDA,Canino
2010140000836,2010,7,00:00,MARTES,Córdoba,Andalucía,,,2,0,0,2,1,CARRETERA,VÍAS INTERURBANAS,CO-3304,"TITULARIDAD PROVINCIAL (DIPUTACIÓN, CABILDO O CONSELL)",VÍA CONVENCIONAL,EN T Ó Y,,SIN DATO,NINGUNA (SOLO NORMA),SECA Y LIMPIA,NOCHE: SIN ILUMINACIÓN,BUEN TIEMPO,SIN RESTRICCIÓN,NINGUNA,N,Atropello a animal conducido o en rebaño,FLUIDA,NINGUNA MEDIDA,Ave
2009140001337,2009,12,03:00,JUEVES,Córdoba,Andalucía,,Hinojosa del Duque,1,0,0,1,1,CARRETERA,VÍAS INTERURBANAS,A-449,TITULARIDAD AUTONÓMICA,VÍA CONVENCIONAL,EN T Ó Y,,SIN DATO,NINGUNA (SOLO NORMA),SECA Y LIMPIA,NOCHE: ILUMINACIÓN INSUFICIENTE,BUEN TIEMPO,SIN RESTRICCIÓN,NINGUNA,N,Salida de la vía por la derecha sin colisión (Con vuelco),FLUIDA,NINGUNA MEDIDA,Equino
2011140001668,2011,12,07:00,LUNES,Córdoba,Andalucía,,Hinojosa del Duque,1,0,0,1,2,CARRETERA,VÍAS INTERURBANAS,A-449,TITULARIDAD AUTONÓMICA,VÍA CONVENCIONAL,EN X Ó +,,SIN DATO,NINGUNA (SOLO NORMA),SECA Y LIMPIA,NOCHE: SIN ILUMINACIÓN,BUEN TIEMPO,SIN RESTRICCIÓN,NINGUNA,N,Colisión de vehículos en marcha (Alcance),FLUIDA,NINGUNA MEDIDA,Equino
2012140001410,2012,9,00:00,SÁBADO,Córdoba,Andalucía,,,1,0,0,1,1,CARRETERA,VÍAS INTERURBANAS,A-431,TITULARIDAD AUTONÓMICA,VÍA CONVENCIONAL,EN X Ó +,,SIN DATO,NINGUNA (SOLO NORMA),SECA Y LIMPIA,NOCHE: SIN ILUMINACIÓN,BUEN TIEMPO,SIN RESTRICCIÓN,NINGUNA,N,Atropello a animales sueltos,FLUIDA,NINGUNA MEDIDA,Jabalí
2008140000051,2008,1,12:00,SÁBADO,Córdoba,Andalucía,,,1,0,1,0,1,CARRETERA,VÍAS INTERURBANAS,CO-8216,"TITULARIDAD PROVINCIAL (DIPUTACIÓN, CABILDO O CONSELL)",VÍA CONVENCIONAL,EN T Ó Y,,SIN DATO,NINGUNA (SOLO NORMA),SECA Y LIMPIA,PLENO DÍA,BUEN TIEMPO,SIN RESTRICCIÓN,NINGUNA,N,Vuelco en la calzada,FLUIDA,NINGUNA MEDIDA,Canino
2009140000980,2009,9,00:00,DOMINGO,Córdoba,Andalucía,,Lucena,3,0,0,3,1,CARRETERA,VÍAS INTERURBANAS,A-45,TITULARIDAD ESTATAL,AUTOVÍA,EN T Ó Y,,SIN DATO,NINGUNA (SOLO NORMA),SECA Y LIMPIA,NOCHE: SIN ILUMINACIÓN,BUEN TIEMPO,SIN RESTRICCIÓN,NINGUNA,N,Salida de la vía por la izquierda con colisión (Otro tipo de choque),FLUIDA,NINGUNA MEDIDA,Conejo
2011140000490,2011,3,19:00,JUEVES,Córdoba,Andalucía,,Lucena,1,0,0,1,1,ZONA URBANA,VÍAS URBANAS,,TITULARIDAD MUNICIPAL,OTRO TIPO,EN T Ó Y,,SIN DATO,NINGUNA (SOLO NORMA),SECA Y LIMPIA,PLENO DÍA,BUEN TIEMPO,SIN RESTRICCIÓN,OTRA,N,Otro tipo de accidente,FLUIDA,NINGUNA MEDIDA,Canino
2012140000344,2012,3,16:00,VIERNES,Córdoba,Andalucía,,,1,0,0,1,1,CARRETERA,VÍAS INTERURBANAS,N-432,TITULARIDAD ESTATAL,VÍA CONVENCIONAL,EN T Ó Y,,SIN DATO,NINGUNA (SOLO NORMA),SECA Y LIMPIA,PLENO DÍA,BUEN TIEMPO,SIN RESTRICCIÓN,NINGUNA,N,Salida de la vía por la izquierda sin colisión (Otra),FLUIDA,NINGUNA MEDIDA,Canino
2011140000495,2011,4,20:00,VIERNES,Córdoba,Andalucía,,,1,0,0,1,1,CARRETERA,VÍAS INTERURBANAS,A-386,TITULARIDAD AUTONÓMICA,VÍA CONVENCIONAL,,EN T Ó Y,CARRIL CENTRAL DE ESPERA,NINGUNA (SOLO NORMA),SECA Y LIMPIA,PLENO DÍA,BUEN TIEMPO,SIN RESTRICCIÓN,NINGUNA,N,Salida de la vía por la derecha con colisión (Choque con cuneta o bordillo),FLUIDA,NINGUNA MEDIDA,Canino
2009140000924,2009,9,22:00,MARTES,Córdoba,Andalucía,,,1,0,1,0,1,CARRETERA,VÍAS INTERURBANAS,N-331,TITULARIDAD ESTATAL,VÍA CONVENCIONAL,EN T Ó Y,,SIN DATO,NINGUNA (SOLO NORMA),SECA Y LIMPIA,NOCHE: SIN ILUMINACIÓN,BUEN TIEMPO,SIN RESTRICCIÓN,NINGUNA,N,Salida de la vía por la izquierda con colisión (Choque con árbol o poste),FLUIDA,NINGUNA MEDIDA,Canino
2012140000996,2012,7,06:00,DOMINGO,Córdoba,Andalucía,,,1,0,0,1,1,CARRETERA,VÍAS INTERURBANAS,A-45,TITULARIDAD ESTATAL,AUTOVÍA,EN T Ó Y,,SIN DATO,NINGUNA (SOLO NORMA),SECA Y LIMPIA,CREPÚSCULO,BUEN TIEMPO,SIN RESTRICCIÓN,NINGUNA,N,Salida de la vía por la derecha con colisión (Otro tipo de choque),FLUIDA,NINGUNA MEDIDA,Canino
2008140000968,2008,9,21:00,LUNES,Córdoba,Andalucía,,Montilla,1,0,0,1,3,CARRETERA,VÍAS INTERURBANAS,N-331,TITULARIDAD ESTATAL,VÍA CONVENCIONAL,EN T Ó Y,,SIN DATO,NINGUNA (SOLO NORMA),MOJADA,NOCHE: SIN ILUMINACIÓN,LLOVIZNANDO,FACTORES ATMOSFÉRICOS,NINGUNA,N,Atropello a animales sueltos,FLUIDA,NINGUNA MEDIDA,Canino
2009140001101,2009,10,21:00,SÁBADO,Córdoba,Andalucía,,Montilla,1,0,0,1,1,CARRETERA,VÍAS INTERURBANAS,CO-5209,"TITULARIDAD PROVINCIAL (DIPUTACIÓN, CABILDO O CONSELL)",VÍA CONVENCIONAL,GIRATORIA,,SIN DATO,NINGUNA (SOLO NORMA),SECA Y LIMPIA,NOCHE: SIN ILUMINACIÓN,BUEN TIEMPO,CONFIGURACIÓN DEL TERRENO,NINGUNA,N,Salida de la vía por la derecha con colisión (Choque con cuneta o bordillo),FLUIDA,NINGUNA MEDIDA,Animal no identificado
2010140000009,2010,1,23:00,SÁBADO,Córdoba,Andalucía,,Montilla,4,0,0,4,1,CARRETERA,VÍAS INTERURBANAS,N-331,TITULARIDAD ESTATAL,VÍA CONVENCIONAL,EN T Ó Y,,SIN DATO,NINGUNA (SOLO NORMA),SECA Y LIMPIA,NOCHE: SIN ILUMINACIÓN,BUEN TIEMPO,SIN RESTRICCIÓN,NINGUNA,N,Salida de la vía por la derecha sin colisión (Con vuelco),FLUIDA,NINGUNA MEDIDA,Canino
2012140000935,2012,6,10:00,MIÉRCOLES,Córdoba,Andalucía,,Montilla,1,0,0,1,1,TRAVESÍA,VÍAS URBANAS,N-331,TITULARIDAD MUNICIPAL,VÍA CONVENCIONAL,EN X Ó +,,SIN DATO,NINGUNA (SOLO NORMA),SECA Y LIMPIA,PLENO DÍA,BUEN TIEMPO,SIN RESTRICCIÓN,NINGUNA,N,Salida de la vía por la izquierda sin colisión (En llano),FLUIDA,NINGUNA MEDIDA,Animal no identificado
2013140002158,2013,9,12:00,VIERNES,Córdoba,Andalucía,,Montilla,2,0,1,1,1,ZONA URBANA,VÍAS URBANAS,,TITULARIDAD MUNICIPAL,OTRO TIPO,EN T Ó Y,,SIN DATO,NINGUNA (SOLO NORMA),SECA Y LIMPIA,PLENO DÍA,BUEN TIEMPO,SIN RESTRICCIÓN,NINGUNA,S,Otro tipo de accidente,FLUIDA,NINGUNA MEDIDA,Canino
2011140001707,2011,12,18:00,MIÉRCOLES,Córdoba,Andalucía,,Montoro,1,0,0,1,1,CARRETERA,VÍAS INTERURBANAS,N-420,TITULARIDAD ESTATAL,VÍA CONVENCIONAL,EN T Ó Y,,SIN DATO,NINGUNA (SOLO NORMA),SECA Y LIMPIA,PLENO DÍA,BUEN TIEMPO,SIN RESTRICCIÓN,NINGUNA,N,Atropello a animales sueltos,FLUIDA,NINGUNA MEDIDA,Canino
2011140000405,2011,3,22:00,VIERNES,Córdoba,Andalucía,,Montoro,3,0,0,3,1,CARRETERA,VÍAS INTERURBANAS,N-420,TITULARIDAD ESTATAL,VÍA CONVENCIONAL,EN X Ó +,,SIN DATO,NINGUNA (SOLO NORMA),SECA Y LIMPIA,NOCHE: SIN ILUMINACIÓN,BUEN TIEMPO,SIN RESTRICCIÓN,NINGUNA,N,Atropello a animales sueltos,FLUIDA,NINGUNA MEDIDA,Zorro
2012140001271,2012,8,22:00,DOMINGO,Córdoba,Andalucía,,Montoro,2,0,0,2,1,CARRETERA,VÍAS INTERURBANAS,A-4,TITULARIDAD ESTATAL,AUTOVÍA,EN X Ó +,,SIN DATO,NINGUNA (SOLO NORMA),SECA Y LIMPIA,NOCHE: ILUMINACIÓN INSUFICIENTE,BUEN TIEMPO,SIN RESTRICCIÓN,NINGUNA,N,Atropello a animales sueltos,FLUIDA,NINGUNA MEDIDA,Jabalí
2011140001047,2011,8,23:00,VIERNES,Córdoba,Andalucía,,,2,0,0,2,1,CARRETERA,VÍAS INTERURBANAS,A-45,TITULARIDAD ESTATAL,AUTOVÍA,EN X Ó +,,SIN DATO,NINGUNA (SOLO NORMA),SECA Y LIMPIA,NOCHE: SIN ILUMINACIÓN,BUEN TIEMPO,SIN RESTRICCIÓN,NINGUNA,N,Salida de la vía por la derecha con colisión (Choque con cuneta o bordillo),FLUIDA,NINGUNA MEDIDA,Canino
2012140000309,2012,3,06:00,LUNES,Córdoba,Andalucía,,,1,0,0,1,1,CARRETERA,VÍAS INTERURBANAS,A-318,TITULARIDAD AUTONÓMICA,VÍA CONVENCIONAL,ENLACE DE SALIDA,,SIN DATO,NINGUNA (SOLO NORMA),SECA Y LIMPIA,NOCHE: SIN ILUMINACIÓN,BUEN TIEMPO,CONFIGURACIÓN DEL TERRENO,NINGUNA,N,Atropello a animales sueltos,FLUIDA,NINGUNA MEDIDA,Jabalí
2009140000708,2009,7,01:00,JUEVES,Córdoba,Andalucía,,Palma del Río,1,0,0,1,1,CARRETERA,VÍAS INTERURBANAS,CO-4316,"TITULARIDAD PROVINCIAL (DIPUTACIÓN, CABILDO O CONSELL)",VÍA CONVENCIONAL,EN T Ó Y,,SIN DATO,NINGUNA (SOLO NORMA),SECA Y LIMPIA,NOCHE: SIN ILUMINACIÓN,BUEN TIEMPO,SIN RESTRICCIÓN,NINGUNA,N,Vuelco en la calzada,FLUIDA,NINGUNA MEDIDA,Canino
2009140000375,2009,3,23:00,MIÉRCOLES,Córdoba,Andalucía,,Palma del Río,2,0,0,2,1,CARRETERA,VÍAS INTERURBANAS,A-453,TITULARIDAD AUTONÓMICA,VÍA CONVENCIONAL,EN T Ó Y,,SIN DATO,NINGUNA (SOLO NORMA),SECA Y LIMPIA,NOCHE: ILUMINACIÓN INSUFICIENTE,BUEN TIEMPO,SIN RESTRICCIÓN,NINGUNA,N,Atropello a animales sueltos,FLUIDA,NINGUNA MEDIDA,Tejón
2008140000913,2008,9,20:00,DOMINGO,Córdoba,Andalucía,,,1,0,1,0,1,CARRETERA,VÍAS INTERURBANAS,A-4,TITULARIDAD ESTATAL,AUTOVÍA,EN X Ó +,,SIN DATO,NINGUNA (SOLO NORMA),SECA Y LIMPIA,CREPÚSCULO,BUEN TIEMPO,SIN RESTRICCIÓN,NINGUNA,N,Atropello a animales sueltos,FLUIDA,NINGUNA MEDIDA,Canino
2009140000117,2009,1,22:00,DOMINGO,Córdoba,Andalucía,,,3,0,1,2,7,CARRETERA,VÍAS INTERURBANAS,A-4,TITULARIDAD ESTATAL,AUTOVÍA,EN T Ó Y,,SIN DATO,NINGUNA (SOLO NORMA),SECA Y LIMPIA,NOCHE: SIN ILUMINACIÓN,BUEN TIEMPO,SIN RESTRICCIÓN,NINGUNA,N,Atropello a animales sueltos,FLUIDA,NINGUNA MEDIDA,Equino
2013140001179,2013,5,06:00,MIÉRCOLES,Córdoba,Andalucía,,,1,0,0,1,3,CARRETERA,VÍAS INTERURBANAS,A-435,TITULARIDAD AUTONÓMICA,VÍA CONVENCIONAL,EN X Ó +,,SIN DATO,NINGUNA (SOLO NORMA),SECA Y LIMPIA,NOCHE: ILUMINACIÓN INSUFICIENTE,BUEN TIEMPO,SIN RESTRICCIÓN,NINGUNA,N,Atropello a animales sueltos,FLUIDA,NINGUNA MEDIDA,Ave