ID_ACCIDENTE,ANIO,MES,HORA,DIASEMANA,PROVINCIA,COMUNIDAD_AUTONOMA,ISLA,MUNICIPIO,TOT_VICTIMAS,TOT_MUERTOS,TOT_HERIDOS_GRAVES,TOT_HERIDOS_LEVES,TOT_VEHICULOS_IMPLICADOS,ZONA,ZONA_AGRUPADA,CARRETERA,RED_CARRETERA,TIPO_VIA,TRAZADO_NO_INTERSEC,TIPO_INTERSEC,ACOND_CALZADA,PRIORIDAD,SUPERFICIE_CALZADA,LUMINOSIDAD,FACTORES_ATMOSFERICOS,VISIBILIDAD_RESTRINGIDA,OTRA_CIRCUNSTANCIA,ACERAS,TIPO_ACCIDENTE,DENSIDAD_CIRCULACION,MEDIDAS_ESPECIALES,COD_ANIMAL
2008140001019,2008,10,23:00,VIERNES,Córdoba,Andalucía,,Peñarroya-Pueblonuevo,2,0,0,2,1,CARRETERA,VÍAS INTERURBANAS,N-432,TITULARIDAD ESTATAL,VÍA CONVENCIONAL,EN T Ó Y,,SIN DATO,NINGUNA (SOLO NORMA),SECA Y LIMPIA,NOCHE: SIN ILUMINACIÓN,BUEN TIEMPO,SIN RESTRICCIÓN,NINGUNA,N,Salida de la vía por la izquierda sin colisión (Con vuelco),FLUIDA,NINGUNA MEDIDA,Jabalí
2008140000872,2008,8,23:00,MIÉRCOLES,Córdoba,Andalucía,,Peñarroya-Pueblonuevo,1,0,0,1,1,CARRETERA,VÍAS INTERURBANAS,A-449,TITULARIDAD AUTONÓMICA,VÍA CONVENCIONAL,EN X Ó +,,SIN DATO,NINGUNA (SOLO NORMA),SECA Y LIMPIA,NOCHE: SIN ILUMINACIÓN,BUEN TIEMPO,SIN RESTRICCIÓN,NINGUNA,N,Atropello a animales sueltos,FLUIDA,NINGUNA MEDIDA,Canino
2008140000803,2008,8,06:00,VIERNES,Córdoba,Andalucía,,Peñarroya-Pueblonuevo,1,0,0,1,1,CARRETERA,VÍAS INTERURBANAS,A-449,TITULARIDAD AUTONÓMICA,VÍA CONVENCIONAL,EN T Ó Y,,SIN DATO,NINGUNA (SOLO NORMA),SECA Y LIMPIA,NOCHE: ILUMINACIÓN INSUFICIENTE,BUEN TIEMPO,SIN RESTRICCIÓN,NINGUNA,N,Atropello a animales sueltos,FLUIDA,NINGUNA MEDIDA,Canino
2013140002379,2013,10,11:45,MARTES,Córdoba,Andalucía,,Peñarroya-Pueblonuevo,1,0,0,1,1,CARRETERA,VÍAS INTERURBANAS,N-432,TITULARIDAD ESTATAL,VÍA CONVENCIONAL,EN X Ó +,,SIN DATO,NINGUNA (SOLO NORMA),MOJADA,PLENO DÍA,LLOVIZNANDO,FACTORES ATMOSFÉRICOS,NINGUNA,N,Salida de la vía por la izquierda con colisión (Otro tipo de choque),FLUIDA,NINGUNA MEDIDA,Animal no identificado
2009140000381,2009,3,22:00,MARTES,Córdoba,Andalucía,,Posadas,1,0,0,1,1,CARRETERA,VÍAS INTERURBANAS,A-431,TITULARIDAD AUTONÓMICA,VÍA CONVENCIONAL,GIRATORIA,,SIN DATO,NINGUNA (SOLO NORMA),SECA Y LIMPIA,NOCHE: SIN ILUMINACIÓN,BUEN TIEMPO,CONFIGURACIÓN DEL TERRENO,OBRAS,N,Atropello a animales sueltos,FLUIDA,NINGUNA MEDIDA,Vacuno
2010140000064,2010,1,20:00,MARTES,Córdoba,Andalucía,,Posadas,2,0,0,2,2,CARRETERA,VÍAS INTERURBANAS,A-431,TITULARIDAD AUTONÓMICA,VÍA CONVENCIONAL,EN T Ó Y,,SIN DATO,NINGUNA (SOLO NORMA),SECA Y LIMPIA,NOCHE: SIN ILUMINACIÓN,BUEN TIEMPO,SIN RESTRICCIÓN,NINGUNA,N,Atropello a animales sueltos,FLUIDA,NINGUNA MEDIDA,Vacuno
2008140000137,2008,1,20:00,JUEVES,Córdoba,Andalucía,,Priego de Córdoba,1,0,0,1,2,CARRETERA,VÍAS INTERURBANAS,A-339,TITULARIDAD AUTONÓMICA,VÍA CONVENCIONAL,ENLACE DE ENTRADA,,SIN DATO,NINGUNA (SOLO NORMA),SECA Y LIMPIA,NOCHE: ILUMINACIÓN INSUFICIENTE,BUEN TIEMPO,CONFIGURACIÓN DEL TERRENO,FUERTE DESCENSO,N,Colisión de vehículos en marcha (Lateral),FLUIDA,NINGUNA MEDIDA,Ave
2012140000822,2012,5,20:00,DOMINGO,Córdoba,Andalucía,,Priego de Córdoba,1,0,0,1,1,ZONA URBANA,VÍAS URBANAS,,TITULARIDAD MUNICIPAL,OTRO TIPO,EN T Ó Y,,SIN DATO,NINGUNA (SOLO NORMA),SECA Y LIMPIA,PLENO DÍA,BUEN TIEMPO,SIN RESTRICCIÓN,NINGUNA,N,Atropello a animales sueltos,FLUIDA,NINGUNA MEDIDA,Canino
2012140000950,2012,7,21:00,SÁBADO,Córdoba,Andalucía,,Puente Genil,2,0,0,2,1,CARRETERA,VÍAS INTERURBANAS,CO-6224,"TITULARIDAD PROVINCIAL (DIPUTACIÓN, CABILDO O CONSELL)",VÍA CONVENCIONAL,EN X Ó +,,SIN DATO,NINGUNA (SOLO NORMA),SECA Y LIMPIA,NOCHE: ILUMINACIÓN INSUFICIENTE,BUEN TIEMPO,CONFIGURACIÓN DEL TERRENO,NINGUNA,N,Salida de la vía por la derecha con colisión (Choque con muro o edifício),FLUIDA,NINGUNA MEDIDA,Canino
2012140000444,2012,3,10:00,VIERNES,Córdoba,Andalucía,,Puente Genil,1,0,0,1,1,CARRETERA,VÍAS INTERURBANAS,CO-6302,"TITULARIDAD PROVINCIAL (DIPUTACIÓN, CABILDO O CONSELL)",VÍA CONVENCIONAL,GIRATORIA,,SIN DATO,NINGUNA (SOLO NORMA),SECA Y LIMPIA,PLENO DÍA,BUEN TIEMPO,CONFIGURACIÓN DEL TERRENO,NINGUNA,N,Atropello a animales sueltos,FLUIDA,NINGUNA MEDIDA,Canino
2012140000087,2012,1,17:00,MIÉRCOLES,Córdoba,Andalucía,,Puente Genil,1,0,0,1,1,CARRETERA,VÍAS INTERURBANAS,,OTRAS TITULARIDADES,CAMINO VECINAL,EN T Ó Y,,SIN DATO,OTRA SEÑAL,SECA Y LIMPIA,PLENO DÍA,BUEN TIEMPO,SIN RESTRICCIÓN,NINGUNA,N,Salida de la vía por la derecha sin colisión (En llano),FLUIDA,NINGUNA MEDIDA,Canino
2012140001260,2012,8,09:00,DOMINGO,Córdoba,Andalucía,,Rute,5,0,0,5,5,CARRETERA,VÍAS INTERURBANAS,A-331,TITULARIDAD AUTONÓMICA,VÍA CONVENCIONAL,EN T Ó Y,,SIN DATO,NINGUNA (SOLO NORMA),SECA Y LIMPIA,PLENO DÍA,BUEN TIEMPO,SIN RESTRICCIÓN,NINGUNA,N,Vuelco en la calzada,FLUIDA,NINGUNA MEDIDA,Canino
2013140002305,2013,10,05:50,DOMINGO,Córdoba,Andalucía,,Santaella,2,0,0,2,1,CARRETERA,VÍAS INTERURBANAS,A-379,TITULARIDAD AUTONÓMICA,VÍA CONVENCIONAL,EN T Ó Y,,SIN DATO,NINGUNA (SOLO NORMA),SECA Y LIMPIA,NOCHE: SIN ILUMINACIÓN,BUEN TIEMPO,SIN RESTRICCIÓN,NINGUNA,N,Atropello a animales sueltos,FLUIDA,NINGUNA MEDIDA,Equino
2008140000723,2008,7,02:00,LUNES,Córdoba,Andalucía,,,2,0,1,1,1,CARRETERA,VÍAS INTERURBANAS,N-502,TITULARIDAD ESTATAL,VÍA CONVENCIONAL,EN T Ó Y,,SIN DATO,NINGUNA (SOLO NORMA),SECA Y LIMPIA,NOCHE: SIN ILUMINACIÓN,BUEN TIEMPO,SIN RESTRICCIÓN,NINGUNA,N,Atropello a animales sueltos,FLUIDA,NINGUNA MEDIDA,Ovino
2011140001264,2011,10,06:00,DOMINGO,Córdoba,Andalucía,,,1,0,0,1,1,CARRETERA,VÍAS INTERURBANAS,N-502,TITULARIDAD ESTATAL,VÍA CONVENCIONAL,EN T Ó Y,,SIN DATO,NINGUNA (SOLO NORMA),SECA Y LIMPIA,NOCHE: ILUMINACIÓN INSUFICIENTE,BUEN TIEMPO,SIN RESTRICCIÓN,NINGUNA,N,Atropello a animales sueltos,FLUIDA,NINGUNA MEDIDA,Equino
2011140001222,2011,10,17:00,SÁBADO,Córdoba,Andalucía,,,1,0,0,1,1,CARRETERA,VÍAS INTERURBANAS,A-305,TITULARIDAD AUTONÓMICA,VÍA CONVENCIONAL,EN T Ó Y,,SIN DATO,NINGUNA (SOLO NORMA),SECA Y LIMPIA,PLENO DÍA,BUEN TIEMPO,SIN RESTRICCIÓN,NINGUNA,N,Vuelco en la calzada,FLUIDA,NINGUNA MEDIDA,Canino
2009140001208,2009,11,01:00,JUEVES,Córdoba,Andalucía,,,1,0,0,1,1,CARRETERA,VÍAS INTERURBANAS,CO-8406,"TITULARIDAD PROVINCIAL (DIPUTACIÓN, CABILDO O CONSELL)",VÍA CONVENCIONAL,EN T Ó Y,,SIN DATO,NINGUNA (SOLO NORMA),SECA Y LIMPIA,NOCHE: SIN ILUMINACIÓN,BUEN TIEMPO,SIN RESTRICCIÓN,NINGUNA,N,Atropello a animales sueltos,FLUIDA,NINGUNA MEDIDA,Equino
2008140001222,2008,12,07:00,LUNES,Córdoba,Andalucía,,,1,0,0,1,2,CARRETERA,VÍAS INTERURBANAS,A-421,TITULARIDAD AUTONÓMICA,VÍA CONVENCIONAL,EN T Ó Y,,SIN DATO,NINGUNA (SOLO NORMA),SECA Y LIMPIA,CREPÚSCULO,OTRO,SIN RESTRICCIÓN,NINGUNA,N,Atropello a animales sueltos,FLUIDA,NINGUNA MEDIDA,Equino
2012140000360,2012,3,13:00,DOMINGO,Córdoba,Andalucía,,,1,0,0,1,1,CARRETERA,VÍAS INTERURBANAS,N-IVa,TITULARIDAD ESTATAL,VÍA CONVENCIONAL,EN T Ó Y,,SIN DATO,NINGUNA (SOLO NORMA),SECA Y LIMPIA,PLENO DÍA,BUEN TIEMPO,SIN RESTRICCIÓN,NINGUNA,N,Atropello a animales sueltos,FLUIDA,NINGUNA MEDIDA,Canino
2012140001735,2012,10,15:00,DOMINGO,Córdoba,Andalucía,,,1,0,0,1,1,CARRETERA,VÍAS INTERURBANAS,A-421,TITULARIDAD AUTONÓMICA,VÍA CONVENCIONAL,EN T Ó Y,,SIN DATO,OTRA SEÑAL,SECA Y LIMPIA,PLENO DÍA,BUEN TIEMPO,SIN RESTRICCIÓN,OTRA,S,Salida de la vía por la izquierda con colisión (Choque con cuneta o bordillo),FLUIDA,NINGUNA MEDIDA,Canino
2009140001392,2009,12,22:00,SÁBADO,Córdoba,Andalucía,,,1,0,0,1,2,CARRETERA,VÍAS INTERURBANAS,N-432,TITULARIDAD ESTATAL,VÍA CONVENCIONAL,EN X Ó +,,SIN DATO,NINGUNA (SOLO NORMA),SECA Y LIMPIA,NOCHE: ILUMINACIÓN INSUFICIENTE,BUEN TIEMPO,OTRA_CAUSA,OBRAS,N,Colisión de vehículos en marcha (Alcance),FLUIDA,OTRA MEDIDA,Animal no identificado
2008140000960,2008,9,23:00,JUEVES,Córdoba,Andalucía,,Villanueva de Córdoba,1,0,0,1,1,CARRETERA,VÍAS INTERURBANAS,A-424,TITULARIDAD AUTONÓMICA,VÍA CONVENCIONAL,EN T Ó Y,,SIN DATO,NINGUNA (SOLO NORMA),SECA Y LIMPIA,NOCHE: SIN ILUMINACIÓN,BUEN TIEMPO,SIN RESTRICCIÓN,NINGUNA,N,Atropello a animales sueltos,FLUIDA,NINGUNA MEDIDA,Ovino
2012140001398,2012,9,21:00,MARTES,Córdoba,Andalucía,,Villanueva de Córdoba,1,0,0,1,1,CARRETERA,VÍAS INTERURBANAS,A-424,TITULARIDAD AUTONÓMICA,VÍA CONVENCIONAL,EN X Ó +,,SIN DATO,NINGUNA (SOLO NORMA),SECA Y LIMPIA,NOCHE: SIN ILUMINACIÓN,BUEN TIEMPO,SIN RESTRICCIÓN,NINGUNA,N,Atropello a animales sueltos,FLUIDA,NINGUNA MEDIDA,Vacuno
2009140000805,2009,7,07:00,VIERNES,Córdoba,Andalucía,,,1,0,0,1,1,CARRETERA,VÍAS INTERURBANAS,A-422,TITULARIDAD AUTONÓMICA,VÍA CONVENCIONAL,EN T Ó Y,,SIN DATO,NINGUNA (SOLO NORMA),SECA Y LIMPIA,CREPÚSCULO,BUEN TIEMPO,SIN RESTRICCIÓN,NINGUNA,N,Salida de la vía por la izquierda sin colisión (Con vuelco),FLUIDA,NINGUNA MEDIDA,Canino
2010140000058,2010,1,05:00,MARTES,Córdoba,Andalucía,,,1,0,0,1,1,CARRETERA,VÍAS INTERURBANAS,A-422,TITULARIDAD AUTONÓMICA,VÍA CONVENCIONAL,EN T Ó Y,,SIN DATO,NINGUNA (SOLO NORMA),SECA Y LIMPIA,NOCHE: SIN ILUMINACIÓN,BUEN TIEMPO,SIN RESTRICCIÓN,NINGUNA,N,Atropello a animales sueltos,FLUIDA,NINGUNA MEDIDA,Vacuno
2009140001210,2009,11,08:00,SÁBADO,Córdoba,Andalucía,,,1,0,0,1,1,CARRETERA,VÍAS INTERURBANAS,A-3075,TITULARIDAD AUTONÓMICA,VÍA CONVENCIONAL,EN X Ó +,,SIN DATO,NINGUNA (SOLO NORMA),SECA Y LIMPIA,NOCHE: ILUMINACIÓN INSUFICIENTE,BUEN TIEMPO,VEGETACIÓN,NINGUNA,N,Atropello a animales sueltos,FLUIDA,NINGUNA MEDIDA,Ciervo
2010140000639,2010,6,21:00,DOMINGO,Córdoba,Andalucía,,,1,0,0,1,1,CARRETERA,VÍAS INTERURBANAS,CO-6209,"TITULARIDAD PROVINCIAL (DIPUTACIÓN, CABILDO O CONSELL)",VÍA CONVENCIONAL,EN X Ó +,,SIN DATO,NINGUNA (SOLO NORMA),SECA Y LIMPIA,NOCHE: SIN ILUMINACIÓN,BUEN TIEMPO,SIN RESTRICCIÓN,NINGUNA,N,Vuelco en la calzada,FLUIDA,NINGUNA MEDIDA,Canino
2012150003239,2012,11,21:00,VIERNES,"Coruña, A",Galicia,,,12,0,0,12,23,CARRETERA,VÍAS INTERURBANAS,A-6,TITULARIDAD ESTATAL,AUTOVÍA,EN X Ó +,,SIN DATO,NINGUNA (SOLO NORMA),MOJADA,NOCHE: ILUMINACIÓN INSUFICIENTE,LLOVIZNANDO,FACTORES ATMOSFÉRICOS,OTRA,N,Colisión de vehículos en marcha (Múltiple o en caravana),DENSA,NINGUNA MEDIDA,Jabalí
2013150001352,2013,5,08:20,MIÉRCOLES,"Coruña, A",Galicia,,,1,0,0,1,1,CARRETERA,VÍAS INTERURBANAS,AC-230,TITULARIDAD AUTONÓMICA,VÍA CONVENCIONAL,EN T Ó Y,,SIN DATO,NINGUNA (SOLO NORMA),MOJADA,PLENO DÍA,LLOVIZNANDO,SIN RESTRICCIÓN,NINGUNA,N,Atropello a animales sueltos,FLUIDA,NINGUNA MEDIDA,Corzo
2012150003147,2012,11,10:00,LUNES,"Coruña, A",Galicia,,Betanzos,1,0,0,1,1,CARRETERA,VÍAS INTERURBANAS,CP-AC-0810,"TITULARIDAD PROVINCIAL (DIPUTACIÓN, CABILDO O CONSELL)",VÍA CONVENCIONAL,EN X Ó +,,SIN DATO,SOLO MARCAS VIALES,SECA Y LIMPIA,PLENO DÍA,BUEN TIEMPO,SIN RESTRICCIÓN,NINGUNA,N,Atropello a animales sueltos,FLUIDA,NINGUNA MEDIDA,Canino
2013150000908,2013,2,22:00,LUNES,"Coruña, A",Galicia,,Boiro,3,0,0,3,2,ZONA URBANA,VÍAS URBANAS,,TITULARIDAD MUNICIPAL,VÍA CONVENCIONAL,EN T Ó Y,,SIN DATO,NINGUNA (SOLO NORMA),MOJADA,NOCHE: ILUMINACIÓN INSUFICIENTE,LLOVIZNANDO,SIN RESTRICCIÓN,FUERTE DESCENSO,S,Colisión de vehículos en marcha (Alcance),FLUIDA,NINGUNA MEDIDA,Canino
2013150000504,2013,2,20:45,DOMINGO,"Coruña, A",Galicia,,Brión,1,0,0,1,2,CARRETERA,VÍAS INTERURBANAS,CG-1.5,TITULARIDAD AUTONÓMICA,VÍA PARA AUTOMÓVILES,EN T Ó Y,,SIN DATO,NINGUNA (SOLO NORMA),MOJADA,NOCHE: ILUMINACIÓN INSUFICIENTE,LLOVIZNANDO,SIN RESTRICCIÓN,NINGUNA,N,Atropello a animales sueltos,FLUIDA,NINGUNA MEDIDA,Jabalí
2010150001786,2010,6,23:00,SÁBADO,"Coruña, A",Galicia,,,2,0,2,0,1,CARRETERA,VÍAS INTERURBANAS,AC-564,TITULARIDAD AUTONÓMICA,VÍA CONVENCIONAL,EN X Ó +,,SIN DATO,NINGUNA (SOLO NORMA),UMBRÍA,NOCHE: SIN ILUMINACIÓN,NIEBLA LIGERA,OTRA_CAUSA,ESTRECHAMIENTO,N,Atropello a animales sueltos,FLUIDA,NINGUNA MEDIDA,Equino
2012150002652,2012,10,05:00,LUNES,"Coruña, A",Galicia,,Cambre,1,0,0,1,1,CARRETERA,VÍAS INTERURBANAS,AP-9,TITULARIDAD ESTATAL,AUTOPISTA,EN T Ó Y,,SIN DATO,NINGUNA (SOLO NORMA),MOJADA,NOCHE: SIN ILUMINACIÓN,NIEBLA INTENSA,FACTORES ATMOSFÉRICOS,NINGUNA,N,Atropello a animales sueltos,FLUIDA,NINGUNA MEDIDA,Jabalí
2013150002384,2013,9,23:05,VIERNES,"Coruña, A",Galicia,,Cambre,1,0,0,1,1,CARRETERA,VÍAS INTERURBANAS,DP-1704,"TITULARIDAD PROVINCIAL (DIPUTACIÓN, CABILDO O CONSELL)",VÍA CONVENCIONAL,EN X Ó +,,SIN DATO,NINGUNA (SOLO NORMA),SECA Y LIMPIA,NOCHE: ILUMINACIÓN SUFICIENTE,BUEN TIEMPO,SIN RESTRICCIÓN,NINGUNA,N,Atropello a animales sueltos,FLUIDA,NINGUNA MEDIDA,Jabalí
2013150002276,2013,8,03:00,SÁBADO,"Coruña, A",Galicia,,Cambre,1,0,0,1,1,CARRETERA,VÍAS INTERURBANAS,AC-400,TITULARIDAD AUTONÓMICA,VÍA CONVENCIONAL,EN X Ó +,,SIN DATO,SOLO MARCAS VIALES,SECA Y LIMPIA,NOCHE: SIN ILUMINACIÓN,BUEN TIEMPO,SIN RESTRICCIÓN,NINGUNA,N,Atropello a animales sueltos,FLUIDA,NINGUNA MEDIDA,Equino
2008150003819,2008,12,07:00,DOMINGO,"Coruña, A",Galicia,,Carballo,2,0,0,2,3,CARRETERA,VÍAS INTERURBANAS,AG-55,TITULARIDAD AUTONÓMICA,AUTOPISTA,EN X Ó +,,SIN DATO,NINGUNA (SOLO NORMA),SECA Y LIMPIA,NOCHE: SIN ILUMINACIÓN,BUEN TIEMPO,SIN RESTRICCIÓN,NINGUNA,N,Atropello a animales sueltos,FLUIDA,NINGUNA MEDIDA,Canino
2010150002311,2010,8,22:00,DOMINGO,"Coruña, A",Galicia,,Carballo,1,0,0,1,1,CARRETERA,VÍAS INTERURBANAS,CP-AC-1909,"TITULARIDAD PROVINCIAL (DIPUTACIÓN, CABILDO O CONSELL)",VÍA CONVENCIONAL,EN X Ó +,,SIN DATO,NINGUNA (SOLO NORMA),SECA Y LIMPIA,NOCHE: ILUMINACIÓN SUFICIENTE,BUEN TIEMPO,SIN RESTRICCIÓN,NINGUNA,N,Atropello a animales sueltos,FLUIDA,NINGUNA MEDIDA,Felino
2012150002637,2012,9,23:00,JUEVES,"Coruña, A",Galicia,,Carballo,2,0,0,2,1,CARRETERA,VÍAS INTERURBANAS,AC-418,TITULARIDAD AUTONÓMICA,VÍA CONVENCIONAL,EN X Ó +,,SIN DATO,NINGUNA (SOLO NORMA),SECA Y LIMPIA,NOCHE: SIN ILUMINACIÓN,BUEN TIEMPO,SIN RESTRICCIÓN,NINGUNA,N,Atropello a animales sueltos,FLUIDA,NINGUNA MEDIDA,Jabalí
2008150000488,2008,2,07:00,VIERNES,"Coruña, A",Galicia,,,1,0,0,1,1,CARRETERA,VÍAS INTERURBANAS,AC-550,TITULARIDAD AUTONÓMICA,VÍA CONVENCIONAL,EN T Ó Y,,SIN DATO,NINGUNA (SOLO NORMA),UMBRÍA,NOCHE: ILUMINACIÓN INSUFICIENTE,BUEN TIEMPO,SIN RESTRICCIÓN,NINGUNA,N,Atropello a animal conducido o en rebaño,FLUIDA,NINGUNA MEDIDA,Equino
2013150001559,2013,6,22:00,MARTES,"Coruña, A",Galicia,,Carral,1,0,0,1,1,CARRETERA,VÍAS INTERURBANAS,N-550,TITULARIDAD ESTATAL,VÍA CONVENCIONAL,EN T Ó Y,,SIN DATO,NINGUNA (SOLO NORMA),MOJADA,NOCHE: SIN ILUMINACIÓN,LLOVIZNANDO,CONFIGURACIÓN DEL TERRENO,NINGUNA,N,Atropello a animales sueltos,FLUIDA,NINGUNA MEDIDA,Jabalí
2011150001500,2011,6,17:00,SÁBADO,"Coruña, A",Galicia,,Cedeira,1,0,0,1,1,CARRETERA,VÍAS INTERURBANAS,AC-566,TITULARIDAD AUTONÓMICA,VÍA CONVENCIONAL,EN T Ó Y,,SIN DATO,NINGUNA (SOLO NORMA),SECA Y LIMPIA,PLENO DÍA,BUEN TIEMPO,SIN RESTRICCIÓN,NINGUNA,S,Atropello a animales sueltos,FLUIDA,NINGUNA MEDIDA,Canino
2013150001569,2013,6,18:00,MIÉRCOLES,"Coruña, A",Galicia,,Cee,1,0,0,1,1,CARRETERA,VÍAS INTERURBANAS,CAMI.SANT.,TITULARIDAD MUNICIPAL,RAMAL DE ENLACE,EN X Ó +,,SIN DATO,NINGUNA (SOLO NORMA),MOJADA,PLENO DÍA,LLOVIZNANDO,CONFIGURACIÓN DEL TERRENO,FUERTE DESCENSO,N,Salida de la vía por la derecha con colisión (Choque con cuneta o bordillo),FLUIDA,NINGUNA MEDIDA,Felino
2008150003120,2008,10,02:00,SÁBADO,"Coruña, A",Galicia,,Cerceda,3,0,0,3,1,TRAVESÍA,VÍAS URBANAS,AC-400,TITULARIDAD AUTONÓMICA,VÍA CONVENCIONAL,EN T Ó Y,,SIN DATO,NINGUNA (SOLO NORMA),SECA Y LIMPIA,NOCHE: SIN ILUMINACIÓN,BUEN TIEMPO,SIN RESTRICCIÓN,NINGUNA,N,Atropello a animales sueltos,FLUIDA,NINGUNA MEDIDA,Equino
2013150001572,2013,6,02:00,DOMINGO,"Coruña, A",Galicia,,Cerceda,1,0,0,1,1,CARRETERA,VÍAS INTERURBANAS,AC-400,TITULARIDAD AUTONÓMICA,VÍA CONVENCIONAL,EN T Ó Y,,SIN DATO,NINGUNA (SOLO NORMA),SECA Y LIMPIA,NOCHE: SIN ILUMINACIÓN,BUEN TIEMPO,SIN RESTRICCIÓN,NINGUNA,N,Atropello a animales sueltos,FLUIDA,NINGUNA MEDIDA,Equino
2011150003243,2011,11,16:00,MARTES,"Coruña, A",Galicia,,Culleredo,1,0,0,1,1,CARRETERA,VÍAS INTERURBANAS,AC-400,TITULARIDAD AUTONÓMICA,VÍA CONVENCIONAL,EN X Ó +,,SIN DATO,NINGUNA (SOLO NORMA),MOJADA,PLENO DÍA,LLUVIA FUERTE,SIN RESTRICCIÓN,NINGUNA,N,Salida de la vía por la izquierda con colisión (Otro tipo de choque),FLUIDA,NINGUNA MEDIDA,Canino
2011150003234,2011,10,21:00,DOMINGO,"Coruña, A",Galicia,,,1,0,0,1,1,CARRETERA,VÍAS INTERURBANAS,N-634,TITULARIDAD ESTATAL,VÍA CONVENCIONAL,EN T Ó Y,,SIN DATO,SOLO MARCAS VIALES,SECA Y LIMPIA,NOCHE: SIN ILUMINACIÓN,BUEN TIEMPO,SIN RESTRICCIÓN,NINGUNA,N,Atropello a animales sueltos,FLUIDA,NINGUNA MEDIDA,Jabalí
2008150000157,2008,1,12:00,LUNES,"Coruña, A",Galicia,,"Laracha, A",1,0,0,1,2,CARRETERA,VÍAS INTERURBANAS,AC-552,TITULARIDAD AUTONÓMICA,VÍA CONVENCIONAL,EN T Ó Y,,SIN DATO,NINGUNA (SOLO NORMA),UMBRÍA,PLENO DÍA,BUEN TIEMPO,SIN RESTRICCIÓN,NINGUNA,N,Otro tipo de accidente,FLUIDA,NINGUNA MEDIDA,Felino
2012150003075,2012,11,22:00,MARTES,"Coruña, A",Galicia,,"Laracha, A",2,0,0,2,4,CARRETERA,VÍAS INTERURBANAS,AG-55,TITULARIDAD AUTONÓMICA,AUTOPISTA,EN T Ó Y,,SIN DATO,SOLO MARCAS VIALES,SECA Y LIMPIA,NOCHE: ILUMINACIÓN INSUFICIENTE,BUEN TIEMPO,SIN RESTRICCIÓN,NINGUNA,N,Atropello a animales sueltos,FLUIDA,NINGUNA MEDIDA,Jabalí
2009150000598,2009,2,19:00,MIÉRCOLES,"Coruña, A",Galicia,,,1,0,0,1,1,TRAVESÍA,VÍAS URBANAS,AC-400,TITULARIDAD AUTONÓMICA,VÍA CONVENCIONAL,,EN X Ó +,NADA ESPECIAL,NINGUNA (SOLO NORMA),SECA Y LIMPIA,PLENO DÍA,BUEN TIEMPO,SIN RESTRICCIÓN,NINGUNA,N,Otro tipo de accidente,FLUIDA,NINGUNA MEDIDA,Vacuno
2009150002695,2009,9,16:00,LUNES,"Coruña, A",Galicia,,,1,0,0,1,1,CARRETERA,VÍAS INTERURBANAS,CAMINO,TITULARIDAD MUNICIPAL,CAMINO VECINAL,EN X Ó +,,SIN DATO,NINGUNA (SOLO NORMA),SECA Y LIMPIA,PLENO DÍA,BUEN TIEMPO,SIN RESTRICCIÓN,NINGUNA,N,Salida de la vía por la izquierda sin colisión (Otra),FLUIDA,NINGUNA MEDIDA,Canino
2010150004035,2010,12,19:00,MARTES,"Coruña, A",Galicia,,,1,0,0,1,1,CARRETERA,VÍAS INTERURBANAS,AC-400,TITULARIDAD AUTONÓMICA,VÍA CONVENCIONAL,EN T Ó Y,,SIN DATO,NINGUNA (SOLO NORMA),MOJADA,NOCHE: ILUMINACIÓN INSUFICIENTE,LLOVIZNANDO,SIN RESTRICCIÓN,NINGUNA,N,Atropello a animales sueltos,FLUIDA,NINGUNA MEDIDA,Canino
2013150001618,2013,6,03:45,LUNES,"Coruña, A",Galicia,,,2,0,0,2,1,CARRETERA,VÍAS INTERURBANAS,AC-524,TITULARIDAD AUTONÓMICA,VÍA CONVENCIONAL,ENLACE DE ENTRADA,,SIN DATO,NINGUNA (SOLO NORMA),SECA Y LIMPIA,NOCHE: SIN ILUMINACIÓN,BUEN TIEMPO,CONFIGURACIÓN DEL TERRENO,NINGUNA,N,Salida de la vía por la izquierda sin colisión (Con vuelco),FLUIDA,NINGUNA MEDIDA,Conejo
2010150000822,2010,3,21:00,VIERNES,"Coruña, A",Galicia,,,1,0,0,1,1,CARRETERA,VÍAS INTERURBANAS,,"TITULARIDAD PROVINCIAL (DIPUTACIÓN, CABILDO O CONSELL)",CAMINO VECINAL,,EN X Ó +,NADA ESPECIAL,NINGUNA (SOLO NORMA),SECA Y LIMPIA,CREPÚSCULO,VIENTO FUERTE,SIN RESTRICCIÓN,NINGUNA,N,Atropello a conductor de animales,FLUIDA,NINGUNA MEDIDA,Equino
2010150001447,2010,5,21:00,MARTES,"Coruña, A",Galicia,,,1,0,0,1,2,CARRETERA,VÍAS INTERURBANAS,,TITULARIDAD MUNICIPAL,CAMINO VECINAL,EN T Ó Y,,SIN DATO,NINGUNA (SOLO NORMA),SECA Y LIMPIA,PLENO DÍA,BUEN TIEMPO,SIN RESTRICCIÓN,NINGUNA,N,Colisión de vehículos en marcha (Alcance),FLUIDA,NINGUNA MEDIDA,Vacuno