ID_ACCIDENTE,ANIO,MES,HORA,DIASEMANA,PROVINCIA,COMUNIDAD_AUTONOMA,ISLA,MUNICIPIO,TOT_VICTIMAS,TOT_MUERTOS,TOT_HERIDOS_GRAVES,TOT_HERIDOS_LEVES,TOT_VEHICULOS_IMPLICADOS,ZONA,ZONA_AGRUPADA,CARRETERA,RED_CARRETERA,TIPO_VIA,TRAZADO_NO_INTERSEC,TIPO_INTERSEC,ACOND_CALZADA,PRIORIDAD,SUPERFICIE_CALZADA,LUMINOSIDAD,FACTORES_ATMOSFERICOS,VISIBILIDAD_RESTRINGIDA,OTRA_CIRCUNSTANCIA,ACERAS,TIPO_ACCIDENTE,DENSIDAD_CIRCULACION,MEDIDAS_ESPECIALES,COD_ANIMAL
2012180000769,2012,2,18:00,JUEVES,Granada,Andalucía,,Granada,1,0,0,1,1,ZONA URBANA,VÍAS URBANAS,,TITULARIDAD MUNICIPAL,OTRO TIPO,EN T Ó Y,,SIN DATO,SEMÁFORO,SECA Y LIMPIA,PLENO DÍA,BUEN TIEMPO,SIN RESTRICCIÓN,NINGUNA,S,Atropello a peatón aislado o en grupo,FLUIDA,NINGUNA MEDIDA,Ave
2012180002581,2012,10,07:00,MIÉRCOLES,Granada,Andalucía,,Granada,1,0,0,1,1,CARRETERA,VÍAS INTERURBANAS,GR-3103,"TITULARIDAD PROVINCIAL (DIPUTACIÓN, CABILDO O CONSELL)",VÍA CONVENCIONAL,EN X Ó +,,SIN DATO,OTRA SEÑAL,SECA Y LIMPIA,NOCHE: SIN ILUMINACIÓN,OTRO,SIN RESTRICCIÓN,NINGUNA,N,Atropello a animales sueltos,FLUIDA,NINGUNA MEDIDA,Equino
2012180003092,2012,9,13:00,SÁBADO,Granada,Andalucía,,Granada,1,0,0,1,1,ZONA URBANA,VÍAS URBANAS,,TITULARIDAD MUNICIPAL,OTRO TIPO,EN T Ó Y,,SIN DATO,NINGUNA (SOLO NORMA),MOJADA,PLENO DÍA,BUEN TIEMPO,OTRA_CAUSA,NINGUNA,S,Atropello a animales sueltos,FLUIDA,NINGUNA MEDIDA,Canino
2012180000261,2012,1,11:00,DOMINGO,Granada,Andalucía,,Granada,2,0,0,2,1,CARRETERA,VÍAS INTERURBANAS,A-44,TITULARIDAD ESTATAL,AUTOVÍA,EN T Ó Y,,SIN DATO,NINGUNA (SOLO NORMA),SECA Y LIMPIA,PLENO DÍA,BUEN TIEMPO,SIN RESTRICCIÓN,NINGUNA,N,Atropello a animales sueltos,FLUIDA,NINGUNA MEDIDA,Canino
2012180003311,2012,11,19:00,MIÉRCOLES,Granada,Andalucía,,Granada,1,0,0,1,1,ZONA URBANA,VÍAS URBANAS,,TITULARIDAD MUNICIPAL,OTRO TIPO,EN T Ó Y,,SIN DATO,SEMÁFORO,SECA Y LIMPIA,NOCHE: ILUMINACIÓN SUFICIENTE,BUEN TIEMPO,SIN RESTRICCIÓN,NINGUNA,N,Atropello a animales sueltos,FLUIDA,NINGUNA MEDIDA,Ave
2013180002689,2013,10,08:10,VIERNES,Granada,Andalucía,,Granada,1,0,0,1,1,ZONA URBANA,VÍAS URBANAS,,TITULARIDAD MUNICIPAL,OTRO TIPO,EN T Ó Y,,SIN DATO,NINGUNA (SOLO NORMA),SECA Y LIMPIA,PLENO DÍA,BUEN TIEMPO,SIN RESTRICCIÓN,NINGUNA,S,Atropello a animales sueltos,FLUIDA,NINGUNA MEDIDA,Canino
2008180002033,2008,8,03:00,MARTES,Granada,Andalucía,,Guadix,2,0,0,2,1,CARRETERA,VÍAS INTERURBANAS,A-92,TITULARIDAD AUTONÓMICA,AUTOVÍA,EN X Ó +,,SIN DATO,NINGUNA (SOLO NORMA),SECA Y LIMPIA,NOCHE: SIN ILUMINACIÓN,BUEN TIEMPO,SIN RESTRICCIÓN,NINGUNA,N,Atropello a animales sueltos,FLUIDA,NINGUNA MEDIDA,Canino
2008180000406,2008,2,03:00,JUEVES,Granada,Andalucía,,Guadix,3,0,2,1,1,CARRETERA,VÍAS INTERURBANAS,A-92N,TITULARIDAD AUTONÓMICA,AUTOVÍA,EN T Ó Y,,SIN DATO,NINGUNA (SOLO NORMA),SECA Y LIMPIA,NOCHE: SIN ILUMINACIÓN,BUEN TIEMPO,SIN RESTRICCIÓN,NINGUNA,N,Salida de la vía por la derecha con colisión (Choque con muro o edifício),FLUIDA,NINGUNA MEDIDA,Canino
2009180002323,2009,10,12:00,SÁBADO,Granada,Andalucía,,Guadix,1,0,0,1,1,CARRETERA,VÍAS INTERURBANAS,A-92,TITULARIDAD AUTONÓMICA,AUTOVÍA,EN X Ó +,,SIN DATO,NINGUNA (SOLO NORMA),SECA Y LIMPIA,PLENO DÍA,BUEN TIEMPO,SIN RESTRICCIÓN,NINGUNA,N,Salida de la vía por la derecha con colisión (Choque con muro o edifício),FLUIDA,NINGUNA MEDIDA,Canino
2013180000190,2013,1,00:15,SÁBADO,Granada,Andalucía,,Guadix,1,0,0,1,1,CARRETERA,VÍAS INTERURBANAS,A-92,TITULARIDAD AUTONÓMICA,AUTOVÍA,EN T Ó Y,,SIN DATO,NINGUNA (SOLO NORMA),SECA Y LIMPIA,NOCHE: ILUMINACIÓN INSUFICIENTE,BUEN TIEMPO,SIN RESTRICCIÓN,NINGUNA,N,Atropello a animales sueltos,FLUIDA,NINGUNA MEDIDA,Zorro
2009180001830,2009,8,21:00,JUEVES,Granada,Andalucía,,,2,0,0,2,1,CARRETERA,VÍAS INTERURBANAS,N-340,TITULARIDAD ESTATAL,VÍA CONVENCIONAL,ENLACE DE SALIDA,,SIN DATO,NINGUNA (SOLO NORMA),SECA Y LIMPIA,NOCHE: SIN ILUMINACIÓN,BUEN TIEMPO,CONFIGURACIÓN DEL TERRENO,NINGUNA,N,Atropello a animales sueltos,FLUIDA,NINGUNA MEDIDA,Cabra montés
2008180002211,2008,9,08:00,JUEVES,Granada,Andalucía,,Huéscar,1,0,0,1,1,CARRETERA,VÍAS INTERURBANAS,A-330,TITULARIDAD AUTONÓMICA,VÍA CONVENCIONAL,EN T Ó Y,,SIN DATO,NINGUNA (SOLO NORMA),SECA Y LIMPIA,PLENO DÍA,BUEN TIEMPO,SIN RESTRICCIÓN,NINGUNA,N,Atropello a animales sueltos,FLUIDA,NINGUNA MEDIDA,Ave
2010180000812,2010,4,16:00,JUEVES,Granada,Andalucía,,Huéscar,1,0,0,1,1,CARRETERA,VÍAS INTERURBANAS,GR-9101,"TITULARIDAD PROVINCIAL (DIPUTACIÓN, CABILDO O CONSELL)",VÍA CONVENCIONAL,EN T Ó Y,,SIN DATO,NINGUNA (SOLO NORMA),SECA Y LIMPIA,PLENO DÍA,BUEN TIEMPO,SIN RESTRICCIÓN,NINGUNA,N,Atropello a animales sueltos,FLUIDA,NINGUNA MEDIDA,Otro animal
2009180001311,2009,6,22:00,DOMINGO,Granada,Andalucía,,,1,0,0,1,1,CARRETERA,VÍAS INTERURBANAS,A-92,TITULARIDAD AUTONÓMICA,AUTOVÍA,EN T Ó Y,,SIN DATO,NINGUNA (SOLO NORMA),SECA Y LIMPIA,NOCHE: SIN ILUMINACIÓN,BUEN TIEMPO,OTRA_CAUSA,NINGUNA,N,Atropello a animales sueltos,FLUIDA,NINGUNA MEDIDA,Canino
2011180001899,2011,9,00:00,JUEVES,Granada,Andalucía,,,1,0,0,1,2,CARRETERA,VÍAS INTERURBANAS,A-92,TITULARIDAD AUTONÓMICA,AUTOVÍA,EN X Ó +,,SIN DATO,NINGUNA (SOLO NORMA),SECA Y LIMPIA,NOCHE: SIN ILUMINACIÓN,BUEN TIEMPO,SIN RESTRICCIÓN,NINGUNA,N,Atropello a animales sueltos,FLUIDA,NINGUNA MEDIDA,Equino
2012180002143,2012,9,11:00,VIERNES,Granada,Andalucía,,,1,0,0,1,1,CARRETERA,VÍAS INTERURBANAS,A-92,TITULARIDAD AUTONÓMICA,AUTOVÍA,EN X Ó +,,SIN DATO,SOLO MARCAS VIALES,SECA Y LIMPIA,PLENO DÍA,BUEN TIEMPO,SIN RESTRICCIÓN,NINGUNA,N,Atropello a animales sueltos,FLUIDA,NINGUNA MEDIDA,Ovino
2009180001067,2009,5,05:00,MARTES,Granada,Andalucía,,Huétor Tájar,1,0,0,1,1,CARRETERA,VÍAS INTERURBANAS,A-92,TITULARIDAD AUTONÓMICA,AUTOVÍA,EN T Ó Y,,SIN DATO,NINGUNA (SOLO NORMA),SECA Y LIMPIA,NOCHE: SIN ILUMINACIÓN,BUEN TIEMPO,SIN RESTRICCIÓN,NINGUNA,N,Atropello a animales sueltos,FLUIDA,NINGUNA MEDIDA,Canino
2013180003556,2013,12,12:15,VIERNES,Granada,Andalucía,,Huétor Tájar,1,0,0,1,1,CARRETERA,VÍAS INTERURBANAS,A-92,TITULARIDAD AUTONÓMICA,AUTOVÍA,EN T Ó Y,,SIN DATO,NINGUNA (SOLO NORMA),SECA Y LIMPIA,PLENO DÍA,BUEN TIEMPO,SIN RESTRICCIÓN,NINGUNA,N,Atropello a animales sueltos,FLUIDA,NINGUNA MEDIDA,Canino
2008180001816,2008,7,05:00,MIÉRCOLES,Granada,Andalucía,,Iznalloz,2,0,1,1,1,CARRETERA,VÍAS INTERURBANAS,A-44,TITULARIDAD ESTATAL,AUTOVÍA,EN T Ó Y,,SIN DATO,NINGUNA (SOLO NORMA),SECA Y LIMPIA,NOCHE: SIN ILUMINACIÓN,BUEN TIEMPO,SIN RESTRICCIÓN,NINGUNA,N,Salida de la vía por la izquierda sin colisión (Con vuelco),FLUIDA,NINGUNA MEDIDA,Zorro
2013180001368,2013,6,23:00,LUNES,Granada,Andalucía,,,1,0,0,1,2,CARRETERA,VÍAS INTERURBANAS,A-92,TITULARIDAD AUTONÓMICA,AUTOVÍA,EN T Ó Y,,SIN DATO,NINGUNA (SOLO NORMA),SECA Y LIMPIA,NOCHE: SIN ILUMINACIÓN,BUEN TIEMPO,SIN RESTRICCIÓN,NINGUNA,N,Atropello a animales sueltos,FLUIDA,NINGUNA MEDIDA,Equino
2013180002181,2013,8,14:20,MARTES,Granada,Andalucía,,,1,0,1,0,1,CARRETERA,VÍAS INTERURBANAS,GR-0022,OTRAS TITULARIDADES,CAMINO VECINAL,ENLACE DE ENTRADA,,SIN DATO,SOLO MARCAS VIALES,SECA Y LIMPIA,PLENO DÍA,BUEN TIEMPO,SIN RESTRICCIÓN,NINGUNA,N,Salida de la vía por la derecha con colisión (Choque con muro o edifício),FLUIDA,NINGUNA MEDIDA,Canino
2010180001322,2010,6,05:00,SÁBADO,Granada,Andalucía,,Loja,1,0,0,1,1,CARRETERA,VÍAS INTERURBANAS,N-342,TITULARIDAD AUTONÓMICA,VÍA CONVENCIONAL,GIRATORIA,,SIN DATO,NINGUNA (SOLO NORMA),SECA Y LIMPIA,NOCHE: ILUMINACIÓN INSUFICIENTE,BUEN TIEMPO,SIN RESTRICCIÓN,NINGUNA,N,Atropello a animales sueltos,FLUIDA,NINGUNA MEDIDA,Felino
2013180000861,2013,4,02:30,MIÉRCOLES,Granada,Andalucía,,Loja,3,0,0,3,1,CARRETERA,VÍAS INTERURBANAS,A-92,TITULARIDAD AUTONÓMICA,AUTOVÍA,EN X Ó +,,SIN DATO,NINGUNA (SOLO NORMA),SECA Y LIMPIA,NOCHE: ILUMINACIÓN INSUFICIENTE,BUEN TIEMPO,SIN RESTRICCIÓN,NINGUNA,N,Atropello a animales sueltos,FLUIDA,NINGUNA MEDIDA,Jabalí
2013180000867,2013,4,16:00,MIÉRCOLES,Granada,Andalucía,,,1,0,0,1,1,CARRETERA,VÍAS INTERURBANAS,CV-1180,TITULARIDAD MUNICIPAL,CAMINO VECINAL,EN X Ó +,,SIN DATO,NINGUNA (SOLO NORMA),SECA Y LIMPIA,PLENO DÍA,BUEN TIEMPO,VEGETACIÓN,NINGUNA,N,Atropello a animal conducido o en rebaño,FLUIDA,NINGUNA MEDIDA,Ovino
2011180000732,2011,4,16:00,LUNES,Granada,Andalucía,,,2,0,1,1,1,CARRETERA,VÍAS INTERURBANAS,GR-3411,"TITULARIDAD PROVINCIAL (DIPUTACIÓN, CABILDO O CONSELL)",VÍA CONVENCIONAL,EN T Ó Y,,SIN DATO,SOLO MARCAS VIALES,SECA Y LIMPIA,PLENO DÍA,BUEN TIEMPO,SIN RESTRICCIÓN,NINGUNA,N,Salida de la vía por la izquierda con colisión (Choque con árbol o poste),FLUIDA,NINGUNA MEDIDA,Canino
2009180002314,2009,10,20:00,LUNES,Granada,Andalucía,,Monachil,1,0,0,1,1,CARRETERA,VÍAS INTERURBANAS,A-395,TITULARIDAD AUTONÓMICA,VÍA CONVENCIONAL,EN T Ó Y,,SIN DATO,NINGUNA (SOLO NORMA),SECA Y LIMPIA,NOCHE: SIN ILUMINACIÓN,BUEN TIEMPO,SIN RESTRICCIÓN,NINGUNA,N,Atropello a animales sueltos,FLUIDA,NINGUNA MEDIDA,Vacuno
2011180002375,2011,9,07:00,VIERNES,Granada,Andalucía,,,1,0,0,1,1,ZONA URBANA,VÍAS URBANAS,,TITULARIDAD MUNICIPAL,OTRO TIPO,EN T Ó Y,,SIN DATO,NINGUNA (SOLO NORMA),SECA Y LIMPIA,PLENO DÍA,BUEN TIEMPO,SIN RESTRICCIÓN,NINGUNA,N,Atropello a animales sueltos,FLUIDA,NINGUNA MEDIDA,Canino
2013180002385,2013,9,23:30,LUNES,Granada,Andalucía,,,1,0,0,1,1,CARRETERA,VÍAS INTERURBANAS,A-92,TITULARIDAD AUTONÓMICA,AUTOVÍA,EN T Ó Y,,SIN DATO,NINGUNA (SOLO NORMA),SECA Y LIMPIA,NOCHE: SIN ILUMINACIÓN,BUEN TIEMPO,SIN RESTRICCIÓN,NINGUNA,N,Atropello a animales sueltos,FLUIDA,NINGUNA MEDIDA,Canino
2008180003175,2008,12,19:00,DOMINGO,Granada,Andalucía,,Motril,1,0,0,1,1,CARRETERA,VÍAS INTERURBANAS,GR-5209,"TITULARIDAD PROVINCIAL (DIPUTACIÓN, CABILDO O CONSELL)",VÍA CONVENCIONAL,EN T Ó Y,,SIN DATO,NINGUNA (SOLO NORMA),SECA Y LIMPIA,NOCHE: SIN ILUMINACIÓN,BUEN TIEMPO,SIN RESTRICCIÓN,NINGUNA,N,Atropello a animales sueltos,FLUIDA,NINGUNA MEDIDA,Equino
2011180001383,2011,7,05:00,LUNES,Granada,Andalucía,,Motril,3,0,2,1,1,CARRETERA,VÍAS INTERURBANAS,N-340,TITULARIDAD ESTATAL,VÍA CONVENCIONAL,EN T Ó Y,,SIN DATO,SOLO MARCAS VIALES,SECA Y LIMPIA,NOCHE: SIN ILUMINACIÓN,BUEN TIEMPO,SIN RESTRICCIÓN,NINGUNA,N,Atropello a animales sueltos,FLUIDA,NINGUNA MEDIDA,Equino
2012180003289,2012,1,19:00,MIÉRCOLES,Granada,Andalucía,,Motril,1,0,1,0,1,ZONA URBANA,VÍAS URBANAS,,TITULARIDAD MUNICIPAL,OTRO TIPO,EN T Ó Y,,SIN DATO,NINGUNA (SOLO NORMA),SECA Y LIMPIA,NOCHE: ILUMINACIÓN SUFICIENTE,BUEN TIEMPO,SIN RESTRICCIÓN,NINGUNA,S,Atropello a animales sueltos,FLUIDA,NINGUNA MEDIDA,Ave
2012180003354,2012,12,02:00,SÁBADO,Granada,Andalucía,,Motril,1,0,0,1,1,CARRETERA,VÍAS INTERURBANAS,N-323,TITULARIDAD ESTATAL,VÍA CONVENCIONAL,EN T Ó Y,,SIN DATO,NINGUNA (SOLO NORMA),SECA Y LIMPIA,NOCHE: ILUMINACIÓN INSUFICIENTE,BUEN TIEMPO,SIN RESTRICCIÓN,NINGUNA,N,Atropello a animales sueltos,FLUIDA,NINGUNA MEDIDA,Ave
2012180003181,2012,12,10:00,MIÉRCOLES,Granada,Andalucía,,Padul,1,0,0,1,1,CARRETERA,VÍAS INTERURBANAS,A-44,TITULARIDAD ESTATAL,AUTOVÍA,EN T Ó Y,,SIN DATO,NINGUNA (SOLO NORMA),SECA Y LIMPIA,PLENO DÍA,BUEN TIEMPO,SIN RESTRICCIÓN,NINGUNA,N,Atropello a animales sueltos,FLUIDA,NINGUNA MEDIDA,Canino
2012180003353,2012,12,02:00,DOMINGO,Granada,Andalucía,,Padul,3,0,0,3,2,CARRETERA,VÍAS INTERURBANAS,A-44,TITULARIDAD ESTATAL,AUTOVÍA,EN T Ó Y,,SIN DATO,NINGUNA (SOLO NORMA),SECA Y LIMPIA,NOCHE: ILUMINACIÓN INSUFICIENTE,BUEN TIEMPO,SIN RESTRICCIÓN,NINGUNA,N,Atropello a animales sueltos,FLUIDA,NINGUNA MEDIDA,Animal no identificado
2013180002231,2013,7,18:00,LUNES,Granada,Andalucía,,Padul,1,0,0,1,1,ZONA URBANA,VÍAS URBANAS,,TITULARIDAD MUNICIPAL,OTRO TIPO,,EN X Ó +,NADA ESPECIAL,NINGUNA (SOLO NORMA),SECA Y LIMPIA,PLENO DÍA,BUEN TIEMPO,OTRA_CAUSA,NINGUNA,S,Atropello a animales sueltos,FLUIDA,NINGUNA MEDIDA,Ave
2013180000363,2013,2,08:15,VIERNES,Granada,Andalucía,,Padul,2,0,0,2,2,CARRETERA,VÍAS INTERURBANAS,A-44,TITULARIDAD ESTATAL,AUTOVÍA,EN X Ó +,,SIN DATO,NINGUNA (SOLO NORMA),SECA Y LIMPIA,PLENO DÍA,BUEN TIEMPO,DESLUMBRAMIENTO,NINGUNA,N,Colisión de vehículo con obstáculo en calzada (Vehículo estacionado o averiado),FLUIDA,NINGUNA MEDIDA,Canino
2010180001825,2010,8,20:00,SÁBADO,Granada,Andalucía,,,1,0,0,1,1,CARRETERA,VÍAS INTERURBANAS,GR-4104,"TITULARIDAD PROVINCIAL (DIPUTACIÓN, CABILDO O CONSELL)",VÍA CONVENCIONAL,EN X Ó +,,SIN DATO,NINGUNA (SOLO NORMA),SECA Y LIMPIA,CREPÚSCULO,BUEN TIEMPO,SIN RESTRICCIÓN,NINGUNA,N,Atropello a animales sueltos,FLUIDA,NINGUNA MEDIDA,Equino
2011180000686,2011,3,18:00,JUEVES,Granada,Andalucía,,,1,0,0,1,1,CARRETERA,VÍAS INTERURBANAS,GR-3200,"TITULARIDAD PROVINCIAL (DIPUTACIÓN, CABILDO O CONSELL)",VÍA CONVENCIONAL,GIRATORIA,,SIN DATO,NINGUNA (SOLO NORMA),SECA Y LIMPIA,PLENO DÍA,BUEN TIEMPO,SIN RESTRICCIÓN,NINGUNA,N,Atropello a animales sueltos,FLUIDA,NINGUNA MEDIDA,Ave
2012180003230,2012,12,11:00,DOMINGO,Granada,Andalucía,,,2,0,0,2,1,CARRETERA,VÍAS INTERURBANAS,A-395,TITULARIDAD AUTONÓMICA,VÍA CONVENCIONAL,EN X Ó +,,SIN DATO,NINGUNA (SOLO NORMA),SECA Y LIMPIA,PLENO DÍA,BUEN TIEMPO,SIN RESTRICCIÓN,NINGUNA,N,Atropello a animales sueltos,FLUIDA,NINGUNA MEDIDA,Caprino
2010180002484,2010,11,22:00,SÁBADO,Granada,Andalucía,,,1,0,1,0,1,CARRETERA,VÍAS INTERURBANAS,A-330,TITULARIDAD AUTONÓMICA,VÍA CONVENCIONAL,EN T Ó Y,,SIN DATO,NINGUNA (SOLO NORMA),SECA Y LIMPIA,NOCHE: SIN ILUMINACIÓN,BUEN TIEMPO,SIN RESTRICCIÓN,NINGUNA,N,Atropello a animales sueltos,FLUIDA,NINGUNA MEDIDA,Jabalí
2013180002118,2013,8,23:30,DOMINGO,Granada,Andalucía,,,1,0,0,1,1,CARRETERA,VÍAS INTERURBANAS,A-330,TITULARIDAD AUTONÓMICA,VÍA CONVENCIONAL,EN X Ó +,,SIN DATO,NINGUNA (SOLO NORMA),SECA Y LIMPIA,NOCHE: SIN ILUMINACIÓN,BUEN TIEMPO,SIN RESTRICCIÓN,NINGUNA,N,Atropello a animales sueltos,FLUIDA,NINGUNA MEDIDA,Jabalí
2012180003391,2012,12,17:00,LUNES,Granada,Andalucía,,Pulianas,1,0,0,1,1,CARRETERA,VÍAS INTERURBANAS,A-44,TITULARIDAD ESTATAL,AUTOVÍA,EN X Ó +,,SIN DATO,NINGUNA (SOLO NORMA),SECA Y LIMPIA,PLENO DÍA,BUEN TIEMPO,SIN RESTRICCIÓN,NINGUNA,N,Atropello a animales sueltos,FLUIDA,NINGUNA MEDIDA,Canino
2013180002670,2013,10,22:15,MIÉRCOLES,Granada,Andalucía,,Pulianas,1,0,1,0,1,CARRETERA,VÍAS INTERURBANAS,A-4006,TITULARIDAD AUTONÓMICA,VÍA CONVENCIONAL,EN T Ó Y,,SIN DATO,NINGUNA (SOLO NORMA),SECA Y LIMPIA,NOCHE: SIN ILUMINACIÓN,BUEN TIEMPO,SIN RESTRICCIÓN,NINGUNA,N,Atropello a animales sueltos,FLUIDA,NINGUNA MEDIDA,Equino
2013180002711,2013,10,11:15,SÁBADO,Granada,Andalucía,,,3,0,0,3,1,CARRETERA,VÍAS INTERURBANAS,A-92,TITULARIDAD AUTONÓMICA,AUTOVÍA,EN X Ó +,,SIN DATO,NINGUNA (SOLO NORMA),SECA Y LIMPIA,PLENO DÍA,BUEN TIEMPO,SIN RESTRICCIÓN,NINGUNA,N,Atropello a animales sueltos,FLUIDA,NINGUNA MEDIDA,Canino
2008180001412,2008,6,22:00,SÁBADO,Granada,Andalucía,,Salobreña,6,0,0,6,3,CARRETERA,VÍAS INTERURBANAS,N-340,TITULARIDAD ESTATAL,VÍA CONVENCIONAL,EN X Ó +,,SIN DATO,NINGUNA (SOLO NORMA),SECA Y LIMPIA,NOCHE: SIN ILUMINACIÓN,BUEN TIEMPO,SIN RESTRICCIÓN,NINGUNA,N,Atropello a animales sueltos,DENSA,NINGUNA MEDIDA,Equino
2009180002419,2009,11,20:00,DOMINGO,Granada,Andalucía,,Salobreña,2,0,0,2,1,CARRETERA,VÍAS INTERURBANAS,CV-1053,TITULARIDAD MUNICIPAL,CAMINO VECINAL,,EN T Ó Y,NADA ESPECIAL,NINGUNA (SOLO NORMA),SECA Y LIMPIA,NOCHE: ILUMINACIÓN INSUFICIENTE,VIENTO FUERTE,CONFIGURACIÓN DEL TERRENO,OTRA,N,Atropello a animales sueltos,FLUIDA,NINGUNA MEDIDA,Equino
2009180001313,2009,6,00:00,DOMINGO,Granada,Andalucía,,Santa Fe,2,0,1,1,1,CARRETERA,VÍAS INTERURBANAS,GR-3405,"TITULARIDAD PROVINCIAL (DIPUTACIÓN, CABILDO O CONSELL)",VÍA CONVENCIONAL,EN T Ó Y,,SIN DATO,SOLO MARCAS VIALES,SECA Y LIMPIA,NOCHE: SIN ILUMINACIÓN,BUEN TIEMPO,SIN RESTRICCIÓN,NINGUNA,N,Atropello a animales sueltos,FLUIDA,NINGUNA MEDIDA,Equino
2008180002615,2008,10,14:00,JUEVES,Granada,Andalucía,,,1,0,0,1,1,CARRETERA,VÍAS INTERURBANAS,GR-4403,"TITULARIDAD PROVINCIAL (DIPUTACIÓN, CABILDO O CONSELL)",VÍA CONVENCIONAL,EN T Ó Y,,SIN DATO,NINGUNA (SOLO NORMA),SECA Y LIMPIA,PLENO DÍA,BUEN TIEMPO,SIN RESTRICCIÓN,NINGUNA,N,Atropello a animales sueltos,FLUIDA,NINGUNA MEDIDA,Canino
2008180002089,2008,9,22:00,MARTES,Granada,Andalucía,,,1,0,0,1,1,CARRETERA,VÍAS INTERURBANAS,A-315,TITULARIDAD AUTONÓMICA,VÍA CONVENCIONAL,EN X Ó +,,SIN DATO,NINGUNA (SOLO NORMA),SECA Y LIMPIA,NOCHE: ILUMINACIÓN INSUFICIENTE,BUEN TIEMPO,SIN RESTRICCIÓN,NINGUNA,N,Atropello a animal conducido o en rebaño,FLUIDA,NINGUNA MEDIDA,Ovino
2013190000769,2013,12,11:10,DOMINGO,Guadalajara,Castilla-La Mancha,,,1,0,0,1,2,CARRETERA,VÍAS INTERURBANAS,CM-2113,TITULARIDAD AUTONÓMICA,VÍA CONVENCIONAL,EN T Ó Y,,SIN DATO,NINGUNA (SOLO NORMA),SECA Y LIMPIA,PLENO DÍA,BUEN TIEMPO,SIN RESTRICCIÓN,NINGUNA,N,Atropello a animales sueltos,FLUIDA,NINGUNA MEDIDA,Corzo
2010190000244,2010,4,21:00,SÁBADO,Guadalajara,Castilla-La Mancha,,,1,0,0,1,1,CARRETERA,VÍAS INTERURBANAS,N-211,TITULARIDAD ESTATAL,VÍA CONVENCIONAL,EN T Ó Y,,SIN DATO,NINGUNA (SOLO NORMA),SECA Y LIMPIA,NOCHE: SIN ILUMINACIÓN,BUEN TIEMPO,SIN RESTRICCIÓN,NINGUNA,N,Atropello a animales sueltos,FLUIDA,NINGUNA MEDIDA,Jabalí
2013190000779,2013,12,06:45,DOMINGO,Guadalajara,Castilla-La Mancha,,,1,0,0,1,1,CARRETERA,VÍAS INTERURBANAS,CM-2028,TITULARIDAD AUTONÓMICA,VÍA CONVENCIONAL,EN T Ó Y,,SIN DATO,NINGUNA (SOLO NORMA),SECA Y LIMPIA,NOCHE: SIN ILUMINACIÓN,NIEBLA INTENSA,SIN RESTRICCIÓN,NINGUNA,N,Atropello a animales sueltos,FLUIDA,NINGUNA MEDIDA,Equino
2012190000792,2012,11,18:00,SÁBADO,Guadalajara,Castilla-La Mancha,,Azuqueca de Henares,1,0,0,1,3,CARRETERA,VÍAS INTERURBANAS,A-2,TITULARIDAD ESTATAL,AUTOVÍA,EN T Ó Y,,SIN DATO,NINGUNA (SOLO NORMA),SECA Y LIMPIA,NOCHE: ILUMINACIÓN INSUFICIENTE,BUEN TIEMPO,SIN RESTRICCIÓN,NINGUNA,N,Colisión de vehículos en marcha (Múltiple o en caravana),FLUIDA,NINGUNA MEDIDA,Animal no identificado
2008190000156,2008,2,17:00,SÁBADO,Guadalajara,Castilla-La Mancha,,Cabanillas del Campo,1,0,0,1,1,CARRETERA,VÍAS INTERURBANAS,N-320,TITULARIDAD ESTATAL,VÍA CONVENCIONAL,EN T Ó Y,,SIN DATO,NINGUNA (SOLO NORMA),SECA Y LIMPIA,PLENO DÍA,BUEN TIEMPO,SIN RESTRICCIÓN,NINGUNA,N,Salida de la vía por la derecha sin colisión (Con vuelco),FLUIDA,NINGUNA MEDIDA,Zorro
2013190000534,2013,9,10:10,DOMINGO,Guadalajara,Castilla-La Mancha,,,1,0,0,1,1,CARRETERA,VÍAS INTERURBANAS,CM-1001,TITULARIDAD AUTONÓMICA,VÍA CONVENCIONAL,EN T Ó Y,,SIN DATO,NINGUNA (SOLO NORMA),SECA Y LIMPIA,PLENO DÍA,BUEN TIEMPO,SIN RESTRICCIÓN,NINGUNA,N,Atropello a animal conducido o en rebaño,FLUIDA,NINGUNA MEDIDA,Ovino
2011190000127,2011,2,23:00,SÁBADO,Guadalajara,Castilla-La Mancha,,"Casar, El",1,0,0,1,1,CARRETERA,VÍAS INTERURBANAS,GU-1057,"TITULARIDAD PROVINCIAL (DIPUTACIÓN, CABILDO O CONSELL)",VÍA CONVENCIONAL,EN T Ó Y,,SIN DATO,NINGUNA (SOLO NORMA),SECA Y LIMPIA,NOCHE: SIN ILUMINACIÓN,BUEN TIEMPO,SIN RESTRICCIÓN,NINGUNA,N,Atropello a animales sueltos,FLUIDA,NINGUNA MEDIDA,Jabalí
2012190000433,2012,6,09:00,VIERNES,Guadalajara,Castilla-La Mancha,,,1,0,0,1,1,TRAVESÍA,VÍAS URBANAS,,"TITULARIDAD PROVINCIAL (DIPUTACIÓN, CABILDO O CONSELL)",CAMINO VECINAL,EN T Ó Y,,SIN DATO,NINGUNA (SOLO NORMA),OTRO TIPO,PLENO DÍA,BUEN TIEMPO,VEGETACIÓN,OTRA,N,Atropello a animales sueltos,FLUIDA,NINGUNA MEDIDA,Corzo