ID_ACCIDENTE,ANIO,MES,HORA,DIASEMANA,PROVINCIA,COMUNIDAD_AUTONOMA,ISLA,MUNICIPIO,TOT_VICTIMAS,TOT_MUERTOS,TOT_HERIDOS_GRAVES,TOT_HERIDOS_LEVES,TOT_VEHICULOS_IMPLICADOS,ZONA,ZONA_AGRUPADA,CARRETERA,RED_CARRETERA,TIPO_VIA,TRAZADO_NO_INTERSEC,TIPO_INTERSEC,ACOND_CALZADA,PRIORIDAD,SUPERFICIE_CALZADA,LUMINOSIDAD,FACTORES_ATMOSFERICOS,VISIBILIDAD_RESTRINGIDA,OTRA_CIRCUNSTANCIA,ACERAS,TIPO_ACCIDENTE,DENSIDAD_CIRCULACION,MEDIDAS_ESPECIALES,COD_ANIMAL
2012190000578,2012,8,22:00,MARTES,Guadalajara,Castilla-La Mancha,,,2,0,0,2,1,CARRETERA,VÍAS INTERURBANAS,CM-101,TITULARIDAD AUTONÓMICA,VÍA CONVENCIONAL,EN T Ó Y,,SIN DATO,NINGUNA (SOLO NORMA),SECA Y LIMPIA,NOCHE: ILUMINACIÓN INSUFICIENTE,BUEN TIEMPO,SIN RESTRICCIÓN,NINGUNA,N,Atropello a animales sueltos,FLUIDA,NINGUNA MEDIDA,Jabalí
2012190000659,2012,9,07:00,DOMINGO,Guadalajara,Castilla-La Mancha,,,3,0,0,3,1,CARRETERA,VÍAS INTERURBANAS,CM-1003,TITULARIDAD AUTONÓMICA,VÍA CONVENCIONAL,EN X Ó +,,SIN DATO,NINGUNA (SOLO NORMA),SECA Y LIMPIA,NOCHE: ILUMINACIÓN INSUFICIENTE,BUEN TIEMPO,CONFIGURACIÓN DEL TERRENO,NINGUNA,N,Salida de la vía por la izquierda sin colisión (Otra),FLUIDA,NINGUNA MEDIDA,Animal no identificado
2009190000162,2009,3,14:00,VIERNES,Guadalajara,Castilla-La Mancha,,,1,0,0,1,1,CARRETERA,VÍAS INTERURBANAS,CM-1002,TITULARIDAD AUTONÓMICA,VÍA CONVENCIONAL,EN T Ó Y,,SIN DATO,NINGUNA (SOLO NORMA),SECA Y LIMPIA,PLENO DÍA,BUEN TIEMPO,SIN RESTRICCIÓN,NINGUNA,N,Salida de la vía por la derecha sin colisión (Con vuelco),FLUIDA,NINGUNA MEDIDA,Ave
2008190000808,2008,10,20:00,MARTES,Guadalajara,Castilla-La Mancha,,Guadalajara,1,0,0,1,1,CARRETERA,VÍAS INTERURBANAS,CM-1002,TITULARIDAD AUTONÓMICA,VÍA CONVENCIONAL,EN T Ó Y,,SIN DATO,NINGUNA (SOLO NORMA),SECA Y LIMPIA,NOCHE: SIN ILUMINACIÓN,BUEN TIEMPO,CONFIGURACIÓN DEL TERRENO,CAMBIO DE RASANTE,N,Atropello a animales sueltos,FLUIDA,NINGUNA MEDIDA,Corzo
2010190000045,2009,12,17:00,SÁBADO,Guadalajara,Castilla-La Mancha,,Guadalajara,1,0,1,0,1,ZONA URBANA,VÍAS URBANAS,,TITULARIDAD MUNICIPAL,OTRO TIPO,EN T Ó Y,,SIN DATO,NINGUNA (SOLO NORMA),SECA Y LIMPIA,PLENO DÍA,BUEN TIEMPO,SIN RESTRICCIÓN,NINGUNA,S,Atropello a animales sueltos,FLUIDA,NINGUNA MEDIDA,Ave
2011190000645,2011,10,15:00,DOMINGO,Guadalajara,Castilla-La Mancha,,,2,0,1,1,1,CARRETERA,VÍAS INTERURBANAS,N-320a,TITULARIDAD ESTATAL,VÍA CONVENCIONAL,EN T Ó Y,,SIN DATO,NINGUNA (SOLO NORMA),SECA Y LIMPIA,PLENO DÍA,BUEN TIEMPO,SIN RESTRICCIÓN,NINGUNA,N,Atropello a animales sueltos,FLUIDA,NINGUNA MEDIDA,Caprino
2012190000827,2012,11,20:00,MARTES,Guadalajara,Castilla-La Mancha,,,3,0,0,3,1,CARRETERA,VÍAS INTERURBANAS,N-211,TITULARIDAD ESTATAL,VÍA CONVENCIONAL,EN T Ó Y,,SIN DATO,SOLO MARCAS VIALES,SECA Y LIMPIA,NOCHE: ILUMINACIÓN INSUFICIENTE,BUEN TIEMPO,SIN RESTRICCIÓN,NINGUNA,N,Atropello a animales sueltos,FLUIDA,NINGUNA MEDIDA,Ciervo
2012190000865,2012,12,22:00,LUNES,Guadalajara,Castilla-La Mancha,,,1,0,0,1,1,CARRETERA,VÍAS INTERURBANAS,CM-101,TITULARIDAD AUTONÓMICA,VÍA CONVENCIONAL,EN T Ó Y,,SIN DATO,NINGUNA (SOLO NORMA),SECA Y LIMPIA,NOCHE: SIN ILUMINACIÓN,BUEN TIEMPO,SIN RESTRICCIÓN,NINGUNA,N,Atropello a animales sueltos,FLUIDA,NINGUNA MEDIDA,Jabalí
2012190000185,2012,3,21:00,DOMINGO,Guadalajara,Castilla-La Mancha,,,1,0,0,1,3,CARRETERA,VÍAS INTERURBANAS,CM-101,TITULARIDAD AUTONÓMICA,VÍA CONVENCIONAL,EN T Ó Y,,SIN DATO,NINGUNA (SOLO NORMA),SECA Y LIMPIA,NOCHE: SIN ILUMINACIÓN,BUEN TIEMPO,SIN RESTRICCIÓN,NINGUNA,N,Colisión de vehículos en marcha (Múltiple o en caravana),FLUIDA,NINGUNA MEDIDA,Equino
2010190000564,2010,8,21:00,DOMINGO,Guadalajara,Castilla-La Mancha,,,3,1,0,2,2,CARRETERA,VÍAS INTERURBANAS,N-211,TITULARIDAD ESTATAL,VÍA CONVENCIONAL,EN T Ó Y,,SIN DATO,NINGUNA (SOLO NORMA),SECA Y LIMPIA,NOCHE: SIN ILUMINACIÓN,BUEN TIEMPO,SIN RESTRICCIÓN,NINGUNA,N,Atropello a animales sueltos,FLUIDA,NINGUNA MEDIDA,Ciervo
2010190000171,2010,3,12:00,JUEVES,Guadalajara,Castilla-La Mancha,,,1,0,0,1,1,CARRETERA,VÍAS INTERURBANAS,CM-2015,TITULARIDAD AUTONÓMICA,VÍA CONVENCIONAL,EN T Ó Y,,SIN DATO,NINGUNA (SOLO NORMA),SECA Y LIMPIA,PLENO DÍA,BUEN TIEMPO,SIN RESTRICCIÓN,NINGUNA,N,Salida de la vía por la izquierda sin colisión (Con vuelco),FLUIDA,NINGUNA MEDIDA,Animal no identificado
2009190000260,2009,5,12:00,DOMINGO,Guadalajara,Castilla-La Mancha,,,1,0,1,0,1,CARRETERA,VÍAS INTERURBANAS,GU-902,"TITULARIDAD PROVINCIAL (DIPUTACIÓN, CABILDO O CONSELL)",VÍA CONVENCIONAL,EN T Ó Y,,SIN DATO,NINGUNA (SOLO NORMA),SECA Y LIMPIA,PLENO DÍA,BUEN TIEMPO,SIN RESTRICCIÓN,NINGUNA,N,Atropello a animales sueltos,FLUIDA,NINGUNA MEDIDA,Corzo
2013190000428,2013,7,04:40,MARTES,Guadalajara,Castilla-La Mancha,,,1,0,0,1,1,CARRETERA,VÍAS INTERURBANAS,CM-210,TITULARIDAD AUTONÓMICA,VÍA CONVENCIONAL,EN T Ó Y,,SIN DATO,NINGUNA (SOLO NORMA),SECA Y LIMPIA,NOCHE: ILUMINACIÓN SUFICIENTE,BUEN TIEMPO,SIN RESTRICCIÓN,NINGUNA,N,Atropello a animales sueltos,FLUIDA,NINGUNA MEDIDA,Ciervo
2012190000220,2012,4,00:00,MIÉRCOLES,Guadalajara,Castilla-La Mancha,,,1,0,0,1,1,CARRETERA,VÍAS INTERURBANAS,CM-2115,TITULARIDAD AUTONÓMICA,VÍA CONVENCIONAL,EN T Ó Y,,SIN DATO,NINGUNA (SOLO NORMA),MOJADA,NOCHE: SIN ILUMINACIÓN,LLOVIZNANDO,SIN RESTRICCIÓN,NINGUNA,N,Atropello a animales sueltos,FLUIDA,NINGUNA MEDIDA,Corzo
2011190000470,2011,7,13:00,JUEVES,Guadalajara,Castilla-La Mancha,,,2,0,0,2,1,CARRETERA,VÍAS INTERURBANAS,CM-2027,TITULARIDAD AUTONÓMICA,VÍA CONVENCIONAL,ENLACE DE SALIDA,,SIN DATO,NINGUNA (SOLO NORMA),SECA Y LIMPIA,PLENO DÍA,BUEN TIEMPO,CONFIGURACIÓN DEL TERRENO,FUERTE DESCENSO,N,Salida de la vía por la derecha con colisión (Choque con cuneta o bordillo),FLUIDA,NINGUNA MEDIDA,Corzo
2010190000500,2010,8,22:00,DOMINGO,Guadalajara,Castilla-La Mancha,,,1,0,0,1,1,CARRETERA,VÍAS INTERURBANAS,N-320,TITULARIDAD ESTATAL,VÍA CONVENCIONAL,EN T Ó Y,,SIN DATO,NINGUNA (SOLO NORMA),SECA Y LIMPIA,NOCHE: SIN ILUMINACIÓN,BUEN TIEMPO,CONFIGURACIÓN DEL TERRENO,NINGUNA,N,Atropello a animales sueltos,FLUIDA,NINGUNA MEDIDA,Corzo
2008190000347,2008,4,05:00,LUNES,Guadalajara,Castilla-La Mancha,,Villanueva de la Torre,1,0,0,1,1,CARRETERA,VÍAS INTERURBANAS,GU-102,"TITULARIDAD PROVINCIAL (DIPUTACIÓN, CABILDO O CONSELL)",VÍA CONVENCIONAL,EN T Ó Y,,SIN DATO,NINGUNA (SOLO NORMA),SECA Y LIMPIA,NOCHE: SIN ILUMINACIÓN,BUEN TIEMPO,SIN RESTRICCIÓN,NINGUNA,N,Salida de la vía por la izquierda con colisión (Otro tipo de choque),FLUIDA,NINGUNA MEDIDA,Corzo
2011190000245,2011,4,23:00,SÁBADO,Guadalajara,Castilla-La Mancha,,,2,0,0,2,1,CARRETERA,VÍAS INTERURBANAS,GU-1057,"TITULARIDAD PROVINCIAL (DIPUTACIÓN, CABILDO O CONSELL)",VÍA CONVENCIONAL,ENLACE DE ENTRADA,,SIN DATO,NINGUNA (SOLO NORMA),SECA Y LIMPIA,NOCHE: SIN ILUMINACIÓN,BUEN TIEMPO,CONFIGURACIÓN DEL TERRENO,NINGUNA,N,Salida de la vía por la izquierda sin colisión (Con despeñamiento),FLUIDA,NINGUNA MEDIDA,Animal no identificado
2009200050926,2009,6,11:00,LUNES,Gipuzkoa,País Vasco,,Irun,2,0,0,2,2,ZONA URBANA,VÍAS URBANAS,,TITULARIDAD MUNICIPAL,CAMINO VECINAL,EN T Ó Y,,SIN DATO,OTRA SEÑAL,SECA Y LIMPIA,PLENO DÍA,BUEN TIEMPO,SIN RESTRICCIÓN,OTRA,S,Atropello a animales sueltos,FLUIDA,NINGUNA MEDIDA,Animal no identificado
2008200050884,2008,2,19:00,VIERNES,Gipuzkoa,País Vasco,,Donostia/San Sebastián,1,0,0,1,2,ZONA URBANA,VÍAS URBANAS,,TITULARIDAD MUNICIPAL,OTRO TIPO,,EN X Ó +,PASO PARA PEATONES O ISLETAS EN CENTRO DE VÍA PRINCIPAL,SEMÁFORO,SECA Y LIMPIA,NOCHE: ILUMINACIÓN SUFICIENTE,BUEN TIEMPO,SIN RESTRICCIÓN,CAMBIO DE RASANTE,S,Atropello a animales sueltos,FLUIDA,NINGUNA MEDIDA,Animal no identificado
2008200051438,2008,9,19:00,MIÉRCOLES,Gipuzkoa,País Vasco,,Donostia/San Sebastián,1,0,0,1,2,ZONA URBANA,VÍAS URBANAS,,TITULARIDAD MUNICIPAL,OTRO TIPO,EN T Ó Y,,SIN DATO,OTRA SEÑAL,SECA Y LIMPIA,PLENO DÍA,BUEN TIEMPO,SIN RESTRICCIÓN,OTRA,S,Atropello a animales sueltos,FLUIDA,NINGUNA MEDIDA,Animal no identificado
2008200050956,2008,2,19:00,LUNES,Gipuzkoa,País Vasco,,Donostia/San Sebastián,1,0,0,1,2,ZONA URBANA,VÍAS URBANAS,,TITULARIDAD MUNICIPAL,OTRO TIPO,EN T Ó Y,,SIN DATO,OTRA SEÑAL,SECA Y LIMPIA,NOCHE: SIN ILUMINACIÓN,BUEN TIEMPO,SIN DATO,NINGUNA,N,Atropello a animales sueltos,FLUIDA,NINGUNA MEDIDA,Animal no identificado
2009200052014,2009,7,17:00,VIERNES,Gipuzkoa,País Vasco,,Donostia/San Sebastián,1,0,0,1,2,ZONA URBANA,VÍAS URBANAS,,TITULARIDAD MUNICIPAL,OTRO TIPO,EN T Ó Y,,SIN DATO,OTRA SEÑAL,SECA Y LIMPIA,PLENO DÍA,BUEN TIEMPO,SIN RESTRICCIÓN,OTRA,N,Atropello a animales sueltos,FLUIDA,NINGUNA MEDIDA,Animal no identificado
2009200051582,2009,2,19:00,LUNES,Gipuzkoa,País Vasco,,Donostia/San Sebastián,1,0,0,1,2,ZONA URBANA,VÍAS URBANAS,,TITULARIDAD MUNICIPAL,OTRO TIPO,EN T Ó Y,,SIN DATO,OTRA SEÑAL,MOJADA,NOCHE: ILUMINACIÓN SUFICIENTE,LLOVIZNANDO,FACTORES ATMOSFÉRICOS,OTRA,S,Atropello a animales sueltos,FLUIDA,NINGUNA MEDIDA,Animal no identificado
2009200051933,2009,6,17:00,JUEVES,Gipuzkoa,País Vasco,,Donostia/San Sebastián,1,0,0,1,2,ZONA URBANA,VÍAS URBANAS,,TITULARIDAD MUNICIPAL,OTRO TIPO,EN T Ó Y,,SIN DATO,OTRA SEÑAL,SECA Y LIMPIA,PLENO DÍA,BUEN TIEMPO,SIN RESTRICCIÓN,OTRA,S,Atropello a animales sueltos,FLUIDA,NINGUNA MEDIDA,Animal no identificado
2011200051617,2011,10,16:00,MARTES,Gipuzkoa,País Vasco,,Donostia/San Sebastián,1,0,0,1,2,ZONA URBANA,VÍAS URBANAS,,TITULARIDAD MUNICIPAL,OTRO TIPO,EN T Ó Y,,SIN DATO,OTRA SEÑAL,SECA Y LIMPIA,PLENO DÍA,BUEN TIEMPO,SIN RESTRICCIÓN,OTRA,S,Atropello a animal conducido o en rebaño,FLUIDA,NINGUNA MEDIDA,Animal no identificado
2011200051008,2011,1,16:00,LUNES,Gipuzkoa,País Vasco,,Donostia/San Sebastián,1,0,0,1,2,ZONA URBANA,VÍAS URBANAS,,TITULARIDAD MUNICIPAL,OTRO TIPO,,EN T Ó Y,NADA ESPECIAL,NINGUNA (SOLO NORMA),SECA Y LIMPIA,PLENO DÍA,BUEN TIEMPO,SIN RESTRICCIÓN,OTRA,S,Atropello a animales sueltos,FLUIDA,NINGUNA MEDIDA,Animal no identificado
2012200050137,2012,3,14:00,JUEVES,Gipuzkoa,País Vasco,,Donostia/San Sebastián,1,0,0,1,2,ZONA URBANA,VÍAS URBANAS,,TITULARIDAD MUNICIPAL,OTRO TIPO,,EN T Ó Y,RAQUETA DE GIRO IZQUIERDA,NINGUNA (SOLO NORMA),SECA Y LIMPIA,PLENO DÍA,BUEN TIEMPO,SIN RESTRICCIÓN,OTRA,S,Atropello a animales sueltos,FLUIDA,NINGUNA MEDIDA,Animal no identificado
2008210001607,2008,12,20:00,JUEVES,Huelva,Andalucía,,Aljaraque,1,0,0,1,1,CARRETERA,VÍAS INTERURBANAS,A-492,TITULARIDAD AUTONÓMICA,VÍA CONVENCIONAL,EN T Ó Y,,SIN DATO,NINGUNA (SOLO NORMA),SECA Y LIMPIA,NOCHE: ILUMINACIÓN INSUFICIENTE,BUEN TIEMPO,SIN RESTRICCIÓN,NINGUNA,N,Atropello a animales sueltos,FLUIDA,NINGUNA MEDIDA,Equino
2014210000006,2013,12,20:45,LUNES,Huelva,Andalucía,,Aljaraque,1,0,0,1,1,CARRETERA,VÍAS INTERURBANAS,A-492,TITULARIDAD AUTONÓMICA,VÍA CONVENCIONAL,EN T Ó Y,,SIN DATO,NINGUNA (SOLO NORMA),SECA Y LIMPIA,NOCHE: ILUMINACIÓN INSUFICIENTE,BUEN TIEMPO,SIN RESTRICCIÓN,NINGUNA,N,Atropello a animales sueltos,FLUIDA,NINGUNA MEDIDA,Jabalí
2013210001017,2013,12,16:00,DOMINGO,Huelva,Andalucía,,,1,0,0,1,1,CARRETERA,VÍAS INTERURBANAS,HU-8106,"TITULARIDAD PROVINCIAL (DIPUTACIÓN, CABILDO O CONSELL)",VÍA CONVENCIONAL,EN X Ó +,,SIN DATO,NINGUNA (SOLO NORMA),SECA Y LIMPIA,PLENO DÍA,BUEN TIEMPO,CONFIGURACIÓN DEL TERRENO,NINGUNA,N,Atropello a animales sueltos,FLUIDA,NINGUNA MEDIDA,Porcino
2013210000250,2013,3,23:03,MIÉRCOLES,Huelva,Andalucía,,,1,0,0,1,1,CARRETERA,VÍAS INTERURBANAS,N-433,TITULARIDAD ESTATAL,VÍA CONVENCIONAL,ENLACE DE ENTRADA,,SIN DATO,NINGUNA (SOLO NORMA),MOJADA,NOCHE: SIN ILUMINACIÓN,LLOVIZNANDO,SIN RESTRICCIÓN,NINGUNA,N,Salida de la vía por la izquierda con colisión (Choque con cuneta o bordillo),FLUIDA,NINGUNA MEDIDA,Animal no identificado
2008210000152,2008,2,22:00,SÁBADO,Huelva,Andalucía,,Almonte,1,0,1,0,1,CARRETERA,VÍAS INTERURBANAS,A-483,TITULARIDAD AUTONÓMICA,AUTOVÍA,EN T Ó Y,,SIN DATO,NINGUNA (SOLO NORMA),MOJADA,NOCHE: ILUMINACIÓN INSUFICIENTE,LLOVIZNANDO,SIN RESTRICCIÓN,NINGUNA,N,Atropello a animales sueltos,FLUIDA,NINGUNA MEDIDA,Equino
2009210000162,2009,2,08:00,MIÉRCOLES,Huelva,Andalucía,,Almonte,1,0,0,1,2,CARRETERA,VÍAS INTERURBANAS,A-483,TITULARIDAD AUTONÓMICA,AUTOVÍA,EN T Ó Y,,SIN DATO,NINGUNA (SOLO NORMA),MOJADA,NOCHE: ILUMINACIÓN INSUFICIENTE,LLOVIZNANDO,FACTORES ATMOSFÉRICOS,NINGUNA,N,Atropello a animales sueltos,FLUIDA,NINGUNA MEDIDA,Equino
2009210000681,2009,5,22:00,JUEVES,Huelva,Andalucía,,Almonte,2,0,0,2,1,CARRETERA,VÍAS INTERURBANAS,A-483,TITULARIDAD AUTONÓMICA,VÍA CONVENCIONAL,EN T Ó Y,,SIN DATO,NINGUNA (SOLO NORMA),SECA Y LIMPIA,NOCHE: ILUMINACIÓN INSUFICIENTE,BUEN TIEMPO,SIN RESTRICCIÓN,NINGUNA,N,Atropello a animales sueltos,DENSA,NINGUNA MEDIDA,Equino
2009210000615,2009,5,06:00,DOMINGO,Huelva,Andalucía,,Almonte,1,0,1,0,1,CARRETERA,VÍAS INTERURBANAS,A-483,TITULARIDAD AUTONÓMICA,AUTOVÍA,EN X Ó +,,SIN DATO,NINGUNA (SOLO NORMA),SECA Y LIMPIA,NOCHE: ILUMINACIÓN INSUFICIENTE,BUEN TIEMPO,SIN RESTRICCIÓN,NINGUNA,N,Atropello a animales sueltos,FLUIDA,NINGUNA MEDIDA,Equino
2010210000747,2010,8,00:00,MIÉRCOLES,Huelva,Andalucía,,Almonte,1,0,0,1,2,CARRETERA,VÍAS INTERURBANAS,A-483,TITULARIDAD AUTONÓMICA,AUTOVÍA,EN T Ó Y,,SIN DATO,NINGUNA (SOLO NORMA),SECA Y LIMPIA,NOCHE: SIN ILUMINACIÓN,BUEN TIEMPO,SIN RESTRICCIÓN,NINGUNA,N,Colisión de vehículos en marcha (Alcance),FLUIDA,NINGUNA MEDIDA,Equino
2011210000024,2011,1,22:00,VIERNES,Huelva,Andalucía,,Almonte,1,0,0,1,1,CARRETERA,VÍAS INTERURBANAS,A-483,TITULARIDAD AUTONÓMICA,VÍA CONVENCIONAL,EN T Ó Y,,SIN DATO,NINGUNA (SOLO NORMA),SECA Y LIMPIA,NOCHE: SIN ILUMINACIÓN,NIEBLA LIGERA,FACTORES ATMOSFÉRICOS,NINGUNA,N,Atropello a animales sueltos,FLUIDA,NINGUNA MEDIDA,Equino
2011210000896,2011,10,20:00,MIÉRCOLES,Huelva,Andalucía,,Almonte,1,0,1,0,1,CARRETERA,VÍAS INTERURBANAS,A-494,TITULARIDAD AUTONÓMICA,VÍA CONVENCIONAL,EN T Ó Y,,SIN DATO,NINGUNA (SOLO NORMA),SECA Y LIMPIA,NOCHE: SIN ILUMINACIÓN,BUEN TIEMPO,SIN RESTRICCIÓN,NINGUNA,N,Atropello a animales sueltos,FLUIDA,NINGUNA MEDIDA,Jabalí
2011210001034,2011,11,14:00,VIERNES,Huelva,Andalucía,,Almonte,1,0,0,1,1,CARRETERA,VÍAS INTERURBANAS,A-483,TITULARIDAD AUTONÓMICA,AUTOVÍA,EN T Ó Y,,SIN DATO,SOLO MARCAS VIALES,SECA Y LIMPIA,PLENO DÍA,BUEN TIEMPO,SIN RESTRICCIÓN,NINGUNA,N,Salida de la vía por la derecha sin colisión (Con despeñamiento),FLUIDA,NINGUNA MEDIDA,Canino
2012210000413,2012,5,22:00,MIÉRCOLES,Huelva,Andalucía,,Almonte,1,0,0,1,1,CARRETERA,VÍAS INTERURBANAS,VILLAMANRI,OTRAS TITULARIDADES,CAMINO VECINAL,EN T Ó Y,,SIN DATO,NINGUNA (SOLO NORMA),SECA Y LIMPIA,NOCHE: SIN ILUMINACIÓN,BUEN TIEMPO,SIN RESTRICCIÓN,NINGUNA,N,Salida de la vía por la derecha sin colisión (En llano),FLUIDA,NINGUNA MEDIDA,Equino
2011210001131,2011,12,14:00,LUNES,Huelva,Andalucía,,,1,0,0,1,1,CARRETERA,VÍAS INTERURBANAS,A-475,TITULARIDAD AUTONÓMICA,VÍA CONVENCIONAL,EN T Ó Y,,SIN DATO,NINGUNA (SOLO NORMA),SECA Y LIMPIA,PLENO DÍA,BUEN TIEMPO,SIN RESTRICCIÓN,NINGUNA,N,Salida de la vía por la izquierda sin colisión (Con vuelco),FLUIDA,NINGUNA MEDIDA,Ciervo
2008210001045,2008,8,06:00,MARTES,Huelva,Andalucía,,Aracena,1,0,0,1,1,CARRETERA,VÍAS INTERURBANAS,A-479,TITULARIDAD AUTONÓMICA,VÍA CONVENCIONAL,EN T Ó Y,,SIN DATO,NINGUNA (SOLO NORMA),SECA Y LIMPIA,CREPÚSCULO,BUEN TIEMPO,SIN RESTRICCIÓN,NINGUNA,N,Atropello a animales sueltos,FLUIDA,NINGUNA MEDIDA,Equino
2011210000821,2011,9,22:00,VIERNES,Huelva,Andalucía,,Aracena,1,0,0,1,1,CARRETERA,VÍAS INTERURBANAS,A-479,TITULARIDAD AUTONÓMICA,VÍA CONVENCIONAL,EN T Ó Y,,SIN DATO,NINGUNA (SOLO NORMA),SECA Y LIMPIA,NOCHE: SIN ILUMINACIÓN,BUEN TIEMPO,SIN RESTRICCIÓN,NINGUNA,N,Atropello a animales sueltos,FLUIDA,NINGUNA MEDIDA,Ciervo
2011210001079,2011,12,12:00,DOMINGO,Huelva,Andalucía,,Aracena,1,0,0,1,1,CARRETERA,VÍAS INTERURBANAS,N-433,TITULARIDAD ESTATAL,VÍA CONVENCIONAL,EN T Ó Y,,SIN DATO,NINGUNA (SOLO NORMA),MOJADA,PLENO DÍA,NIEBLA LIGERA,SIN RESTRICCIÓN,NINGUNA,N,Atropello a animales sueltos,FLUIDA,NINGUNA MEDIDA,Caprino
2013210000176,2013,3,21:00,SÁBADO,Huelva,Andalucía,,Aracena,1,0,0,1,1,CARRETERA,VÍAS INTERURBANAS,A-479,TITULARIDAD AUTONÓMICA,VÍA CONVENCIONAL,EN X Ó +,,SIN DATO,NINGUNA (SOLO NORMA),SECA Y LIMPIA,NOCHE: SIN ILUMINACIÓN,BUEN TIEMPO,SIN RESTRICCIÓN,NINGUNA,N,Atropello a animales sueltos,FLUIDA,NINGUNA MEDIDA,Vacuno
2008210000336,2008,3,12:00,JUEVES,Huelva,Andalucía,,,1,0,0,1,1,CARRETERA,VÍAS INTERURBANAS,HU-8100,"TITULARIDAD PROVINCIAL (DIPUTACIÓN, CABILDO O CONSELL)",VÍA CONVENCIONAL,ENLACE DE ENTRADA,,SIN DATO,NINGUNA (SOLO NORMA),SECA Y LIMPIA,PLENO DÍA,BUEN TIEMPO,SIN RESTRICCIÓN,NINGUNA,N,Salida de la vía por la izquierda sin colisión (Con despeñamiento),FLUIDA,NINGUNA MEDIDA,Animal no identificado
2009210000146,2009,1,21:00,SÁBADO,Huelva,Andalucía,,,1,0,0,1,1,CARRETERA,VÍAS INTERURBANAS,N-433,TITULARIDAD ESTATAL,VÍA CONVENCIONAL,EN X Ó +,,SIN DATO,NINGUNA (SOLO NORMA),SECA Y LIMPIA,NOCHE: SIN ILUMINACIÓN,BUEN TIEMPO,CONFIGURACIÓN DEL TERRENO,NINGUNA,N,Salida de la vía por la derecha con colisión (Choque con cuneta o bordillo),FLUIDA,NINGUNA MEDIDA,Ciervo
2009210001159,2009,10,12:00,DOMINGO,Huelva,Andalucía,,,1,0,0,1,1,CARRETERA,VÍAS INTERURBANAS,N-433,TITULARIDAD ESTATAL,VÍA CONVENCIONAL,EN T Ó Y,,SIN DATO,NINGUNA (SOLO NORMA),SECA Y LIMPIA,PLENO DÍA,BUEN TIEMPO,SIN RESTRICCIÓN,NINGUNA,N,Atropello a animales sueltos,FLUIDA,NINGUNA MEDIDA,Porcino
2008210001225,2008,9,20:00,DOMINGO,Huelva,Andalucía,,,1,0,0,1,1,CARRETERA,VÍAS INTERURBANAS,N-435,TITULARIDAD ESTATAL,VÍA CONVENCIONAL,EN X Ó +,,SIN DATO,NINGUNA (SOLO NORMA),SECA Y LIMPIA,NOCHE: SIN ILUMINACIÓN,BUEN TIEMPO,SIN RESTRICCIÓN,NINGUNA,N,Atropello a animales sueltos,FLUIDA,NINGUNA MEDIDA,Jabalí
2010210000605,2010,7,00:00,VIERNES,Huelva,Andalucía,,Bollullos Par del Condado,1,0,0,1,3,CARRETERA,VÍAS INTERURBANAS,A-483,TITULARIDAD AUTONÓMICA,AUTOVÍA,EN T Ó Y,,SIN DATO,NINGUNA (SOLO NORMA),SECA Y LIMPIA,NOCHE: SIN ILUMINACIÓN,BUEN TIEMPO,SIN RESTRICCIÓN,NINGUNA,N,Colisión de vehículos en marcha (Alcance),FLUIDA,NINGUNA MEDIDA,Ave
2012210000538,2012,6,21:00,JUEVES,Huelva,Andalucía,,Bollullos Par del Condado,1,0,0,1,1,CARRETERA,VÍAS INTERURBANAS,A-483,TITULARIDAD AUTONÓMICA,AUTOVÍA,EN T Ó Y,,SIN DATO,NINGUNA (SOLO NORMA),SECA Y LIMPIA,CREPÚSCULO,BUEN TIEMPO,SIN RESTRICCIÓN,NINGUNA,N,Salida de la vía por la derecha con colisión (Choque con árbol o poste),FLUIDA,NINGUNA MEDIDA,Canino
2010210000545,2010,6,00:00,MIÉRCOLES,Huelva,Andalucía,,,1,0,0,1,1,CARRETERA,VÍAS INTERURBANAS,A-496,TITULARIDAD AUTONÓMICA,VÍA CONVENCIONAL,EN T Ó Y,,SIN DATO,NINGUNA (SOLO NORMA),SECA Y LIMPIA,NOCHE: SIN ILUMINACIÓN,BUEN TIEMPO,SIN RESTRICCIÓN,NINGUNA,N,Atropello a animales sueltos,FLUIDA,NINGUNA MEDIDA,Equino
2009210000037,2009,1,22:00,SÁBADO,Huelva,Andalucía,,,1,0,0,1,1,CARRETERA,VÍAS INTERURBANAS,A-5101,TITULARIDAD AUTONÓMICA,VÍA CONVENCIONAL,EN T Ó Y,,SIN DATO,NINGUNA (SOLO NORMA),SECA Y LIMPIA,NOCHE: SIN ILUMINACIÓN,BUEN TIEMPO,SIN RESTRICCIÓN,NINGUNA,N,Atropello a animales sueltos,FLUIDA,NINGUNA MEDIDA,Canino