ID_ACCIDENTE,ANIO,MES,HORA,DIASEMANA,PROVINCIA,COMUNIDAD_AUTONOMA,ISLA,MUNICIPIO,TOT_VICTIMAS,TOT_MUERTOS,TOT_HERIDOS_GRAVES,TOT_HERIDOS_LEVES,TOT_VEHICULOS_IMPLICADOS,ZONA,ZONA_AGRUPADA,CARRETERA,RED_CARRETERA,TIPO_VIA,TRAZADO_NO_INTERSEC,TIPO_INTERSEC,ACOND_CALZADA,PRIORIDAD,SUPERFICIE_CALZADA,LUMINOSIDAD,FACTORES_ATMOSFERICOS,VISIBILIDAD_RESTRINGIDA,OTRA_CIRCUNSTANCIA,ACERAS,TIPO_ACCIDENTE,DENSIDAD_CIRCULACION,MEDIDAS_ESPECIALES,COD_ANIMAL
2010230000362,2010,3,08:00,MARTES,Jaén,Andalucía,,Andújar,1,0,0,1,1,CARRETERA,VÍAS INTERURBANAS,A-4,TITULARIDAD ESTATAL,AUTOVÍA,EN T Ó Y,,SIN DATO,NINGUNA (SOLO NORMA),SECA Y LIMPIA,PLENO DÍA,BUEN TIEMPO,SIN RESTRICCIÓN,NINGUNA,N,Salida de la vía por la derecha con colisión (Otro tipo de choque),FLUIDA,NINGUNA MEDIDA,Canino
2011230001367,2011,10,17:00,JUEVES,Jaén,Andalucía,,Andújar,1,0,0,1,1,CARRETERA,VÍAS INTERURBANAS,,TITULARIDAD MUNICIPAL,CAMINO VECINAL,EN T Ó Y,,SIN DATO,NINGUNA (SOLO NORMA),BARRILLO,PLENO DÍA,LLUVIA FUERTE,FACTORES ATMOSFÉRICOS,BACHES,N,Salida de la vía por la izquierda sin colisión (Otra),FLUIDA,NINGUNA MEDIDA,Animal no identificado
2011230000679,2011,6,05:00,SÁBADO,Jaén,Andalucía,,Andújar,1,0,0,1,1,CARRETERA,VÍAS INTERURBANAS,A-6177,TITULARIDAD AUTONÓMICA,VÍA CONVENCIONAL,EN T Ó Y,,SIN DATO,NINGUNA (SOLO NORMA),SECA Y LIMPIA,NOCHE: SIN ILUMINACIÓN,BUEN TIEMPO,SIN RESTRICCIÓN,NINGUNA,N,Atropello a animales sueltos,FLUIDA,NINGUNA MEDIDA,Equino
2012230001227,2012,10,13:00,MARTES,Jaén,Andalucía,,Andújar,1,0,0,1,1,CARRETERA,VÍAS INTERURBANAS,A-4,TITULARIDAD ESTATAL,AUTOVÍA,EN T Ó Y,,SIN DATO,NINGUNA (SOLO NORMA),SECA Y LIMPIA,PLENO DÍA,BUEN TIEMPO,SIN RESTRICCIÓN,NINGUNA,N,Atropello a animales sueltos,FLUIDA,NINGUNA MEDIDA,Canino
2012230001002,2012,8,23:00,VIERNES,Jaén,Andalucía,,Andújar,2,0,0,2,1,CARRETERA,VÍAS INTERURBANAS,JV-5012,"TITULARIDAD PROVINCIAL (DIPUTACIÓN, CABILDO O CONSELL)",VÍA CONVENCIONAL,EN X Ó +,,SIN DATO,NINGUNA (SOLO NORMA),SECA Y LIMPIA,NOCHE: SIN ILUMINACIÓN,BUEN TIEMPO,CONFIGURACIÓN DEL TERRENO,NINGUNA,N,Salida de la vía por la izquierda sin colisión (Con despeñamiento),FLUIDA,NINGUNA MEDIDA,Jabalí
2012230000322,2012,3,10:00,SÁBADO,Jaén,Andalucía,,Andújar,1,0,0,1,1,CARRETERA,VÍAS INTERURBANAS,JA-2321,"TITULARIDAD PROVINCIAL (DIPUTACIÓN, CABILDO O CONSELL)",VÍA CONVENCIONAL,EN X Ó +,,SIN DATO,NINGUNA (SOLO NORMA),SECA Y LIMPIA,PLENO DÍA,BUEN TIEMPO,SIN RESTRICCIÓN,NINGUNA,N,Vuelco en la calzada,FLUIDA,NINGUNA MEDIDA,Canino
2013230000983,2013,8,17:45,VIERNES,Jaén,Andalucía,,Andújar,1,0,0,1,1,CARRETERA,VÍAS INTERURBANAS,JA-2321,OTRAS TITULARIDADES,VÍA CONVENCIONAL,EN X Ó +,,SIN DATO,NINGUNA (SOLO NORMA),SECA Y LIMPIA,PLENO DÍA,BUEN TIEMPO,SIN RESTRICCIÓN,NINGUNA,N,Salida de la vía por la derecha con colisión (Otro tipo de choque),FLUIDA,NINGUNA MEDIDA,Canino
2013230001464,2013,12,17:15,SÁBADO,Jaén,Andalucía,,Andújar,2,0,0,2,2,CARRETERA,VÍAS INTERURBANAS,A-4,TITULARIDAD ESTATAL,AUTOVÍA,EN T Ó Y,,SIN DATO,NINGUNA (SOLO NORMA),SECA Y LIMPIA,PLENO DÍA,BUEN TIEMPO,SIN RESTRICCIÓN,NINGUNA,N,Atropello a animales sueltos,FLUIDA,NINGUNA MEDIDA,Canino
2009230001077,2009,8,20:00,JUEVES,Jaén,Andalucía,,Arjona,2,0,0,2,2,CARRETERA,VÍAS INTERURBANAS,A-305,TITULARIDAD AUTONÓMICA,VÍA CONVENCIONAL,EN X Ó +,,SIN DATO,NINGUNA (SOLO NORMA),SECA Y LIMPIA,PLENO DÍA,BUEN TIEMPO,SIN RESTRICCIÓN,NINGUNA,N,Colisión de vehículos en marcha (Alcance),FLUIDA,NINGUNA MEDIDA,Canino
2012230000905,2012,7,22:00,LUNES,Jaén,Andalucía,,Arjona,1,0,0,1,1,CARRETERA,VÍAS INTERURBANAS,JA-3404,"TITULARIDAD PROVINCIAL (DIPUTACIÓN, CABILDO O CONSELL)",VÍA CONVENCIONAL,EN T Ó Y,,SIN DATO,NINGUNA (SOLO NORMA),SECA Y LIMPIA,NOCHE: SIN ILUMINACIÓN,BUEN TIEMPO,SIN RESTRICCIÓN,NINGUNA,N,Atropello a conductor de animales,FLUIDA,NINGUNA MEDIDA,Equino
2008230000839,2008,6,23:00,MIÉRCOLES,Jaén,Andalucía,,Bailén,2,1,0,1,1,CARRETERA,VÍAS INTERURBANAS,A-4,TITULARIDAD ESTATAL,AUTOVÍA,,EN T Ó Y,NADA ESPECIAL,NINGUNA (SOLO NORMA),SECA Y LIMPIA,NOCHE: ILUMINACIÓN INSUFICIENTE,BUEN TIEMPO,SIN RESTRICCIÓN,NINGUNA,N,Salida de la vía por la derecha con colisión (Choque con árbol o poste),FLUIDA,NINGUNA MEDIDA,Canino
2008230001696,2008,12,09:00,LUNES,Jaén,Andalucía,,Bailén,1,0,1,0,1,CARRETERA,VÍAS INTERURBANAS,A-44,TITULARIDAD ESTATAL,AUTOVÍA,EN X Ó +,,SIN DATO,NINGUNA (SOLO NORMA),MOJADA,PLENO DÍA,BUEN TIEMPO,SIN RESTRICCIÓN,NINGUNA,N,Salida de la vía por la derecha con colisión (Choque con cuneta o bordillo),FLUIDA,NINGUNA MEDIDA,Canino
2008230000479,2008,3,19:00,LUNES,Jaén,Andalucía,,Bailén,1,0,0,1,1,CARRETERA,VÍAS INTERURBANAS,N-322a,TITULARIDAD ESTATAL,VÍA CONVENCIONAL,EN T Ó Y,,SIN DATO,NINGUNA (SOLO NORMA),SECA Y LIMPIA,PLENO DÍA,BUEN TIEMPO,SIN RESTRICCIÓN,NINGUNA,N,Salida de la vía por la derecha con colisión (Choque con cuneta o bordillo),FLUIDA,NINGUNA MEDIDA,Canino
2009230000209,2009,2,07:00,MARTES,Jaén,Andalucía,,Bailén,2,0,1,1,2,CARRETERA,VÍAS INTERURBANAS,N-323a,TITULARIDAD ESTATAL,VÍA CONVENCIONAL,EN T Ó Y,,SIN DATO,NINGUNA (SOLO NORMA),MOJADA,PLENO DÍA,OTRO,SIN RESTRICCIÓN,NINGUNA,N,Colisión de vehículos en marcha (Frontal),FLUIDA,NINGUNA MEDIDA,Conejo
2009230000988,2009,7,03:00,LUNES,Jaén,Andalucía,,Bailén,1,0,0,1,2,CARRETERA,VÍAS INTERURBANAS,A-32,TITULARIDAD ESTATAL,AUTOVÍA,EN T Ó Y,,SIN DATO,NINGUNA (SOLO NORMA),SECA Y LIMPIA,NOCHE: SIN ILUMINACIÓN,BUEN TIEMPO,SIN RESTRICCIÓN,NINGUNA,N,Atropello a animales sueltos,FLUIDA,NINGUNA MEDIDA,Equino
2011230001375,2011,10,03:00,SÁBADO,Jaén,Andalucía,,Beas de Segura,2,0,0,2,1,CARRETERA,VÍAS INTERURBANAS,N-322,TITULARIDAD ESTATAL,VÍA CONVENCIONAL,EN X Ó +,,SIN DATO,NINGUNA (SOLO NORMA),SECA Y LIMPIA,NOCHE: SIN ILUMINACIÓN,BUEN TIEMPO,CONFIGURACIÓN DEL TERRENO,NINGUNA,N,Atropello a animales sueltos,FLUIDA,NINGUNA MEDIDA,Ciervo
2012230000649,2012,6,12:00,VIERNES,Jaén,Andalucía,,,1,0,0,1,1,CARRETERA,VÍAS INTERURBANAS,A-310,TITULARIDAD AUTONÓMICA,VÍA CONVENCIONAL,EN T Ó Y,,SIN DATO,NINGUNA (SOLO NORMA),SECA Y LIMPIA,PLENO DÍA,BUEN TIEMPO,SIN RESTRICCIÓN,NINGUNA,N,Atropello a animales sueltos,FLUIDA,NINGUNA MEDIDA,Cabra montés
2013230000723,2013,6,22:15,LUNES,Jaén,Andalucía,,,2,0,0,2,1,CARRETERA,VÍAS INTERURBANAS,A-32,TITULARIDAD ESTATAL,AUTOVÍA,EN X Ó +,,SIN DATO,NINGUNA (SOLO NORMA),SECA Y LIMPIA,NOCHE: SIN ILUMINACIÓN,BUEN TIEMPO,OTRA_CAUSA,NINGUNA,N,Atropello a animales sueltos,FLUIDA,NINGUNA MEDIDA,Canino
2010230000504,2010,4,19:00,JUEVES,Jaén,Andalucía,,"Carolina, La",1,0,0,1,1,CARRETERA,VÍAS INTERURBANAS,A-4,TITULARIDAD ESTATAL,AUTOVÍA,EN X Ó +,,SIN DATO,NINGUNA (SOLO NORMA),SECA Y LIMPIA,PLENO DÍA,BUEN TIEMPO,SIN RESTRICCIÓN,NINGUNA,N,Salida de la vía por la izquierda sin colisión (Con vuelco),FLUIDA,NINGUNA MEDIDA,Canino
2011230000643,2011,5,09:00,MIÉRCOLES,Jaén,Andalucía,,Cazorla,2,0,1,1,1,CARRETERA,VÍAS INTERURBANAS,A-319,TITULARIDAD AUTONÓMICA,VÍA CONVENCIONAL,EN T Ó Y,,SIN DATO,SOLO MARCAS VIALES,SECA Y LIMPIA,PLENO DÍA,BUEN TIEMPO,CONFIGURACIÓN DEL TERRENO,NINGUNA,N,Atropello a animales sueltos,FLUIDA,NINGUNA MEDIDA,Gamo
2009230001458,2009,11,19:00,JUEVES,Jaén,Andalucía,,,1,0,1,0,1,CARRETERA,VÍAS INTERURBANAS,A-311,TITULARIDAD AUTONÓMICA,VÍA CONVENCIONAL,EN T Ó Y,,SIN DATO,NINGUNA (SOLO NORMA),SECA Y LIMPIA,NOCHE: SIN ILUMINACIÓN,BUEN TIEMPO,SIN RESTRICCIÓN,NINGUNA,N,Atropello a animales sueltos,FLUIDA,NINGUNA MEDIDA,Equino
2013230000322,2013,3,19:45,VIERNES,Jaén,Andalucía,,Huelma,3,0,0,3,1,CARRETERA,VÍAS INTERURBANAS,A-401,TITULARIDAD AUTONÓMICA,VÍA CONVENCIONAL,EN X Ó +,,SIN DATO,NINGUNA (SOLO NORMA),SECA Y LIMPIA,NOCHE: SIN ILUMINACIÓN,BUEN TIEMPO,SIN RESTRICCIÓN,NINGUNA,N,Atropello a animales sueltos,FLUIDA,NINGUNA MEDIDA,Jabalí
2011230000305,2011,2,11:00,LUNES,Jaén,Andalucía,,,1,0,0,1,1,CARRETERA,VÍAS INTERURBANAS,A-319,TITULARIDAD AUTONÓMICA,VÍA CONVENCIONAL,EN T Ó Y,,SIN DATO,NINGUNA (SOLO NORMA),SECA Y LIMPIA,PLENO DÍA,BUEN TIEMPO,SIN RESTRICCIÓN,NINGUNA,N,Atropello a animales sueltos,FLUIDA,NINGUNA MEDIDA,Gamo
2008230001484,2008,10,16:00,SÁBADO,Jaén,Andalucía,,Jaén,1,0,0,1,2,CARRETERA,VÍAS INTERURBANAS,JA-3102,"TITULARIDAD PROVINCIAL (DIPUTACIÓN, CABILDO O CONSELL)",VÍA CONVENCIONAL,EN X Ó +,,SIN DATO,NINGUNA (SOLO NORMA),SECA Y LIMPIA,PLENO DÍA,BUEN TIEMPO,CONFIGURACIÓN DEL TERRENO,CAMBIO DE RASANTE,N,Otro tipo de accidente,FLUIDA,NINGUNA MEDIDA,Canino
2008230000352,2008,2,20:00,DOMINGO,Jaén,Andalucía,,Jaén,1,0,0,1,1,ZONA URBANA,VÍAS URBANAS,,TITULARIDAD MUNICIPAL,OTRO TIPO,,EN X Ó +,NADA ESPECIAL,SEMÁFORO,SECA Y LIMPIA,NOCHE: ILUMINACIÓN SUFICIENTE,BUEN TIEMPO,SIN RESTRICCIÓN,NINGUNA,N,Atropello a animales sueltos,FLUIDA,NINGUNA MEDIDA,Canino
2012230000881,2012,7,13:00,MIÉRCOLES,Jaén,Andalucía,,Jaén,1,0,0,1,1,ZONA URBANA,VÍAS URBANAS,,TITULARIDAD MUNICIPAL,OTRO TIPO,,EN X Ó +,NADA ESPECIAL,SEMÁFORO,SECA Y LIMPIA,PLENO DÍA,BUEN TIEMPO,SIN RESTRICCIÓN,NINGUNA,N,Atropello a animales sueltos,FLUIDA,NINGUNA MEDIDA,Canino
2013230000495,2013,4,12:50,LUNES,Jaén,Andalucía,,Jódar,1,0,0,1,1,CARRETERA,VÍAS INTERURBANAS,A-401,TITULARIDAD AUTONÓMICA,VÍA CONVENCIONAL,EN X Ó +,,SIN DATO,NINGUNA (SOLO NORMA),SECA Y LIMPIA,PLENO DÍA,BUEN TIEMPO,SIN RESTRICCIÓN,NINGUNA,N,Atropello a animales sueltos,FLUIDA,NINGUNA MEDIDA,Canino
2013230001527,2013,12,13:50,JUEVES,Jaén,Andalucía,,Linares,1,0,0,1,1,CARRETERA,VÍAS INTERURBANAS,A-32,TITULARIDAD ESTATAL,AUTOVÍA,EN T Ó Y,,SIN DATO,NINGUNA (SOLO NORMA),MOJADA,PLENO DÍA,LLUVIA FUERTE,FACTORES ATMOSFÉRICOS,NINGUNA,N,Salida de la vía por la izquierda sin colisión (Con vuelco),FLUIDA,NINGUNA MEDIDA,Canino
2013230000603,2013,5,07:00,MARTES,Jaén,Andalucía,,Linares,1,0,0,1,1,CARRETERA,VÍAS INTERURBANAS,N-322,TITULARIDAD ESTATAL,VÍA CONVENCIONAL,EN T Ó Y,,SIN DATO,NINGUNA (SOLO NORMA),MOJADA,CREPÚSCULO,LLOVIZNANDO,SIN RESTRICCIÓN,NINGUNA,N,Salida de la vía por la derecha con colisión (Otro tipo de choque),FLUIDA,NINGUNA MEDIDA,Animal no identificado
2013230000212,2013,2,16:20,MIÉRCOLES,Jaén,Andalucía,,Linares,1,0,0,1,1,CARRETERA,VÍAS INTERURBANAS,JA-5102,"TITULARIDAD PROVINCIAL (DIPUTACIÓN, CABILDO O CONSELL)",VÍA CONVENCIONAL,ENLACE DE ENTRADA,,SIN DATO,NINGUNA (SOLO NORMA),SECA Y LIMPIA,PLENO DÍA,BUEN TIEMPO,SIN RESTRICCIÓN,NINGUNA,N,Salida de la vía por la izquierda sin colisión (Con vuelco),FLUIDA,NINGUNA MEDIDA,Canino
2010230000978,2010,8,08:00,MARTES,Jaén,Andalucía,,Mengíbar,1,0,0,1,1,CARRETERA,VÍAS INTERURBANAS,A-44,TITULARIDAD ESTATAL,AUTOVÍA,EN T Ó Y,,SIN DATO,NINGUNA (SOLO NORMA),SECA Y LIMPIA,PLENO DÍA,BUEN TIEMPO,SIN RESTRICCIÓN,NINGUNA,N,Atropello a animales sueltos,FLUIDA,NINGUNA MEDIDA,Canino
2013230000466,2013,4,04:45,MARTES,Jaén,Andalucía,,Mengíbar,1,0,0,1,1,CARRETERA,VÍAS INTERURBANAS,N-323A,TITULARIDAD ESTATAL,VÍA CONVENCIONAL,EN T Ó Y,,SIN DATO,NINGUNA (SOLO NORMA),SECA Y LIMPIA,NOCHE: SIN ILUMINACIÓN,BUEN TIEMPO,SIN RESTRICCIÓN,NINGUNA,N,Atropello a animales sueltos,FLUIDA,NINGUNA MEDIDA,Equino
2011230000719,2011,6,09:00,SÁBADO,Jaén,Andalucía,,,2,0,0,2,1,CARRETERA,VÍAS INTERURBANAS,A-317,TITULARIDAD AUTONÓMICA,VÍA CONVENCIONAL,EN T Ó Y,,SIN DATO,NINGUNA (SOLO NORMA),SECA Y LIMPIA,PLENO DÍA,BUEN TIEMPO,VEGETACIÓN,NINGUNA,N,Atropello a animales sueltos,FLUIDA,NINGUNA MEDIDA,Ciervo
2012230001479,2012,11,21:00,DOMINGO,Jaén,Andalucía,,,2,0,0,2,3,CARRETERA,VÍAS INTERURBANAS,A-310,TITULARIDAD AUTONÓMICA,VÍA CONVENCIONAL,EN T Ó Y,,SIN DATO,NINGUNA (SOLO NORMA),SECA Y LIMPIA,NOCHE: ILUMINACIÓN INSUFICIENTE,BUEN TIEMPO,SIN RESTRICCIÓN,NINGUNA,N,Atropello a animales sueltos,FLUIDA,NINGUNA MEDIDA,Jabalí
2012230001515,2012,12,18:00,SÁBADO,Jaén,Andalucía,,,1,0,0,1,1,CARRETERA,VÍAS INTERURBANAS,JA-6108,"TITULARIDAD PROVINCIAL (DIPUTACIÓN, CABILDO O CONSELL)",VÍA CONVENCIONAL,EN T Ó Y,,SIN DATO,NINGUNA (SOLO NORMA),SECA Y LIMPIA,NOCHE: SIN ILUMINACIÓN,BUEN TIEMPO,SIN RESTRICCIÓN,NINGUNA,N,Atropello a animales sueltos,FLUIDA,NINGUNA MEDIDA,Ciervo
2009230000870,2009,6,20:00,LUNES,Jaén,Andalucía,,,1,0,1,0,1,CARRETERA,VÍAS INTERURBANAS,A-310,TITULARIDAD AUTONÓMICA,VÍA CONVENCIONAL,EN X Ó +,,SIN DATO,NINGUNA (SOLO NORMA),SECA Y LIMPIA,PLENO DÍA,BUEN TIEMPO,SIN RESTRICCIÓN,NINGUNA,N,Atropello a animal conducido o en rebaño,FLUIDA,NINGUNA MEDIDA,Ovino
2010230001070,2010,8,18:00,MIÉRCOLES,Jaén,Andalucía,,Torredelcampo,2,0,1,1,2,CARRETERA,VÍAS INTERURBANAS,JA-3401,"TITULARIDAD PROVINCIAL (DIPUTACIÓN, CABILDO O CONSELL)",VÍA CONVENCIONAL,EN T Ó Y,,SIN DATO,NINGUNA (SOLO NORMA),SECA Y LIMPIA,PLENO DÍA,BUEN TIEMPO,SIN RESTRICCIÓN,NINGUNA,N,Atropello a animales sueltos,FLUIDA,NINGUNA MEDIDA,Canino
2009230000178,2009,1,06:00,MIÉRCOLES,Jaén,Andalucía,,Torreperogil,1,0,0,1,1,CARRETERA,VÍAS INTERURBANAS,N-322,TITULARIDAD ESTATAL,VÍA CONVENCIONAL,EN T Ó Y,,SIN DATO,NINGUNA (SOLO NORMA),MOJADA,NOCHE: SIN ILUMINACIÓN,LLOVIZNANDO,FACTORES ATMOSFÉRICOS,NINGUNA,N,Salida de la vía por la izquierda con colisión (Choque con cuneta o bordillo),FLUIDA,NINGUNA MEDIDA,Canino
2009230000653,2009,5,22:00,SÁBADO,Jaén,Andalucía,,Torreperogil,1,0,0,1,1,CARRETERA,VÍAS INTERURBANAS,N-322,TITULARIDAD ESTATAL,VÍA CONVENCIONAL,EN X Ó +,,SIN DATO,NINGUNA (SOLO NORMA),SECA Y LIMPIA,NOCHE: SIN ILUMINACIÓN,BUEN TIEMPO,CONFIGURACIÓN DEL TERRENO,NINGUNA,N,Atropello a animales sueltos,FLUIDA,NINGUNA MEDIDA,Equino
2011230000685,2011,6,01:00,SÁBADO,Jaén,Andalucía,,Úbeda,1,0,0,1,1,CARRETERA,VÍAS INTERURBANAS,N-322,TITULARIDAD ESTATAL,VÍA CONVENCIONAL,EN T Ó Y,,SIN DATO,NINGUNA (SOLO NORMA),SECA Y LIMPIA,NOCHE: SIN ILUMINACIÓN,BUEN TIEMPO,SIN RESTRICCIÓN,NINGUNA,N,Atropello a animales sueltos,FLUIDA,NINGUNA MEDIDA,Equino
2008230001841,2008,12,06:00,VIERNES,Jaén,Andalucía,,Vilches,3,0,0,3,1,CARRETERA,VÍAS INTERURBANAS,A-312,TITULARIDAD AUTONÓMICA,VÍA CONVENCIONAL,EN T Ó Y,,SIN DATO,NINGUNA (SOLO NORMA),SECA Y LIMPIA,NOCHE: SIN ILUMINACIÓN,BUEN TIEMPO,SIN RESTRICCIÓN,NINGUNA,N,Atropello a animales sueltos,FLUIDA,NINGUNA MEDIDA,Equino
2009230000077,2009,1,10:00,LUNES,Jaén,Andalucía,,Villacarrillo,1,0,0,1,1,CARRETERA,VÍAS INTERURBANAS,N-322,TITULARIDAD ESTATAL,VÍA CONVENCIONAL,EN T Ó Y,,SIN DATO,NINGUNA (SOLO NORMA),SECA Y LIMPIA,PLENO DÍA,BUEN TIEMPO,SIN RESTRICCIÓN,NINGUNA,N,Atropello a animal conducido o en rebaño,FLUIDA,NINGUNA MEDIDA,Equino
2010230000691,2010,5,06:00,LUNES,Jaén,Andalucía,,Villacarrillo,1,0,0,1,1,CARRETERA,VÍAS INTERURBANAS,N-322,TITULARIDAD ESTATAL,VÍA CONVENCIONAL,EN T Ó Y,,SIN DATO,NINGUNA (SOLO NORMA),SECA Y LIMPIA,NOCHE: SIN ILUMINACIÓN,BUEN TIEMPO,SIN RESTRICCIÓN,NINGUNA,N,Atropello a animales sueltos,FLUIDA,NINGUNA MEDIDA,Zorro
2008230000233,2008,2,18:00,VIERNES,Jaén,Andalucía,,Villanueva del Arzobispo,2,0,0,2,1,CARRETERA,VÍAS INTERURBANAS,N-322,TITULARIDAD ESTATAL,VÍA CONVENCIONAL,EN X Ó +,,SIN DATO,NINGUNA (SOLO NORMA),SECA Y LIMPIA,PLENO DÍA,BUEN TIEMPO,SIN RESTRICCIÓN,NINGUNA,N,Salida de la vía por la izquierda con colisión (Choque con cuneta o bordillo),FLUIDA,NINGUNA MEDIDA,Ave
2009230001252,2009,9,13:00,MARTES,Jaén,Andalucía,,Villanueva del Arzobispo,1,0,0,1,1,CARRETERA,VÍAS INTERURBANAS,N-322,TITULARIDAD ESTATAL,VÍA CONVENCIONAL,EN T Ó Y,,SIN DATO,NINGUNA (SOLO NORMA),SECA Y LIMPIA,PLENO DÍA,BUEN TIEMPO,SIN RESTRICCIÓN,NINGUNA,N,Atropello a animales sueltos,FLUIDA,NINGUNA MEDIDA,Canino
2013240001029,2013,5,01:54,LUNES,León,Castilla y León,,,2,0,0,2,1,CARRETERA,VÍAS INTERURBANAS,LE-8507,"TITULARIDAD PROVINCIAL (DIPUTACIÓN, CABILDO O CONSELL)",VÍA CONVENCIONAL,EN T Ó Y,,SIN DATO,NINGUNA (SOLO NORMA),SECA Y LIMPIA,NOCHE: ILUMINACIÓN INSUFICIENTE,BUEN TIEMPO,VEGETACIÓN,NINGUNA,N,Atropello a animales sueltos,FLUIDA,NINGUNA MEDIDA,Jabalí
2013240000737,2013,4,21:45,SÁBADO,León,Castilla y León,,,1,0,0,1,1,CARRETERA,VÍAS INTERURBANAS,LE-232,TITULARIDAD AUTONÓMICA,VÍA CONVENCIONAL,EN T Ó Y,,SIN DATO,NINGUNA (SOLO NORMA),SECA Y LIMPIA,NOCHE: SIN ILUMINACIÓN,BUEN TIEMPO,SIN RESTRICCIÓN,NINGUNA,N,Atropello a animales sueltos,FLUIDA,NINGUNA MEDIDA,Corzo
2010240000411,2010,2,23:00,VIERNES,León,Castilla y León,,,1,0,0,1,1,CARRETERA,VÍAS INTERURBANAS,N-630,TITULARIDAD ESTATAL,VÍA CONVENCIONAL,EN T Ó Y,,SIN DATO,NINGUNA (SOLO NORMA),SECA Y LIMPIA,NOCHE: ILUMINACIÓN INSUFICIENTE,OTRO,SIN RESTRICCIÓN,NINGUNA,N,Atropello a animales sueltos,FLUIDA,NINGUNA MEDIDA,Equino
2009240001721,2009,7,20:00,MIÉRCOLES,León,Castilla y León,,,1,0,0,1,1,CARRETERA,VÍAS INTERURBANAS,CV-15801,"TITULARIDAD PROVINCIAL (DIPUTACIÓN, CABILDO O CONSELL)",VÍA CONVENCIONAL,EN X Ó +,,SIN DATO,NINGUNA (SOLO NORMA),MOJADA,PLENO DÍA,LLUVIA FUERTE,SIN RESTRICCIÓN,NINGUNA,N,Salida de la vía por la izquierda sin colisión (Con vuelco),FLUIDA,NINGUNA MEDIDA,Corzo
2012240002317,2012,10,22:00,DOMINGO,León,Castilla y León,,Bembibre,1,0,0,1,1,CARRETERA,VÍAS INTERURBANAS,A-6,TITULARIDAD ESTATAL,AUTOVÍA,EN T Ó Y,,SIN DATO,NINGUNA (SOLO NORMA),SECA Y LIMPIA,NOCHE: SIN ILUMINACIÓN,BUEN TIEMPO,OTRA_CAUSA,NINGUNA,N,Atropello a animales sueltos,FLUIDA,NINGUNA MEDIDA,Jabalí
2013240002684,2013,12,08:45,DOMINGO,León,Castilla y León,,Bembibre,1,0,0,1,1,CARRETERA,VÍAS INTERURBANAS,A-6,TITULARIDAD ESTATAL,AUTOVÍA,EN T Ó Y,,SIN DATO,NINGUNA (SOLO NORMA),SECA Y LIMPIA,PLENO DÍA,BUEN TIEMPO,SIN RESTRICCIÓN,NINGUNA,N,Atropello a animales sueltos,FLUIDA,NINGUNA MEDIDA,Zorro
2013240002112,2013,10,21:05,VIERNES,León,Castilla y León,,Bembibre,1,0,0,1,1,CARRETERA,VÍAS INTERURBANAS,LE-463,TITULARIDAD AUTONÓMICA,VÍA CONVENCIONAL,EN X Ó +,,SIN DATO,NINGUNA (SOLO NORMA),SECA Y LIMPIA,NOCHE: SIN ILUMINACIÓN,BUEN TIEMPO,SIN RESTRICCIÓN,NINGUNA,N,Atropello a animales sueltos,FLUIDA,NINGUNA MEDIDA,Jabalí
2013240000757,2013,4,02:45,MARTES,León,Castilla y León,,Bembibre,2,0,0,2,1,CARRETERA,VÍAS INTERURBANAS,A-6,TITULARIDAD ESTATAL,AUTOVÍA,EN T Ó Y,,SIN DATO,NINGUNA (SOLO NORMA),SECA Y LIMPIA,NOCHE: SIN ILUMINACIÓN,BUEN TIEMPO,SIN RESTRICCIÓN,NINGUNA,N,Atropello a animales sueltos,FLUIDA,NINGUNA MEDIDA,Jabalí
2013240000291,2013,2,21:25,LUNES,León,Castilla y León,,Bembibre,2,0,0,2,1,CARRETERA,VÍAS INTERURBANAS,A-6,TITULARIDAD ESTATAL,AUTOVÍA,EN X Ó +,,SIN DATO,OTRA SEÑAL,SECA Y LIMPIA,NOCHE: SIN ILUMINACIÓN,BUEN TIEMPO,SIN RESTRICCIÓN,NINGUNA,N,Atropello a animales sueltos,FLUIDA,NINGUNA MEDIDA,Jabalí
2012240001303,2012,6,09:00,SÁBADO,León,Castilla y León,,,2,0,0,2,1,CARRETERA,VÍAS INTERURBANAS,LE-715,TITULARIDAD AUTONÓMICA,VÍA CONVENCIONAL,EN T Ó Y,,SIN DATO,NINGUNA (SOLO NORMA),SECA Y LIMPIA,PLENO DÍA,OTRO,VEGETACIÓN,NINGUNA,N,Atropello a animales sueltos,FLUIDA,NINGUNA MEDIDA,Corzo
2009240001996,2009,8,22:00,JUEVES,León,Castilla y León,,,2,0,0,2,1,CARRETERA,VÍAS INTERURBANAS,CL-626,TITULARIDAD AUTONÓMICA,VÍA CONVENCIONAL,EN T Ó Y,,SIN DATO,NINGUNA (SOLO NORMA),SECA Y LIMPIA,NOCHE: ILUMINACIÓN INSUFICIENTE,BUEN TIEMPO,SIN RESTRICCIÓN,NINGUNA,N,Atropello a animales sueltos,FLUIDA,NINGUNA MEDIDA,Equino
2011240002041,2011,8,23:00,LUNES,León,Castilla y León,,,7,0,0,7,3,TRAVESÍA,VÍAS URBANAS,CL-626,TITULARIDAD AUTONÓMICA,VÍA CONVENCIONAL,EN X Ó +,,SIN DATO,OTRA SEÑAL,SECA Y LIMPIA,NOCHE: ILUMINACIÓN INSUFICIENTE,BUEN TIEMPO,SIN RESTRICCIÓN,NINGUNA,N,Atropello a animales sueltos,FLUIDA,NINGUNA MEDIDA,Equino