ID_ACCIDENTE,ANIO,MES,HORA,DIASEMANA,PROVINCIA,COMUNIDAD_AUTONOMA,ISLA,MUNICIPIO,TOT_VICTIMAS,TOT_MUERTOS,TOT_HERIDOS_GRAVES,TOT_HERIDOS_LEVES,TOT_VEHICULOS_IMPLICADOS,ZONA,ZONA_AGRUPADA,CARRETERA,RED_CARRETERA,TIPO_VIA,TRAZADO_NO_INTERSEC,TIPO_INTERSEC,ACOND_CALZADA,PRIORIDAD,SUPERFICIE_CALZADA,LUMINOSIDAD,FACTORES_ATMOSFERICOS,VISIBILIDAD_RESTRINGIDA,OTRA_CIRCUNSTANCIA,ACERAS,TIPO_ACCIDENTE,DENSIDAD_CIRCULACION,MEDIDAS_ESPECIALES,COD_ANIMAL
2012240002253,2012,9,21:00,VIERNES,León,Castilla y León,,,1,0,0,1,1,CARRETERA,VÍAS INTERURBANAS,LE-420,TITULARIDAD AUTONÓMICA,VÍA CONVENCIONAL,EN T Ó Y,,SIN DATO,NINGUNA (SOLO NORMA),SECA Y LIMPIA,NOCHE: SIN ILUMINACIÓN,BUEN TIEMPO,SIN RESTRICCIÓN,NINGUNA,N,Atropello a animales sueltos,FLUIDA,NINGUNA MEDIDA,Corzo
2013240001234,2013,6,19:45,DOMINGO,León,Castilla y León,,,1,0,0,1,1,CARRETERA,VÍAS INTERURBANAS,LE-493,TITULARIDAD AUTONÓMICA,VÍA CONVENCIONAL,EN T Ó Y,,SIN DATO,NINGUNA (SOLO NORMA),SECA Y LIMPIA,PLENO DÍA,BUEN TIEMPO,VEGETACIÓN,NINGUNA,N,Atropello a animales sueltos,FLUIDA,NINGUNA MEDIDA,Corzo
2013240000980,2013,5,09:55,JUEVES,León,Castilla y León,,,2,0,0,2,1,CARRETERA,VÍAS INTERURBANAS,LE-493,TITULARIDAD AUTONÓMICA,VÍA CONVENCIONAL,EN T Ó Y,,SIN DATO,NINGUNA (SOLO NORMA),SECA Y LIMPIA,PLENO DÍA,BUEN TIEMPO,SIN RESTRICCIÓN,NINGUNA,N,Atropello a animales sueltos,FLUIDA,NINGUNA MEDIDA,Corzo
2011240000689,2011,3,20:00,VIERNES,León,Castilla y León,,,2,0,0,2,1,CARRETERA,VÍAS INTERURBANAS,A-66,TITULARIDAD ESTATAL,AUTOVÍA,EN T Ó Y,,SIN DATO,NINGUNA (SOLO NORMA),MOJADA,NOCHE: SIN ILUMINACIÓN,OTRO,SIN RESTRICCIÓN,NINGUNA,N,Atropello a animales sueltos,FLUIDA,NINGUNA MEDIDA,Jabalí
2008240002195,2008,9,22:00,JUEVES,León,Castilla y León,,,1,0,0,1,1,CARRETERA,VÍAS INTERURBANAS,CL-631,TITULARIDAD AUTONÓMICA,AUTOVÍA,EN X Ó +,,SIN DATO,NINGUNA (SOLO NORMA),SECA Y LIMPIA,NOCHE: SIN ILUMINACIÓN,BUEN TIEMPO,SIN RESTRICCIÓN,NINGUNA,N,Atropello a animales sueltos,FLUIDA,NINGUNA MEDIDA,Jabalí
2009240002760,2009,11,21:00,DOMINGO,León,Castilla y León,,,2,0,0,2,1,CARRETERA,VÍAS INTERURBANAS,CL-631,TITULARIDAD AUTONÓMICA,AUTOVÍA,EN T Ó Y,,SIN DATO,NINGUNA (SOLO NORMA),SECA Y LIMPIA,NOCHE: SIN ILUMINACIÓN,BUEN TIEMPO,SIN RESTRICCIÓN,NINGUNA,N,Atropello a animales sueltos,FLUIDA,NINGUNA MEDIDA,Jabalí
2010240002693,2010,10,22:00,MARTES,León,Castilla y León,,,1,0,0,1,2,CARRETERA,VÍAS INTERURBANAS,CL-631,TITULARIDAD AUTONÓMICA,VÍA CONVENCIONAL,EN T Ó Y,,SIN DATO,NINGUNA (SOLO NORMA),SECA Y LIMPIA,NOCHE: SIN ILUMINACIÓN,BUEN TIEMPO,SIN RESTRICCIÓN,NINGUNA,N,Atropello a animales sueltos,FLUIDA,NINGUNA MEDIDA,Jabalí
2013240001095,2013,5,23:50,VIERNES,León,Castilla y León,,,1,0,0,1,1,CARRETERA,VÍAS INTERURBANAS,LE-715,TITULARIDAD AUTONÓMICA,VÍA CONVENCIONAL,EN T Ó Y,,SIN DATO,SOLO MARCAS VIALES,SECA Y LIMPIA,NOCHE: SIN ILUMINACIÓN,BUEN TIEMPO,VEGETACIÓN,NINGUNA,N,Atropello a animales sueltos,FLUIDA,NINGUNA MEDIDA,Jabalí
2013240000947,2013,5,20:40,MARTES,León,Castilla y León,,,2,0,0,2,1,CARRETERA,VÍAS INTERURBANAS,LE-715,TITULARIDAD AUTONÓMICA,VÍA CONVENCIONAL,EN T Ó Y,,SIN DATO,NINGUNA (SOLO NORMA),MOJADA,PLENO DÍA,BUEN TIEMPO,SIN RESTRICCIÓN,NINGUNA,N,Atropello a animales sueltos,FLUIDA,NINGUNA MEDIDA,Corzo
2011240003260,2011,12,22:00,LUNES,León,Castilla y León,,,1,0,0,1,1,CARRETERA,VÍAS INTERURBANAS,A-6,TITULARIDAD ESTATAL,AUTOVÍA,EN T Ó Y,,SIN DATO,NINGUNA (SOLO NORMA),SECA Y LIMPIA,NOCHE: SIN ILUMINACIÓN,BUEN TIEMPO,SIN RESTRICCIÓN,NINGUNA,N,Atropello a animales sueltos,FLUIDA,NINGUNA MEDIDA,Jabalí
2011240001561,2011,7,22:00,MARTES,León,Castilla y León,,,1,0,0,1,1,CARRETERA,VÍAS INTERURBANAS,LE-126,TITULARIDAD AUTONÓMICA,VÍA CONVENCIONAL,EN T Ó Y,,SIN DATO,NINGUNA (SOLO NORMA),SECA Y LIMPIA,NOCHE: SIN ILUMINACIÓN,BUEN TIEMPO,SIN RESTRICCIÓN,NINGUNA,N,Atropello a animales sueltos,FLUIDA,NINGUNA MEDIDA,Vacuno
2013240000281,2013,2,07:45,VIERNES,León,Castilla y León,,,1,0,0,1,1,CARRETERA,VÍAS INTERURBANAS,LE-126,TITULARIDAD AUTONÓMICA,VÍA CONVENCIONAL,EN T Ó Y,,SIN DATO,SOLO MARCAS VIALES,SECA Y LIMPIA,NOCHE: SIN ILUMINACIÓN,BUEN TIEMPO,VEGETACIÓN,NINGUNA,N,Atropello a animales sueltos,FLUIDA,NINGUNA MEDIDA,Corzo
2010240001668,2010,7,04:00,LUNES,León,Castilla y León,,,1,0,0,1,1,CARRETERA,VÍAS INTERURBANAS,CL-621,TITULARIDAD AUTONÓMICA,VÍA CONVENCIONAL,EN T Ó Y,,SIN DATO,SOLO MARCAS VIALES,SECA Y LIMPIA,NOCHE: SIN ILUMINACIÓN,BUEN TIEMPO,SIN RESTRICCIÓN,NINGUNA,N,Salida de la vía por la derecha sin colisión (Con vuelco),FLUIDA,NINGUNA MEDIDA,Ave
2013240001377,2013,7,11:10,VIERNES,León,Castilla y León,,,2,0,0,2,1,CARRETERA,VÍAS INTERURBANAS,A-60,TITULARIDAD ESTATAL,AUTOVÍA,EN T Ó Y,,SIN DATO,NINGUNA (SOLO NORMA),SECA Y LIMPIA,PLENO DÍA,BUEN TIEMPO,SIN RESTRICCIÓN,NINGUNA,N,Atropello a animales sueltos,FLUIDA,NINGUNA MEDIDA,Canino
2013240002070,2013,9,22:30,SÁBADO,León,Castilla y León,,,1,0,0,1,1,CARRETERA,VÍAS INTERURBANAS,CL-622,TITULARIDAD AUTONÓMICA,VÍA CONVENCIONAL,EN T Ó Y,,SIN DATO,NINGUNA (SOLO NORMA),SECA Y LIMPIA,NOCHE: SIN ILUMINACIÓN,BUEN TIEMPO,SIN RESTRICCIÓN,NINGUNA,N,Atropello a animales sueltos,FLUIDA,NINGUNA MEDIDA,Zorro
2012240001408,2012,6,23:00,DOMINGO,León,Castilla y León,,,2,0,0,2,1,CARRETERA,VÍAS INTERURBANAS,CL-626,TITULARIDAD AUTONÓMICA,VÍA CONVENCIONAL,EN T Ó Y,,SIN DATO,NINGUNA (SOLO NORMA),SECA Y LIMPIA,NOCHE: SIN ILUMINACIÓN,BUEN TIEMPO,SIN RESTRICCIÓN,NINGUNA,N,Atropello a animales sueltos,FLUIDA,NINGUNA MEDIDA,Vacuno
2012240002649,2012,11,20:00,MARTES,León,Castilla y León,,,1,0,0,1,1,CARRETERA,VÍAS INTERURBANAS,N-VI,TITULARIDAD ESTATAL,VÍA CONVENCIONAL,EN T Ó Y,,SIN DATO,NINGUNA (SOLO NORMA),SECA Y LIMPIA,NOCHE: ILUMINACIÓN INSUFICIENTE,BUEN TIEMPO,SIN RESTRICCIÓN,NINGUNA,N,Atropello a animales sueltos,FLUIDA,NINGUNA MEDIDA,Jabalí
2009240002571,2009,10,22:00,SÁBADO,León,Castilla y León,,,1,0,0,1,1,CARRETERA,VÍAS INTERURBANAS,LE-234,TITULARIDAD AUTONÓMICA,VÍA CONVENCIONAL,EN T Ó Y,,SIN DATO,NINGUNA (SOLO NORMA),SECA Y LIMPIA,NOCHE: SIN ILUMINACIÓN,BUEN TIEMPO,SIN RESTRICCIÓN,NINGUNA,N,Atropello a animales sueltos,FLUIDA,NINGUNA MEDIDA,Vacuno
2011240002066,2011,9,00:00,JUEVES,León,Castilla y León,,,3,0,0,3,1,CARRETERA,VÍAS INTERURBANAS,LE-234,TITULARIDAD AUTONÓMICA,VÍA CONVENCIONAL,EN T Ó Y,,SIN DATO,NINGUNA (SOLO NORMA),SECA Y LIMPIA,NOCHE: SIN ILUMINACIÓN,BUEN TIEMPO,SIN RESTRICCIÓN,NINGUNA,N,Atropello a animales sueltos,FLUIDA,NINGUNA MEDIDA,Corzo
2012240000222,2012,1,06:00,DOMINGO,León,Castilla y León,,,2,0,0,2,1,CARRETERA,VÍAS INTERURBANAS,LE-234,TITULARIDAD AUTONÓMICA,VÍA CONVENCIONAL,EN T Ó Y,,SIN DATO,SOLO MARCAS VIALES,MOJADA,NOCHE: SIN ILUMINACIÓN,NIEBLA INTENSA,FACTORES ATMOSFÉRICOS,NINGUNA,N,Atropello a animales sueltos,FLUIDA,NINGUNA MEDIDA,Equino
2010240000564,2010,3,19:00,LUNES,León,Castilla y León,,,1,0,0,1,1,CARRETERA,VÍAS INTERURBANAS,CL-622,TITULARIDAD AUTONÓMICA,VÍA CONVENCIONAL,EN T Ó Y,,SIN DATO,SOLO MARCAS VIALES,SECA Y LIMPIA,NOCHE: ILUMINACIÓN INSUFICIENTE,BUEN TIEMPO,SIN RESTRICCIÓN,NINGUNA,N,Atropello a animales sueltos,FLUIDA,NINGUNA MEDIDA,Canino
2013240001825,2013,8,21:25,MARTES,León,Castilla y León,,,2,0,0,2,3,CARRETERA,VÍAS INTERURBANAS,A-66,TITULARIDAD ESTATAL,AUTOVÍA,EN T Ó Y,,SIN DATO,NINGUNA (SOLO NORMA),SECA Y LIMPIA,NOCHE: SIN ILUMINACIÓN,BUEN TIEMPO,SIN RESTRICCIÓN,NINGUNA,N,Atropello a animales sueltos,FLUIDA,NINGUNA MEDIDA,Canino
2010240001295,2010,6,19:00,MARTES,León,Castilla y León,,Valverde de la Virgen,1,0,0,1,1,CARRETERA,VÍAS INTERURBANAS,LE-441,TITULARIDAD AUTONÓMICA,VÍA CONVENCIONAL,EN T Ó Y,,SIN DATO,NINGUNA (SOLO NORMA),SECA Y LIMPIA,PLENO DÍA,BUEN TIEMPO,SIN RESTRICCIÓN,NINGUNA,N,Atropello a animales sueltos,FLUIDA,NINGUNA MEDIDA,Corzo
2012240002328,2012,10,01:00,SÁBADO,León,Castilla y León,,Valverde de la Virgen,2,0,0,2,1,CARRETERA,VÍAS INTERURBANAS,LE-441,TITULARIDAD AUTONÓMICA,VÍA CONVENCIONAL,EN T Ó Y,,SIN DATO,NINGUNA (SOLO NORMA),SECA Y LIMPIA,NOCHE: SIN ILUMINACIÓN,BUEN TIEMPO,VEGETACIÓN,NINGUNA,N,Atropello a animales sueltos,FLUIDA,NINGUNA MEDIDA,Jabalí
2012240002141,2012,9,01:00,VIERNES,León,Castilla y León,,Valverde de la Virgen,1,0,0,1,1,CARRETERA,VÍAS INTERURBANAS,LE-441,TITULARIDAD AUTONÓMICA,VÍA CONVENCIONAL,EN T Ó Y,,SIN DATO,NINGUNA (SOLO NORMA),SECA Y LIMPIA,NOCHE: SIN ILUMINACIÓN,BUEN TIEMPO,SIN RESTRICCIÓN,NINGUNA,N,Atropello a animales sueltos,FLUIDA,NINGUNA MEDIDA,Corzo
2013240002657,2013,12,06:10,LUNES,León,Castilla y León,,Valverde de la Virgen,1,0,0,1,1,CARRETERA,VÍAS INTERURBANAS,LE-441,TITULARIDAD AUTONÓMICA,VÍA CONVENCIONAL,EN T Ó Y,,SIN DATO,NINGUNA (SOLO NORMA),SECA Y LIMPIA,NOCHE: SIN ILUMINACIÓN,BUEN TIEMPO,SIN RESTRICCIÓN,NINGUNA,N,Atropello a animales sueltos,FLUIDA,NINGUNA MEDIDA,Jabalí
2013240001827,2013,8,01:40,DOMINGO,León,Castilla y León,,Valverde de la Virgen,4,0,0,4,1,CARRETERA,VÍAS INTERURBANAS,LE-441,TITULARIDAD AUTONÓMICA,VÍA CONVENCIONAL,EN T Ó Y,,SIN DATO,NINGUNA (SOLO NORMA),SECA Y LIMPIA,NOCHE: ILUMINACIÓN INSUFICIENTE,BUEN TIEMPO,SIN RESTRICCIÓN,NINGUNA,N,Atropello a animales sueltos,FLUIDA,NINGUNA MEDIDA,Jabalí
2012240001141,2012,5,12:00,SÁBADO,León,Castilla y León,,,2,0,1,1,2,TRAVESÍA,VÍAS URBANAS,LE-321,TITULARIDAD ESTATAL,VÍA CONVENCIONAL,EN T Ó Y,,SIN DATO,NINGUNA (SOLO NORMA),SECA Y LIMPIA,PLENO DÍA,BUEN TIEMPO,SIN RESTRICCIÓN,NINGUNA,N,Vuelco en la calzada,FLUIDA,NINGUNA MEDIDA,Canino
2008240002618,2008,10,20:00,DOMINGO,León,Castilla y León,,,2,0,0,2,1,CARRETERA,VÍAS INTERURBANAS,A-231,TITULARIDAD AUTONÓMICA,AUTOVÍA,EN X Ó +,,SIN DATO,NINGUNA (SOLO NORMA),SECA Y LIMPIA,NOCHE: SIN ILUMINACIÓN,BUEN TIEMPO,SIN RESTRICCIÓN,NINGUNA,N,Atropello a animales sueltos,FLUIDA,NINGUNA MEDIDA,Jabalí
2011240002877,2011,11,10:00,SÁBADO,León,Castilla y León,,,2,0,0,2,1,CARRETERA,VÍAS INTERURBANAS,CV-19511,"TITULARIDAD PROVINCIAL (DIPUTACIÓN, CABILDO O CONSELL)",VÍA CONVENCIONAL,EN T Ó Y,,SIN DATO,NINGUNA (SOLO NORMA),SECA Y LIMPIA,PLENO DÍA,BUEN TIEMPO,SIN RESTRICCIÓN,NINGUNA,N,Atropello a animales sueltos,FLUIDA,NINGUNA MEDIDA,Corzo
2010240000362,2010,2,23:00,DOMINGO,León,Castilla y León,,,3,0,1,2,1,CARRETERA,VÍAS INTERURBANAS,CL-624,TITULARIDAD AUTONÓMICA,VÍA CONVENCIONAL,EN T Ó Y,,SIN DATO,NINGUNA (SOLO NORMA),MOJADA,NOCHE: SIN ILUMINACIÓN,LLOVIZNANDO,OTRA_CAUSA,CAMBIO DE RASANTE,N,Atropello a animales sueltos,FLUIDA,NINGUNA MEDIDA,Equino
2010240001831,2010,7,12:00,SÁBADO,León,Castilla y León,,,2,0,1,1,2,CARRETERA,VÍAS INTERURBANAS,CL-624,TITULARIDAD AUTONÓMICA,VÍA CONVENCIONAL,EN X Ó +,,SIN DATO,NINGUNA (SOLO NORMA),SECA Y LIMPIA,PLENO DÍA,BUEN TIEMPO,SIN RESTRICCIÓN,NINGUNA,N,Vuelco en la calzada,FLUIDA,NINGUNA MEDIDA,Vacuno
2013240001976,2013,9,07:15,MARTES,León,Castilla y León,,,1,0,0,1,2,CARRETERA,VÍAS INTERURBANAS,CL-624,TITULARIDAD AUTONÓMICA,VÍA CONVENCIONAL,ENLACE DE SALIDA,,SIN DATO,NINGUNA (SOLO NORMA),SECA Y LIMPIA,NOCHE: ILUMINACIÓN INSUFICIENTE,BUEN TIEMPO,CONFIGURACIÓN DEL TERRENO,NINGUNA,N,Atropello a animales sueltos,FLUIDA,NINGUNA MEDIDA,Corzo
2011240000174,2011,1,07:00,MARTES,León,Castilla y León,,Villablino,2,0,0,2,1,CARRETERA,VÍAS INTERURBANAS,CL-631,TITULARIDAD AUTONÓMICA,VÍA CONVENCIONAL,EN T Ó Y,,SIN DATO,NINGUNA (SOLO NORMA),MOJADA,NOCHE: SIN ILUMINACIÓN,BUEN TIEMPO,SIN RESTRICCIÓN,NINGUNA,N,Atropello a animales sueltos,FLUIDA,NINGUNA MEDIDA,Equino
2011240001043,2011,5,23:00,MIÉRCOLES,León,Castilla y León,,Villablino,3,0,0,3,1,CARRETERA,VÍAS INTERURBANAS,CL-626,TITULARIDAD AUTONÓMICA,VÍA CONVENCIONAL,EN T Ó Y,,SIN DATO,NINGUNA (SOLO NORMA),SECA Y LIMPIA,NOCHE: ILUMINACIÓN INSUFICIENTE,BUEN TIEMPO,SIN RESTRICCIÓN,NINGUNA,N,Atropello a animales sueltos,FLUIDA,NINGUNA MEDIDA,Equino
2012240002562,2012,10,12:00,SÁBADO,León,Castilla y León,,Villablino,1,0,0,1,1,CARRETERA,VÍAS INTERURBANAS,LE-493,TITULARIDAD AUTONÓMICA,VÍA CONVENCIONAL,EN T Ó Y,,SIN DATO,SOLO MARCAS VIALES,MOJADA,PLENO DÍA,LLOVIZNANDO,SIN RESTRICCIÓN,FIRME DESLIZANTE SEÑALIZADO,N,Atropello a animales sueltos,FLUIDA,NINGUNA MEDIDA,Corzo
2012240003052,2012,12,22:00,MARTES,León,Castilla y León,,,1,0,0,1,1,CARRETERA,VÍAS INTERURBANAS,N-120,TITULARIDAD ESTATAL,VÍA CONVENCIONAL,EN T Ó Y,,SIN DATO,NINGUNA (SOLO NORMA),SECA Y LIMPIA,NOCHE: ILUMINACIÓN INSUFICIENTE,BUEN TIEMPO,CONFIGURACIÓN DEL TERRENO,NINGUNA,N,Atropello a animales sueltos,FLUIDA,NINGUNA MEDIDA,Jabalí
2013240002634,2013,12,18:00,DOMINGO,León,Castilla y León,,,1,0,0,1,1,CARRETERA,VÍAS INTERURBANAS,LE-443,TITULARIDAD AUTONÓMICA,VÍA CONVENCIONAL,EN T Ó Y,,SIN DATO,NINGUNA (SOLO NORMA),SECA Y LIMPIA,CREPÚSCULO,BUEN TIEMPO,SIN RESTRICCIÓN,NINGUNA,N,Atropello a animal conducido o en rebaño,FLUIDA,NINGUNA MEDIDA,Ovino
2009240001519,2009,6,03:00,DOMINGO,León,Castilla y León,,,1,0,0,1,1,CARRETERA,VÍAS INTERURBANAS,N-VI,TITULARIDAD ESTATAL,VÍA CONVENCIONAL,EN T Ó Y,,SIN DATO,NINGUNA (SOLO NORMA),SECA Y LIMPIA,NOCHE: SIN ILUMINACIÓN,BUEN TIEMPO,SIN RESTRICCIÓN,NINGUNA,N,Atropello a animales sueltos,FLUIDA,NINGUNA MEDIDA,Corzo
2009240000825,2009,4,17:00,LUNES,León,Castilla y León,,,1,0,0,1,1,ZONA URBANA,VÍAS URBANAS,,OTRAS TITULARIDADES,VÍA DE SERVICIO,ENLACE DE ENTRADA,,SIN DATO,NINGUNA (SOLO NORMA),SECA Y LIMPIA,PLENO DÍA,BUEN TIEMPO,SIN RESTRICCIÓN,NINGUNA,N,Otro tipo de accidente,FLUIDA,NINGUNA MEDIDA,Ciervo
2011240001594,2011,7,08:00,VIERNES,León,Castilla y León,,,1,0,0,1,1,CARRETERA,VÍAS INTERURBANAS,CV-15922,"TITULARIDAD PROVINCIAL (DIPUTACIÓN, CABILDO O CONSELL)",VÍA CONVENCIONAL,EN T Ó Y,,SIN DATO,NINGUNA (SOLO NORMA),SECA Y LIMPIA,PLENO DÍA,BUEN TIEMPO,VEGETACIÓN,NINGUNA,N,Atropello a animales sueltos,FLUIDA,NINGUNA MEDIDA,Corzo
2012240001253,2012,6,03:00,VIERNES,León,Castilla y León,,,2,0,0,2,1,CARRETERA,VÍAS INTERURBANAS,N-VI,TITULARIDAD ESTATAL,VÍA CONVENCIONAL,EN T Ó Y,,SIN DATO,NINGUNA (SOLO NORMA),SECA Y LIMPIA,NOCHE: SIN ILUMINACIÓN,BUEN TIEMPO,SIN RESTRICCIÓN,NINGUNA,N,Atropello a animales sueltos,FLUIDA,NINGUNA MEDIDA,Jabalí
2013240002078,2013,9,07:50,VIERNES,León,Castilla y León,,,1,0,0,1,1,CARRETERA,VÍAS INTERURBANAS,LE-5333,"TITULARIDAD PROVINCIAL (DIPUTACIÓN, CABILDO O CONSELL)",VÍA CONVENCIONAL,EN T Ó Y,,SIN DATO,NINGUNA (SOLO NORMA),SECA Y LIMPIA,PLENO DÍA,BUEN TIEMPO,SIN RESTRICCIÓN,NINGUNA,N,Atropello a animales sueltos,FLUIDA,NINGUNA MEDIDA,Corzo
2008240000968,2008,4,12:00,SÁBADO,León,Castilla y León,,,1,0,0,1,1,CARRETERA,VÍAS INTERURBANAS,CL-621,TITULARIDAD AUTONÓMICA,VÍA CONVENCIONAL,EN T Ó Y,,SIN DATO,SOLO MARCAS VIALES,MOJADA,PLENO DÍA,LLUVIA FUERTE,SIN RESTRICCIÓN,NINGUNA,N,Salida de la vía por la derecha con colisión (Choque con muro o edifício),FLUIDA,NINGUNA MEDIDA,Canino
2010240001891,2010,8,17:00,MIÉRCOLES,León,Castilla y León,,,1,0,0,1,1,CARRETERA,VÍAS INTERURBANAS,CL-621,TITULARIDAD AUTONÓMICA,VÍA CONVENCIONAL,EN T Ó Y,,SIN DATO,SOLO MARCAS VIALES,SECA Y LIMPIA,PLENO DÍA,BUEN TIEMPO,SIN RESTRICCIÓN,NINGUNA,N,Atropello a animales sueltos,FLUIDA,NINGUNA MEDIDA,Canino
2011240000787,2011,4,03:00,LUNES,León,Castilla y León,,,3,0,0,3,1,CARRETERA,VÍAS INTERURBANAS,N-630,TITULARIDAD ESTATAL,VÍA CONVENCIONAL,EN T Ó Y,,SIN DATO,NINGUNA (SOLO NORMA),SECA Y LIMPIA,NOCHE: SIN ILUMINACIÓN,BUEN TIEMPO,SIN RESTRICCIÓN,NINGUNA,N,Atropello a animales sueltos,FLUIDA,NINGUNA MEDIDA,Jabalí
2013240002373,2013,11,20:30,SÁBADO,León,Castilla y León,,,1,0,0,1,1,CARRETERA,VÍAS INTERURBANAS,LE-411,TITULARIDAD AUTONÓMICA,VÍA CONVENCIONAL,EN T Ó Y,,SIN DATO,NINGUNA (SOLO NORMA),SECA Y LIMPIA,NOCHE: SIN ILUMINACIÓN,BUEN TIEMPO,SIN RESTRICCIÓN,NINGUNA,N,Atropello a animales sueltos,FLUIDA,NINGUNA MEDIDA,Otro animal
2013240001064,2013,5,00:40,LUNES,León,Castilla y León,,,1,0,0,1,1,CARRETERA,VÍAS INTERURBANAS,A-66,TITULARIDAD ESTATAL,AUTOVÍA,EN T Ó Y,,SIN DATO,NINGUNA (SOLO NORMA),SECA Y LIMPIA,NOCHE: SIN ILUMINACIÓN,BUEN TIEMPO,SIN RESTRICCIÓN,NINGUNA,N,Atropello a animales sueltos,FLUIDA,NINGUNA MEDIDA,Jabalí
2013240002423,2013,11,18:40,DOMINGO,León,Castilla y León,,,1,0,0,1,1,CARRETERA,VÍAS INTERURBANAS,CL-621,TITULARIDAD AUTONÓMICA,VÍA CONVENCIONAL,EN T Ó Y,,SIN DATO,NINGUNA (SOLO NORMA),SECA Y LIMPIA,NOCHE: SIN ILUMINACIÓN,BUEN TIEMPO,SIN RESTRICCIÓN,NINGUNA,N,Atropello a animales sueltos,FLUIDA,NINGUNA MEDIDA,Jabalí
2012240001585,2012,7,03:00,DOMINGO,León,Castilla y León,,,1,0,0,1,1,CARRETERA,VÍAS INTERURBANAS,LE-5411,"TITULARIDAD PROVINCIAL (DIPUTACIÓN, CABILDO O CONSELL)",VÍA CONVENCIONAL,EN T Ó Y,,SIN DATO,NINGUNA (SOLO NORMA),SECA Y LIMPIA,NOCHE: SIN ILUMINACIÓN,BUEN TIEMPO,SIN RESTRICCIÓN,NINGUNA,N,Atropello a animales sueltos,FLUIDA,NINGUNA MEDIDA,Corzo
2012240001738,2012,8,23:00,JUEVES,León,Castilla y León,,,1,0,0,1,1,CARRETERA,VÍAS INTERURBANAS,A-66,TITULARIDAD ESTATAL,AUTOVÍA,EN T Ó Y,,SIN DATO,NINGUNA (SOLO NORMA),SECA Y LIMPIA,NOCHE: ILUMINACIÓN SUFICIENTE,BUEN TIEMPO,CONFIGURACIÓN DEL TERRENO,NINGUNA,N,Atropello a animales sueltos,FLUIDA,NINGUNA MEDIDA,Jabalí
2012240001336,2012,6,23:00,SÁBADO,León,Castilla y León,,,3,0,0,3,1,CARRETERA,VÍAS INTERURBANAS,N-120,TITULARIDAD ESTATAL,VÍA CONVENCIONAL,EN T Ó Y,,SIN DATO,NINGUNA (SOLO NORMA),SECA Y LIMPIA,NOCHE: SIN ILUMINACIÓN,BUEN TIEMPO,SIN RESTRICCIÓN,NINGUNA,N,Atropello a animales sueltos,FLUIDA,NINGUNA MEDIDA,Corzo
2013240001891,2013,9,22:10,JUEVES,León,Castilla y León,,,1,0,0,1,1,CARRETERA,VÍAS INTERURBANAS,N-120,TITULARIDAD ESTATAL,VÍA CONVENCIONAL,EN T Ó Y,,SIN DATO,NINGUNA (SOLO NORMA),SECA Y LIMPIA,NOCHE: SIN ILUMINACIÓN,BUEN TIEMPO,VEGETACIÓN,NINGUNA,N,Atropello a animales sueltos,FLUIDA,NINGUNA MEDIDA,Corzo
2009240000448,2009,2,19:00,DOMINGO,León,Castilla y León,,,1,0,0,1,1,CARRETERA,VÍAS INTERURBANAS,CV S/N,TITULARIDAD MUNICIPAL,CAMINO VECINAL,EN T Ó Y,,SIN DATO,NINGUNA (SOLO NORMA),SECA Y LIMPIA,NOCHE: ILUMINACIÓN INSUFICIENTE,BUEN TIEMPO,SIN RESTRICCIÓN,NINGUNA,N,Atropello a animales sueltos,FLUIDA,NINGUNA MEDIDA,Canino
2013240000608,2013,3,07:35,VIERNES,León,Castilla y León,,,1,0,0,1,1,CARRETERA,VÍAS INTERURBANAS,LE-213,TITULARIDAD AUTONÓMICA,VÍA CONVENCIONAL,EN T Ó Y,,SIN DATO,NINGUNA (SOLO NORMA),MOJADA,PLENO DÍA,LLOVIZNANDO,SIN RESTRICCIÓN,NINGUNA,N,Atropello a animales sueltos,FLUIDA,NINGUNA MEDIDA,Corzo
2008240002233,2008,9,14:00,VIERNES,León,Castilla y León,,,1,0,0,1,1,CARRETERA,VÍAS INTERURBANAS,CV-16116,"TITULARIDAD PROVINCIAL (DIPUTACIÓN, CABILDO O CONSELL)",VÍA CONVENCIONAL,EN T Ó Y,,SIN DATO,NINGUNA (SOLO NORMA),SECA Y LIMPIA,PLENO DÍA,BUEN TIEMPO,SIN RESTRICCIÓN,NINGUNA,N,Atropello a animales sueltos,FLUIDA,NINGUNA MEDIDA,Canino
2010240000363,2010,2,21:00,JUEVES,León,Castilla y León,,,2,0,0,2,1,CARRETERA,VÍAS INTERURBANAS,CV-16116,"TITULARIDAD PROVINCIAL (DIPUTACIÓN, CABILDO O CONSELL)",VÍA CONVENCIONAL,EN T Ó Y,,SIN DATO,NINGUNA (SOLO NORMA),MOJADA,NOCHE: ILUMINACIÓN INSUFICIENTE,LLUVIA FUERTE,SIN RESTRICCIÓN,NINGUNA,N,Atropello a animales sueltos,FLUIDA,NINGUNA MEDIDA,Canino