ID_ACCIDENTE,ANIO,MES,HORA,DIASEMANA,PROVINCIA,COMUNIDAD_AUTONOMA,ISLA,MUNICIPIO,TOT_VICTIMAS,TOT_MUERTOS,TOT_HERIDOS_GRAVES,TOT_HERIDOS_LEVES,TOT_VEHICULOS_IMPLICADOS,ZONA,ZONA_AGRUPADA,CARRETERA,RED_CARRETERA,TIPO_VIA,TRAZADO_NO_INTERSEC,TIPO_INTERSEC,ACOND_CALZADA,PRIORIDAD,SUPERFICIE_CALZADA,LUMINOSIDAD,FACTORES_ATMOSFERICOS,VISIBILIDAD_RESTRINGIDA,OTRA_CIRCUNSTANCIA,ACERAS,TIPO_ACCIDENTE,DENSIDAD_CIRCULACION,MEDIDAS_ESPECIALES,COD_ANIMAL
2010270001332,2010,8,20:00,MARTES,Lugo,Galicia,,,1,0,0,1,1,CARRETERA,VÍAS INTERURBANAS,,"TITULARIDAD PROVINCIAL (DIPUTACIÓN, CABILDO O CONSELL)",CAMINO VECINAL,EN T Ó Y,,SIN DATO,NINGUNA (SOLO NORMA),SECA Y LIMPIA,CREPÚSCULO,BUEN TIEMPO,SIN RESTRICCIÓN,NINGUNA,N,Atropello a animal conducido o en rebaño,FLUIDA,NINGUNA MEDIDA,Vacuno
2012270000143,2012,1,21:00,MIÉRCOLES,Lugo,Galicia,,,1,0,1,0,1,CARRETERA,VÍAS INTERURBANAS,CP-LU-4905,"TITULARIDAD PROVINCIAL (DIPUTACIÓN, CABILDO O CONSELL)",VÍA CONVENCIONAL,ENLACE DE ENTRADA,,SIN DATO,NINGUNA (SOLO NORMA),MOJADA,NOCHE: SIN ILUMINACIÓN,BUEN TIEMPO,SIN RESTRICCIÓN,NINGUNA,N,Salida de la vía por la izquierda con colisión (Choque con árbol o poste),FLUIDA,NINGUNA MEDIDA,Animal no identificado
2012270001449,2012,8,23:00,MIÉRCOLES,Lugo,Galicia,,,1,0,0,1,1,CARRETERA,VÍAS INTERURBANAS,N-540,TITULARIDAD ESTATAL,VÍA CONVENCIONAL,EN T Ó Y,,SIN DATO,NINGUNA (SOLO NORMA),SECA Y LIMPIA,NOCHE: SIN ILUMINACIÓN,BUEN TIEMPO,SIN RESTRICCIÓN,NINGUNA,N,Atropello a animales sueltos,FLUIDA,NINGUNA MEDIDA,Jabalí
2013270001335,2013,7,21:30,VIERNES,Lugo,Galicia,,,2,0,0,2,1,CARRETERA,VÍAS INTERURBANAS,LU-P-1502,"TITULARIDAD PROVINCIAL (DIPUTACIÓN, CABILDO O CONSELL)",VÍA CONVENCIONAL,EN X Ó +,,SIN DATO,NINGUNA (SOLO NORMA),SECA Y LIMPIA,PLENO DÍA,BUEN TIEMPO,SIN RESTRICCIÓN,NINGUNA,N,Salida de la vía por la derecha con colisión (Otro tipo de choque),FLUIDA,NINGUNA MEDIDA,Corzo
2011270000900,2011,5,05:00,DOMINGO,Lugo,Galicia,,,1,0,0,1,1,CARRETERA,VÍAS INTERURBANAS,LU-862,TITULARIDAD AUTONÓMICA,VÍA CONVENCIONAL,EN T Ó Y,,SIN DATO,NINGUNA (SOLO NORMA),SECA Y LIMPIA,NOCHE: SIN ILUMINACIÓN,BUEN TIEMPO,CONFIGURACIÓN DEL TERRENO,NINGUNA,N,Atropello a animales sueltos,FLUIDA,NINGUNA MEDIDA,Jabalí
2013270001081,2013,6,23:00,DOMINGO,Lugo,Galicia,,Vilalba,1,0,0,1,2,CARRETERA,VÍAS INTERURBANAS,N-634,TITULARIDAD ESTATAL,VÍA CONVENCIONAL,,EN T Ó Y,NADA ESPECIAL,NINGUNA (SOLO NORMA),SECA Y LIMPIA,NOCHE: ILUMINACIÓN SUFICIENTE,BUEN TIEMPO,SIN RESTRICCIÓN,NINGUNA,N,Atropello a animales sueltos,FLUIDA,NINGUNA MEDIDA,Equino
2008270000641,2008,4,00:00,DOMINGO,Lugo,Galicia,,,2,0,0,2,1,CARRETERA,VÍAS INTERURBANAS,LU-621,TITULARIDAD AUTONÓMICA,VÍA CONVENCIONAL,ENLACE DE ENTRADA,,SIN DATO,SOLO MARCAS VIALES,SECA Y LIMPIA,NOCHE: SIN ILUMINACIÓN,BUEN TIEMPO,CONFIGURACIÓN DEL TERRENO,NINGUNA,N,Salida de la vía por la derecha sin colisión (Con despeñamiento),FLUIDA,NINGUNA MEDIDA,Animal no identificado
2013270001611,2013,8,22:10,JUEVES,Lugo,Galicia,,,1,0,0,1,1,CARRETERA,VÍAS INTERURBANAS,LU-P-0508,"TITULARIDAD PROVINCIAL (DIPUTACIÓN, CABILDO O CONSELL)",VÍA CONVENCIONAL,EN T Ó Y,,SIN DATO,NINGUNA (SOLO NORMA),SECA Y LIMPIA,NOCHE: SIN ILUMINACIÓN,BUEN TIEMPO,VEGETACIÓN,NINGUNA,N,Atropello a animales sueltos,FLUIDA,NINGUNA MEDIDA,Jabalí
2009280005349,2009,6,20:00,SÁBADO,Madrid,"Madrid, Comunidad de",,Alcalá de Henares,1,0,1,0,2,CARRETERA,VÍAS INTERURBANAS,M-300,TITULARIDAD AUTONÓMICA,VÍA CONVENCIONAL,EN T Ó Y,,SIN DATO,NINGUNA (SOLO NORMA),SECA Y LIMPIA,PLENO DÍA,BUEN TIEMPO,SIN RESTRICCIÓN,NINGUNA,N,Atropello a animales sueltos,FLUIDA,NINGUNA MEDIDA,Canino
2011280009332,2011,11,16:00,DOMINGO,Madrid,"Madrid, Comunidad de",,Alcalá de Henares,1,0,0,1,1,CARRETERA,VÍAS INTERURBANAS,M-121,TITULARIDAD AUTONÓMICA,VÍA CONVENCIONAL,EN T Ó Y,,SIN DATO,NINGUNA (SOLO NORMA),SECA Y LIMPIA,PLENO DÍA,BUEN TIEMPO,SIN RESTRICCIÓN,NINGUNA,N,Atropello a animales sueltos,FLUIDA,NINGUNA MEDIDA,Corzo
2009280009377,2009,11,23:00,VIERNES,Madrid,"Madrid, Comunidad de",,Alcobendas,2,0,0,2,3,CARRETERA,VÍAS INTERURBANAS,M-616,TITULARIDAD AUTONÓMICA,VÍA CONVENCIONAL,EN X Ó +,,SIN DATO,NINGUNA (SOLO NORMA),SECA Y LIMPIA,NOCHE: ILUMINACIÓN INSUFICIENTE,BUEN TIEMPO,SIN RESTRICCIÓN,NINGUNA,N,Atropello a animales sueltos,FLUIDA,NINGUNA MEDIDA,Jabalí
2012280000429,2012,1,08:00,DOMINGO,Madrid,"Madrid, Comunidad de",,Alcobendas,1,0,0,1,1,CARRETERA,VÍAS INTERURBANAS,M-616,TITULARIDAD AUTONÓMICA,VÍA CONVENCIONAL,EN T Ó Y,,SIN DATO,NINGUNA (SOLO NORMA),UMBRÍA,NOCHE: ILUMINACIÓN INSUFICIENTE,OTRO,SIN RESTRICCIÓN,NINGUNA,N,Atropello a animales sueltos,FLUIDA,NINGUNA MEDIDA,Jabalí
2012280006650,2012,8,20:00,MARTES,Madrid,"Madrid, Comunidad de",,Alcobendas,1,0,0,1,1,ZONA URBANA,VÍAS URBANAS,,TITULARIDAD MUNICIPAL,OTRO TIPO,EN T Ó Y,,SIN DATO,SOLO MARCAS VIALES,SECA Y LIMPIA,PLENO DÍA,BUEN TIEMPO,SIN RESTRICCIÓN,NINGUNA,S,Atropello a animales sueltos,FLUIDA,NINGUNA MEDIDA,Canino
2012280003995,2012,5,06:00,SÁBADO,Madrid,"Madrid, Comunidad de",,Alcorcón,1,0,0,1,1,CARRETERA,VÍAS INTERURBANAS,M-506,TITULARIDAD AUTONÓMICA,VÍA CONVENCIONAL,EN T Ó Y,,SIN DATO,NINGUNA (SOLO NORMA),SECA Y LIMPIA,NOCHE: ILUMINACIÓN SUFICIENTE,BUEN TIEMPO,SIN RESTRICCIÓN,NINGUNA,N,Atropello a animales sueltos,FLUIDA,NINGUNA MEDIDA,Otro animal
2008280010992,2008,12,21:00,DOMINGO,Madrid,"Madrid, Comunidad de",,,1,0,0,1,2,CARRETERA,VÍAS INTERURBANAS,M-507,TITULARIDAD AUTONÓMICA,VÍA CONVENCIONAL,EN X Ó +,,SIN DATO,NINGUNA (SOLO NORMA),SECA Y LIMPIA,NOCHE: SIN ILUMINACIÓN,BUEN TIEMPO,SIN RESTRICCIÓN,NINGUNA,N,Atropello a animales sueltos,FLUIDA,NINGUNA MEDIDA,Jabalí
2008280003853,2008,5,15:00,MARTES,Madrid,"Madrid, Comunidad de",,,2,0,0,2,1,CARRETERA,VÍAS INTERURBANAS,M-510,TITULARIDAD AUTONÓMICA,VÍA CONVENCIONAL,EN T Ó Y,,SIN DATO,NINGUNA (SOLO NORMA),SECA Y LIMPIA,PLENO DÍA,BUEN TIEMPO,SIN RESTRICCIÓN,NINGUNA,N,Salida de la vía por la derecha con colisión (Otro tipo de choque),FLUIDA,NINGUNA MEDIDA,Canino
2009280001836,2009,2,00:00,VIERNES,Madrid,"Madrid, Comunidad de",,,1,0,0,1,1,CARRETERA,VÍAS INTERURBANAS,M-507,TITULARIDAD AUTONÓMICA,VÍA CONVENCIONAL,EN T Ó Y,,SIN DATO,NINGUNA (SOLO NORMA),SECA Y LIMPIA,NOCHE: ILUMINACIÓN INSUFICIENTE,BUEN TIEMPO,SIN RESTRICCIÓN,NINGUNA,N,Otro tipo de accidente,FLUIDA,NINGUNA MEDIDA,Jabalí
2013280007918,2013,10,14:30,DOMINGO,Madrid,"Madrid, Comunidad de",,,2,0,0,2,1,CARRETERA,VÍAS INTERURBANAS,M-507,TITULARIDAD AUTONÓMICA,VÍA CONVENCIONAL,,OTROS,CARRIL CENTRAL DE ESPERA,NINGUNA (SOLO NORMA),SECA Y LIMPIA,PLENO DÍA,BUEN TIEMPO,SIN RESTRICCIÓN,NINGUNA,N,Atropello a animales sueltos,FLUIDA,NINGUNA MEDIDA,Ovino
2009280007367,2009,9,08:00,MIÉRCOLES,Madrid,"Madrid, Comunidad de",,Algete,1,0,0,1,1,CARRETERA,VÍAS INTERURBANAS,M-106,TITULARIDAD AUTONÓMICA,VÍA CONVENCIONAL,EN T Ó Y,,SIN DATO,NINGUNA (SOLO NORMA),SECA Y LIMPIA,PLENO DÍA,BUEN TIEMPO,SIN RESTRICCIÓN,NINGUNA,N,Salida de la vía por la izquierda con colisión (Choque con muro o edifício),FLUIDA,NINGUNA MEDIDA,Canino
2011280008177,2011,10,07:00,LUNES,Madrid,"Madrid, Comunidad de",,Algete,1,0,0,1,1,CARRETERA,VÍAS INTERURBANAS,M-106,TITULARIDAD AUTONÓMICA,VÍA CONVENCIONAL,EN T Ó Y,,SIN DATO,NINGUNA (SOLO NORMA),SECA Y LIMPIA,PLENO DÍA,BUEN TIEMPO,SIN RESTRICCIÓN,NINGUNA,N,Atropello a animales sueltos,FLUIDA,NINGUNA MEDIDA,Ave
2008280001615,2008,2,20:00,LUNES,Madrid,"Madrid, Comunidad de",,Alpedrete,1,0,0,1,2,CARRETERA,VÍAS INTERURBANAS,M-601,TITULARIDAD AUTONÓMICA,VÍA CONVENCIONAL,EN X Ó +,,SIN DATO,SOLO MARCAS VIALES,MOJADA,NOCHE: ILUMINACIÓN INSUFICIENTE,LLOVIZNANDO,FACTORES ATMOSFÉRICOS,NINGUNA,N,Atropello a animales sueltos,FLUIDA,NINGUNA MEDIDA,Vacuno
2010280007224,2010,8,01:00,DOMINGO,Madrid,"Madrid, Comunidad de",,Aranjuez,1,0,0,1,1,CARRETERA,VÍAS INTERURBANAS,M-305,TITULARIDAD AUTONÓMICA,VÍA CONVENCIONAL,EN X Ó +,,SIN DATO,SOLO MARCAS VIALES,SECA Y LIMPIA,NOCHE: SIN ILUMINACIÓN,BUEN TIEMPO,SIN RESTRICCIÓN,NINGUNA,N,Salida de la vía por la izquierda sin colisión (Con vuelco),FLUIDA,NINGUNA MEDIDA,Canino
2011280005715,2011,7,04:00,SÁBADO,Madrid,"Madrid, Comunidad de",,Aranjuez,1,0,0,1,1,CARRETERA,VÍAS INTERURBANAS,N-400,TITULARIDAD ESTATAL,VÍA CONVENCIONAL,EN T Ó Y,,SIN DATO,NINGUNA (SOLO NORMA),SECA Y LIMPIA,NOCHE: SIN ILUMINACIÓN,BUEN TIEMPO,SIN RESTRICCIÓN,NINGUNA,N,Atropello a animales sueltos,FLUIDA,NINGUNA MEDIDA,Ovino
2011280007410,2011,9,06:00,MARTES,Madrid,"Madrid, Comunidad de",,Aranjuez,2,0,0,2,1,CARRETERA,VÍAS INTERURBANAS,N-400,TITULARIDAD ESTATAL,VÍA CONVENCIONAL,EN T Ó Y,,SIN DATO,NINGUNA (SOLO NORMA),SECA Y LIMPIA,NOCHE: SIN ILUMINACIÓN,BUEN TIEMPO,CONFIGURACIÓN DEL TERRENO,CAMBIO DE RASANTE,N,Atropello a animales sueltos,FLUIDA,NINGUNA MEDIDA,Jabalí
2013280007581,2013,9,22:15,DOMINGO,Madrid,"Madrid, Comunidad de",,Aranjuez,1,0,0,1,2,CARRETERA,VÍAS INTERURBANAS,M-305,TITULARIDAD AUTONÓMICA,VÍA CONVENCIONAL,EN T Ó Y,,SIN DATO,NINGUNA (SOLO NORMA),SECA Y LIMPIA,NOCHE: SIN ILUMINACIÓN,BUEN TIEMPO,SIN RESTRICCIÓN,NINGUNA,N,Colisión de vehículos en marcha (Alcance),FLUIDA,NINGUNA MEDIDA,Ave
2012280006676,2012,9,21:00,LUNES,Madrid,"Madrid, Comunidad de",,Becerril de la Sierra,1,0,0,1,1,CARRETERA,VÍAS INTERURBANAS,M-607,TITULARIDAD AUTONÓMICA,VÍA CONVENCIONAL,EN T Ó Y,,SIN DATO,NINGUNA (SOLO NORMA),SECA Y LIMPIA,NOCHE: SIN ILUMINACIÓN,BUEN TIEMPO,SIN RESTRICCIÓN,NINGUNA,N,Atropello a animales sueltos,FLUIDA,NINGUNA MEDIDA,Jabalí
2013280002891,2013,3,05:45,DOMINGO,Madrid,"Madrid, Comunidad de",,Becerril de la Sierra,1,0,0,1,1,CARRETERA,VÍAS INTERURBANAS,M-607,TITULARIDAD AUTONÓMICA,VÍA CONVENCIONAL,EN T Ó Y,,SIN DATO,NINGUNA (SOLO NORMA),SECA Y LIMPIA,NOCHE: ILUMINACIÓN INSUFICIENTE,BUEN TIEMPO,SIN RESTRICCIÓN,NINGUNA,N,Atropello a animales sueltos,FLUIDA,NINGUNA MEDIDA,Vacuno
2012280003821,2012,5,13:00,JUEVES,Madrid,"Madrid, Comunidad de",,,1,0,0,1,1,CARRETERA,VÍAS INTERURBANAS,M-131,TITULARIDAD AUTONÓMICA,VÍA CONVENCIONAL,EN T Ó Y,,SIN DATO,NINGUNA (SOLO NORMA),SECA Y LIMPIA,PLENO DÍA,BUEN TIEMPO,SIN RESTRICCIÓN,NINGUNA,N,Atropello a animales sueltos,FLUIDA,NINGUNA MEDIDA,Canino
2013280000131,2013,1,20:15,MIÉRCOLES,Madrid,"Madrid, Comunidad de",,Boadilla del Monte,1,0,0,1,1,CARRETERA,VÍAS INTERURBANAS,M-513,TITULARIDAD AUTONÓMICA,VÍA CONVENCIONAL,EN T Ó Y,,SIN DATO,NINGUNA (SOLO NORMA),SECA Y LIMPIA,NOCHE: ILUMINACIÓN INSUFICIENTE,BUEN TIEMPO,SIN RESTRICCIÓN,NINGUNA,N,Atropello a animales sueltos,FLUIDA,NINGUNA MEDIDA,Canino
2010280007640,2010,8,23:00,MARTES,Madrid,"Madrid, Comunidad de",,"Boalo, El",4,0,0,4,1,CARRETERA,VÍAS INTERURBANAS,M-608,TITULARIDAD AUTONÓMICA,VÍA CONVENCIONAL,EN T Ó Y,,SIN DATO,NINGUNA (SOLO NORMA),SECA Y LIMPIA,NOCHE: SIN ILUMINACIÓN,BUEN TIEMPO,SIN RESTRICCIÓN,NINGUNA,N,Atropello a animales sueltos,FLUIDA,NINGUNA MEDIDA,Vacuno
2013280005267,2013,6,23:30,JUEVES,Madrid,"Madrid, Comunidad de",,"Boalo, El",1,0,0,1,1,CARRETERA,VÍAS INTERURBANAS,M-608,TITULARIDAD AUTONÓMICA,VÍA CONVENCIONAL,EN T Ó Y,,SIN DATO,NINGUNA (SOLO NORMA),SECA Y LIMPIA,NOCHE: SIN ILUMINACIÓN,BUEN TIEMPO,SIN RESTRICCIÓN,NINGUNA,N,Atropello a animales sueltos,FLUIDA,NINGUNA MEDIDA,Caprino
2009280010380,2009,12,01:00,LUNES,Madrid,"Madrid, Comunidad de",,Brunete,1,0,0,1,1,CARRETERA,VÍAS INTERURBANAS,M-600,TITULARIDAD AUTONÓMICA,VÍA CONVENCIONAL,EN T Ó Y,,SIN DATO,NINGUNA (SOLO NORMA),SECA Y LIMPIA,NOCHE: ILUMINACIÓN INSUFICIENTE,BUEN TIEMPO,SIN RESTRICCIÓN,NINGUNA,N,Atropello a animales sueltos,FLUIDA,NINGUNA MEDIDA,Jabalí
2011280000189,2011,1,01:00,SÁBADO,Madrid,"Madrid, Comunidad de",,Brunete,1,0,0,1,1,CARRETERA,VÍAS INTERURBANAS,M-501,TITULARIDAD AUTONÓMICA,AUTOVÍA,EN T Ó Y,,SIN DATO,NINGUNA (SOLO NORMA),MOJADA,NOCHE: SIN ILUMINACIÓN,NIEBLA LIGERA,SIN RESTRICCIÓN,NINGUNA,N,Salida de la vía por la derecha con colisión (Choque con muro o edifício),FLUIDA,NINGUNA MEDIDA,Animal no identificado
2008280009927,2008,11,07:00,JUEVES,Madrid,"Madrid, Comunidad de",,,1,0,0,1,1,CARRETERA,VÍAS INTERURBANAS,M-610,TITULARIDAD AUTONÓMICA,VÍA CONVENCIONAL,EN X Ó +,,SIN DATO,NINGUNA (SOLO NORMA),UMBRÍA,PLENO DÍA,BUEN TIEMPO,SIN RESTRICCIÓN,NINGUNA,N,Salida de la vía por la derecha sin colisión (Otra),FLUIDA,NINGUNA MEDIDA,Animal no identificado
2009280010473,2009,12,07:00,MIÉRCOLES,Madrid,"Madrid, Comunidad de",,,2,0,0,2,3,CARRETERA,VÍAS INTERURBANAS,M-631,TITULARIDAD AUTONÓMICA,VÍA CONVENCIONAL,EN T Ó Y,,SIN DATO,NINGUNA (SOLO NORMA),SECA Y LIMPIA,NOCHE: SIN ILUMINACIÓN,BUEN TIEMPO,SIN RESTRICCIÓN,NINGUNA,N,Atropello a animales sueltos,FLUIDA,NINGUNA MEDIDA,Vacuno
2009280004134,2009,5,08:00,JUEVES,Madrid,"Madrid, Comunidad de",,,1,0,0,1,1,CARRETERA,VÍAS INTERURBANAS,M-610,TITULARIDAD AUTONÓMICA,VÍA CONVENCIONAL,EN T Ó Y,,SIN DATO,NINGUNA (SOLO NORMA),SECA Y LIMPIA,PLENO DÍA,BUEN TIEMPO,SIN RESTRICCIÓN,NINGUNA,N,Salida de la vía por la izquierda con colisión (Choque con árbol o poste),FLUIDA,NINGUNA MEDIDA,Canino
2010280003067,2010,4,13:00,VIERNES,Madrid,"Madrid, Comunidad de",,,1,0,0,1,1,CARRETERA,VÍAS INTERURBANAS,M-610,TITULARIDAD AUTONÓMICA,VÍA CONVENCIONAL,EN T Ó Y,,SIN DATO,NINGUNA (SOLO NORMA),SECA Y LIMPIA,PLENO DÍA,BUEN TIEMPO,SIN RESTRICCIÓN,NINGUNA,N,Otro tipo de accidente,FLUIDA,NINGUNA MEDIDA,Canino
2013280000424,2013,1,22:40,MARTES,Madrid,"Madrid, Comunidad de",,,1,0,0,1,1,CARRETERA,VÍAS INTERURBANAS,M-610,TITULARIDAD AUTONÓMICA,VÍA CONVENCIONAL,EN X Ó +,,SIN DATO,NINGUNA (SOLO NORMA),SECA Y LIMPIA,NOCHE: SIN ILUMINACIÓN,BUEN TIEMPO,SIN RESTRICCIÓN,NINGUNA,N,Atropello a animales sueltos,FLUIDA,NINGUNA MEDIDA,Equino
2008280003574,2008,4,10:00,VIERNES,Madrid,"Madrid, Comunidad de",,,1,0,0,1,1,CARRETERA,VÍAS INTERURBANAS,A-1,TITULARIDAD ESTATAL,AUTOVÍA,EN T Ó Y,,SIN DATO,NINGUNA (SOLO NORMA),SECA Y LIMPIA,PLENO DÍA,BUEN TIEMPO,SIN RESTRICCIÓN,NINGUNA,N,Atropello a animales sueltos,FLUIDA,NINGUNA MEDIDA,Animal no identificado
2010280004286,2010,5,07:00,SÁBADO,Madrid,"Madrid, Comunidad de",,,1,0,0,1,1,CARRETERA,VÍAS INTERURBANAS,A-1,TITULARIDAD ESTATAL,AUTOVÍA,EN T Ó Y,,SIN DATO,NINGUNA (SOLO NORMA),MOJADA,CREPÚSCULO,BUEN TIEMPO,SIN RESTRICCIÓN,NINGUNA,N,Atropello a animales sueltos,FLUIDA,NINGUNA MEDIDA,Corzo
2011280003634,2011,4,03:00,SÁBADO,Madrid,"Madrid, Comunidad de",,,1,0,0,1,1,CARRETERA,VÍAS INTERURBANAS,M-610,TITULARIDAD AUTONÓMICA,VÍA CONVENCIONAL,EN T Ó Y,,SIN DATO,NINGUNA (SOLO NORMA),MOJADA,NOCHE: SIN ILUMINACIÓN,LLOVIZNANDO,SIN RESTRICCIÓN,NINGUNA,N,Salida de la vía por la derecha con colisión (Otro tipo de choque),FLUIDA,NINGUNA MEDIDA,Animal no identificado
2009280000193,2009,1,14:00,JUEVES,Madrid,"Madrid, Comunidad de",,,2,0,0,2,1,CARRETERA,VÍAS INTERURBANAS,A-42,TITULARIDAD ESTATAL,AUTOVÍA,EN T Ó Y,,SIN DATO,NINGUNA (SOLO NORMA),SECA Y LIMPIA,PLENO DÍA,BUEN TIEMPO,SIN RESTRICCIÓN,NINGUNA,N,Colisión de vehículo con obstáculo en calzada (Otro objeto o material),FLUIDA,NINGUNA MEDIDA,Canino
2013280010260,2013,12,20:40,SÁBADO,Madrid,"Madrid, Comunidad de",,,2,0,0,2,1,CARRETERA,VÍAS INTERURBANAS,M-510,TITULARIDAD AUTONÓMICA,VÍA CONVENCIONAL,EN T Ó Y,,SIN DATO,NINGUNA (SOLO NORMA),SECA Y LIMPIA,NOCHE: SIN ILUMINACIÓN,BUEN TIEMPO,SIN RESTRICCIÓN,NINGUNA,N,Atropello a animales sueltos,FLUIDA,NINGUNA MEDIDA,Vacuno
2009280009502,2009,11,20:00,JUEVES,Madrid,"Madrid, Comunidad de",,Colmenarejo,1,0,0,1,1,CARRETERA,VÍAS INTERURBANAS,M-510,TITULARIDAD AUTONÓMICA,VÍA CONVENCIONAL,ENLACE DE SALIDA,,SIN DATO,NINGUNA (SOLO NORMA),SECA Y LIMPIA,NOCHE: ILUMINACIÓN INSUFICIENTE,BUEN TIEMPO,SIN RESTRICCIÓN,NINGUNA,N,Atropello a animales sueltos,FLUIDA,NINGUNA MEDIDA,Jabalí
2011280003406,2011,4,22:00,JUEVES,Madrid,"Madrid, Comunidad de",,Colmenarejo,1,0,0,1,1,CARRETERA,VÍAS INTERURBANAS,M-510,TITULARIDAD AUTONÓMICA,VÍA CONVENCIONAL,EN T Ó Y,,SIN DATO,NINGUNA (SOLO NORMA),SECA Y LIMPIA,NOCHE: SIN ILUMINACIÓN,BUEN TIEMPO,SIN RESTRICCIÓN,NINGUNA,N,Atropello a animales sueltos,FLUIDA,NINGUNA MEDIDA,Jabalí
2008280001855,2008,2,20:00,DOMINGO,Madrid,"Madrid, Comunidad de",,Colmenar Viejo,1,0,0,1,1,CARRETERA,VÍAS INTERURBANAS,M-104,TITULARIDAD AUTONÓMICA,VÍA CONVENCIONAL,EN T Ó Y,,SIN DATO,NINGUNA (SOLO NORMA),SECA Y LIMPIA,NOCHE: SIN ILUMINACIÓN,BUEN TIEMPO,SIN RESTRICCIÓN,NINGUNA,N,Atropello a animales sueltos,FLUIDA,NINGUNA MEDIDA,Vacuno
2009280002129,2009,2,22:00,SÁBADO,Madrid,"Madrid, Comunidad de",,Colmenar Viejo,2,0,0,2,1,CARRETERA,VÍAS INTERURBANAS,M-607,TITULARIDAD AUTONÓMICA,VÍA CONVENCIONAL,EN T Ó Y,,SIN DATO,NINGUNA (SOLO NORMA),SECA Y LIMPIA,NOCHE: SIN ILUMINACIÓN,BUEN TIEMPO,SIN RESTRICCIÓN,NINGUNA,N,Salida de la vía por la derecha con colisión (Otro tipo de choque),FLUIDA,NINGUNA MEDIDA,Jabalí
2012280007981,2012,10,02:00,SÁBADO,Madrid,"Madrid, Comunidad de",,Colmenar Viejo,1,0,0,1,1,CARRETERA,VÍAS INTERURBANAS,M-607,TITULARIDAD AUTONÓMICA,AUTOVÍA,EN X Ó +,,SIN DATO,NINGUNA (SOLO NORMA),SECA Y LIMPIA,NOCHE: ILUMINACIÓN SUFICIENTE,BUEN TIEMPO,SIN RESTRICCIÓN,NINGUNA,N,Atropello a animales sueltos,FLUIDA,NINGUNA MEDIDA,Jabalí
2014280000015,2013,11,00:15,JUEVES,Madrid,"Madrid, Comunidad de",,Colmenar Viejo,1,0,0,1,1,CARRETERA,VÍAS INTERURBANAS,M-607,TITULARIDAD AUTONÓMICA,AUTOVÍA,EN X Ó +,,SIN DATO,NINGUNA (SOLO NORMA),SECA Y LIMPIA,NOCHE: ILUMINACIÓN SUFICIENTE,BUEN TIEMPO,SIN RESTRICCIÓN,NINGUNA,N,Atropello a animales sueltos,FLUIDA,NINGUNA MEDIDA,Canino
2009280001716,2009,2,06:00,MARTES,Madrid,"Madrid, Comunidad de",,Collado Mediano,2,0,0,2,2,CARRETERA,VÍAS INTERURBANAS,M-623,TITULARIDAD AUTONÓMICA,VÍA CONVENCIONAL,EN X Ó +,,SIN DATO,NINGUNA (SOLO NORMA),SECA Y LIMPIA,NOCHE: ILUMINACIÓN INSUFICIENTE,BUEN TIEMPO,SIN RESTRICCIÓN,NINGUNA,N,Atropello a animales sueltos,FLUIDA,NINGUNA MEDIDA,Equino
2008280007343,2008,9,23:00,DOMINGO,Madrid,"Madrid, Comunidad de",,Collado Villalba,1,0,0,1,1,CARRETERA,VÍAS INTERURBANAS,M-620,TITULARIDAD AUTONÓMICA,VÍA CONVENCIONAL,EN T Ó Y,,SIN DATO,SOLO MARCAS VIALES,SECA Y LIMPIA,NOCHE: ILUMINACIÓN INSUFICIENTE,BUEN TIEMPO,SIN RESTRICCIÓN,NINGUNA,N,Atropello a animales sueltos,FLUIDA,NINGUNA MEDIDA,Ave
2011280000736,2010,12,09:00,LUNES,Madrid,"Madrid, Comunidad de",,Collado Villalba,1,0,0,1,1,ZONA URBANA,VÍAS URBANAS,,TITULARIDAD MUNICIPAL,OTRO TIPO,,EN T Ó Y,NADA ESPECIAL,NINGUNA (SOLO NORMA),SECA Y LIMPIA,PLENO DÍA,BUEN TIEMPO,SIN RESTRICCIÓN,NINGUNA,S,Atropello a peatón aislado o en grupo,FLUIDA,NINGUNA MEDIDA,Ave
2011280006906,2011,8,07:00,JUEVES,Madrid,"Madrid, Comunidad de",,Collado Villalba,1,0,0,1,2,CARRETERA,VÍAS INTERURBANAS,M-608,TITULARIDAD AUTONÓMICA,VÍA CONVENCIONAL,EN T Ó Y,,SIN DATO,SOLO MARCAS VIALES,SECA Y LIMPIA,PLENO DÍA,BUEN TIEMPO,SIN RESTRICCIÓN,NINGUNA,N,Atropello a animales sueltos,FLUIDA,NINGUNA MEDIDA,Ave
2009280003653,2009,4,10:00,DOMINGO,Madrid,"Madrid, Comunidad de",,Chinchón,1,0,0,1,1,CARRETERA,VÍAS INTERURBANAS,M-320,TITULARIDAD AUTONÓMICA,VÍA CONVENCIONAL,EN X Ó +,,SIN DATO,NINGUNA (SOLO NORMA),SECA Y LIMPIA,PLENO DÍA,BUEN TIEMPO,SIN RESTRICCIÓN,NINGUNA,N,Atropello a animales sueltos,FLUIDA,NINGUNA MEDIDA,Liebre