ID_ACCIDENTE,ANIO,MES,HORA,DIASEMANA,PROVINCIA,COMUNIDAD_AUTONOMA,ISLA,MUNICIPIO,TOT_VICTIMAS,TOT_MUERTOS,TOT_HERIDOS_GRAVES,TOT_HERIDOS_LEVES,TOT_VEHICULOS_IMPLICADOS,ZONA,ZONA_AGRUPADA,CARRETERA,RED_CARRETERA,TIPO_VIA,TRAZADO_NO_INTERSEC,TIPO_INTERSEC,ACOND_CALZADA,PRIORIDAD,SUPERFICIE_CALZADA,LUMINOSIDAD,FACTORES_ATMOSFERICOS,VISIBILIDAD_RESTRINGIDA,OTRA_CIRCUNSTANCIA,ACERAS,TIPO_ACCIDENTE,DENSIDAD_CIRCULACION,MEDIDAS_ESPECIALES,COD_ANIMAL
2013280008216,2013,9,22:00,MARTES,Madrid,"Madrid, Comunidad de",,Móstoles,1,0,0,1,1,ZONA URBANA,VÍAS URBANAS,,TITULARIDAD MUNICIPAL,OTRO TIPO,EN T Ó Y,,SIN DATO,PASO PARA PEATONES,SECA Y LIMPIA,NOCHE: ILUMINACIÓN SUFICIENTE,BUEN TIEMPO,SIN RESTRICCIÓN,NINGUNA,N,Atropello a animal conducido o en rebaño,FLUIDA,OTRA MEDIDA,Otro animal
2011280006512,2011,8,11:00,DOMINGO,Madrid,"Madrid, Comunidad de",,,1,0,0,1,1,CARRETERA,VÍAS INTERURBANAS,M-607,TITULARIDAD AUTONÓMICA,VÍA CONVENCIONAL,EN T Ó Y,,SIN DATO,NINGUNA (SOLO NORMA),SECA Y LIMPIA,PLENO DÍA,BUEN TIEMPO,SIN RESTRICCIÓN,NINGUNA,N,Salida de la vía por la derecha sin colisión (Con vuelco),FLUIDA,NINGUNA MEDIDA,Animal no identificado
2008280011135,2008,12,13:00,DOMINGO,Madrid,"Madrid, Comunidad de",,,2,0,2,0,2,CARRETERA,VÍAS INTERURBANAS,M-510,TITULARIDAD AUTONÓMICA,VÍA CONVENCIONAL,EN X Ó +,,SIN DATO,NINGUNA (SOLO NORMA),SECA Y LIMPIA,PLENO DÍA,BUEN TIEMPO,SIN RESTRICCIÓN,NINGUNA,N,Atropello a animales sueltos,FLUIDA,NINGUNA MEDIDA,Animal no identificado
2009280010382,2009,12,13:00,SÁBADO,Madrid,"Madrid, Comunidad de",,,1,0,0,1,1,CARRETERA,VÍAS INTERURBANAS,M-521,TITULARIDAD AUTONÓMICA,VÍA CONVENCIONAL,EN X Ó +,,SIN DATO,NINGUNA (SOLO NORMA),SECA Y LIMPIA,PLENO DÍA,BUEN TIEMPO,SIN RESTRICCIÓN,NINGUNA,N,Salida de la vía por la derecha con colisión (Otro tipo de choque),FLUIDA,NINGUNA MEDIDA,Vacuno
2012280003200,2012,4,05:00,JUEVES,Madrid,"Madrid, Comunidad de",,,1,0,0,1,1,CARRETERA,VÍAS INTERURBANAS,M-510,TITULARIDAD AUTONÓMICA,VÍA CONVENCIONAL,EN X Ó +,,SIN DATO,NINGUNA (SOLO NORMA),SECA Y LIMPIA,NOCHE: SIN ILUMINACIÓN,BUEN TIEMPO,SIN RESTRICCIÓN,NINGUNA,N,Atropello a animales sueltos,FLUIDA,NINGUNA MEDIDA,Otro animal
2011280008655,2011,10,08:00,LUNES,Madrid,"Madrid, Comunidad de",,Navalcarnero,1,0,0,1,1,CARRETERA,VÍAS INTERURBANAS,R-5,TITULARIDAD ESTATAL,AUTOPISTA,EN T Ó Y,,SIN DATO,NINGUNA (SOLO NORMA),SECA Y LIMPIA,PLENO DÍA,BUEN TIEMPO,SIN RESTRICCIÓN,NINGUNA,N,Salida de la vía por la derecha con colisión (Otro tipo de choque),FLUIDA,NINGUNA MEDIDA,Ave
2012280001645,2012,2,16:00,VIERNES,Madrid,"Madrid, Comunidad de",,Navalcarnero,2,0,0,2,1,CARRETERA,VÍAS INTERURBANAS,M-600,TITULARIDAD AUTONÓMICA,VÍA CONVENCIONAL,EN T Ó Y,,SIN DATO,NINGUNA (SOLO NORMA),SECA Y LIMPIA,PLENO DÍA,BUEN TIEMPO,SIN RESTRICCIÓN,NINGUNA,N,Salida de la vía por la izquierda sin colisión (Con vuelco),FLUIDA,NINGUNA MEDIDA,Ave
2012280001558,2012,2,09:00,MARTES,Madrid,"Madrid, Comunidad de",,Navalcarnero,1,0,0,1,2,CARRETERA,VÍAS INTERURBANAS,A-5,TITULARIDAD ESTATAL,AUTOVÍA,EN T Ó Y,,SIN DATO,SOLO MARCAS VIALES,SECA Y LIMPIA,PLENO DÍA,BUEN TIEMPO,SIN RESTRICCIÓN,NINGUNA,N,Colisión de vehículos en marcha (Lateral),FLUIDA,NINGUNA MEDIDA,Canino
2013280006856,2013,9,12:10,DOMINGO,Madrid,"Madrid, Comunidad de",,Nuevo Baztán,1,0,0,1,1,CARRETERA,VÍAS INTERURBANAS,M-219,TITULARIDAD AUTONÓMICA,VÍA CONVENCIONAL,EN T Ó Y,,SIN DATO,SOLO MARCAS VIALES,SECA Y LIMPIA,PLENO DÍA,BUEN TIEMPO,SIN RESTRICCIÓN,NINGUNA,N,Atropello a animales sueltos,FLUIDA,NINGUNA MEDIDA,Canino
2009280007328,2009,9,22:00,DOMINGO,Madrid,"Madrid, Comunidad de",,Paracuellos de Jarama,2,0,0,2,1,CARRETERA,VÍAS INTERURBANAS,M-50,TITULARIDAD ESTATAL,AUTOVÍA,EN T Ó Y,,SIN DATO,NINGUNA (SOLO NORMA),SECA Y LIMPIA,NOCHE: ILUMINACIÓN SUFICIENTE,BUEN TIEMPO,SIN RESTRICCIÓN,NINGUNA,N,Atropello a animales sueltos,FLUIDA,NINGUNA MEDIDA,Canino
2010280004017,2010,5,01:00,SÁBADO,Madrid,"Madrid, Comunidad de",,Paracuellos de Jarama,1,0,0,1,1,CARRETERA,VÍAS INTERURBANAS,M-50,TITULARIDAD ESTATAL,AUTOVÍA,EN T Ó Y,,SIN DATO,NINGUNA (SOLO NORMA),SECA Y LIMPIA,NOCHE: ILUMINACIÓN SUFICIENTE,BUEN TIEMPO,SIN RESTRICCIÓN,NINGUNA,N,Atropello a animales sueltos,FLUIDA,NINGUNA MEDIDA,Jabalí
2009280000283,2009,1,04:00,LUNES,Madrid,"Madrid, Comunidad de",,,1,0,0,1,3,CARRETERA,VÍAS INTERURBANAS,A-1,TITULARIDAD ESTATAL,AUTOVÍA,EN T Ó Y,,SIN DATO,NINGUNA (SOLO NORMA),SECA Y LIMPIA,NOCHE: SIN ILUMINACIÓN,BUEN TIEMPO,SIN RESTRICCIÓN,NINGUNA,N,Atropello a animales sueltos,FLUIDA,NINGUNA MEDIDA,Equino
2008280002785,2008,3,06:00,LUNES,Madrid,"Madrid, Comunidad de",,,1,0,0,1,1,CARRETERA,VÍAS INTERURBANAS,M-317,TITULARIDAD AUTONÓMICA,VÍA CONVENCIONAL,EN X Ó +,,SIN DATO,SOLO MARCAS VIALES,MOJADA,CREPÚSCULO,BUEN TIEMPO,SIN RESTRICCIÓN,NINGUNA,N,Salida de la vía por la derecha con colisión (Choque con árbol o poste),FLUIDA,NINGUNA MEDIDA,Zorro
2010280005356,2010,6,06:00,MIÉRCOLES,Madrid,"Madrid, Comunidad de",,,1,0,0,1,1,CARRETERA,VÍAS INTERURBANAS,M-132,TITULARIDAD AUTONÓMICA,VÍA CONVENCIONAL,EN X Ó +,,SIN DATO,NINGUNA (SOLO NORMA),MOJADA,CREPÚSCULO,LLOVIZNANDO,SIN RESTRICCIÓN,NINGUNA,N,Atropello a animales sueltos,FLUIDA,NINGUNA MEDIDA,Corzo
2011280006760,2011,7,08:00,JUEVES,Madrid,"Madrid, Comunidad de",,Pozuelo de Alarcón,1,0,0,1,1,ZONA URBANA,VÍAS URBANAS,,TITULARIDAD MUNICIPAL,OTRO TIPO,EN T Ó Y,,SIN DATO,NINGUNA (SOLO NORMA),SECA Y LIMPIA,PLENO DÍA,BUEN TIEMPO,SIN RESTRICCIÓN,NINGUNA,N,Vuelco en la calzada,FLUIDA,NINGUNA MEDIDA,Animal no identificado
2013280008029,2013,9,19:00,MIÉRCOLES,Madrid,"Madrid, Comunidad de",,Pozuelo de Alarcón,1,0,0,1,1,ZONA URBANA,VÍAS URBANAS,,TITULARIDAD MUNICIPAL,OTRO TIPO,EN T Ó Y,,SIN DATO,NINGUNA (SOLO NORMA),SECA Y LIMPIA,PLENO DÍA,BUEN TIEMPO,SIN RESTRICCIÓN,NINGUNA,S,Otro tipo de accidente,FLUIDA,NINGUNA MEDIDA,Canino
2013280008888,2013,11,11:15,DOMINGO,Madrid,"Madrid, Comunidad de",,,1,1,0,0,1,CARRETERA,VÍAS INTERURBANAS,M-611,TITULARIDAD AUTONÓMICA,VÍA CONVENCIONAL,EN T Ó Y,,SIN DATO,NINGUNA (SOLO NORMA),SECA Y LIMPIA,PLENO DÍA,BUEN TIEMPO,SIN RESTRICCIÓN,NINGUNA,N,Atropello a animales sueltos,FLUIDA,NINGUNA MEDIDA,Equino
2013280005813,2013,7,19:30,SÁBADO,Madrid,"Madrid, Comunidad de",,,5,0,1,4,1,CARRETERA,VÍAS INTERURBANAS,M-604,TITULARIDAD AUTONÓMICA,VÍA CONVENCIONAL,EN T Ó Y,,SIN DATO,NINGUNA (SOLO NORMA),SECA Y LIMPIA,PLENO DÍA,BUEN TIEMPO,SIN RESTRICCIÓN,NINGUNA,N,Atropello a animales sueltos,FLUIDA,NINGUNA MEDIDA,Corzo
2012280004362,2012,5,06:00,MIÉRCOLES,Madrid,"Madrid, Comunidad de",,,1,0,0,1,1,CARRETERA,VÍAS INTERURBANAS,N-320,TITULARIDAD ESTATAL,VÍA CONVENCIONAL,EN T Ó Y,,SIN DATO,NINGUNA (SOLO NORMA),SECA Y LIMPIA,CREPÚSCULO,BUEN TIEMPO,SIN RESTRICCIÓN,NINGUNA,N,Atropello a animales sueltos,FLUIDA,NINGUNA MEDIDA,Jabalí
2013280009290,2013,11,20:55,JUEVES,Madrid,"Madrid, Comunidad de",,,1,0,0,1,1,CARRETERA,VÍAS INTERURBANAS,N-320,TITULARIDAD ESTATAL,VÍA CONVENCIONAL,EN T Ó Y,,SIN DATO,NINGUNA (SOLO NORMA),SECA Y LIMPIA,NOCHE: SIN ILUMINACIÓN,BUEN TIEMPO,SIN RESTRICCIÓN,NINGUNA,N,Atropello a animales sueltos,FLUIDA,NINGUNA MEDIDA,Jabalí
2009280004131,2009,5,19:00,MIÉRCOLES,Madrid,"Madrid, Comunidad de",,Rivas-Vaciamadrid,1,0,0,1,1,CARRETERA,VÍAS INTERURBANAS,A-3,TITULARIDAD ESTATAL,AUTOVÍA,EN T Ó Y,,SIN DATO,SOLO MARCAS VIALES,SECA Y LIMPIA,PLENO DÍA,BUEN TIEMPO,SIN RESTRICCIÓN,NINGUNA,N,Atropello a animales sueltos,FLUIDA,NINGUNA MEDIDA,Canino
2009280001361,2009,2,22:00,MARTES,Madrid,"Madrid, Comunidad de",,Rivas-Vaciamadrid,3,0,0,3,6,CARRETERA,VÍAS INTERURBANAS,R-3,TITULARIDAD ESTATAL,AUTOPISTA,EN X Ó +,,SIN DATO,NINGUNA (SOLO NORMA),MOJADA,NOCHE: SIN ILUMINACIÓN,LLOVIZNANDO,FACTORES ATMOSFÉRICOS,NINGUNA,N,Colisión de vehículos en marcha (Múltiple o en caravana),FLUIDA,NINGUNA MEDIDA,Jabalí
2010280011853,2010,12,11:00,MIÉRCOLES,Madrid,"Madrid, Comunidad de",,Rivas-Vaciamadrid,1,0,0,1,1,CARRETERA,VÍAS INTERURBANAS,A-3,TITULARIDAD ESTATAL,AUTOVÍA,EN T Ó Y,,SIN DATO,NINGUNA (SOLO NORMA),SECA Y LIMPIA,PLENO DÍA,BUEN TIEMPO,SIN RESTRICCIÓN,NINGUNA,N,Atropello a animales sueltos,FLUIDA,NINGUNA MEDIDA,Canino
2013280006676,2013,8,05:40,JUEVES,Madrid,"Madrid, Comunidad de",,Rivas-Vaciamadrid,1,0,0,1,1,CARRETERA,VÍAS INTERURBANAS,M-203,TITULARIDAD AUTONÓMICA,VÍA CONVENCIONAL,EN T Ó Y,,SIN DATO,NINGUNA (SOLO NORMA),SECA Y LIMPIA,NOCHE: ILUMINACIÓN SUFICIENTE,BUEN TIEMPO,SIN RESTRICCIÓN,NINGUNA,N,Atropello a animales sueltos,FLUIDA,NINGUNA MEDIDA,Canino
2012280007903,2012,10,07:00,JUEVES,Madrid,"Madrid, Comunidad de",,,1,0,1,0,1,CARRETERA,VÍAS INTERURBANAS,M-127,TITULARIDAD AUTONÓMICA,VÍA CONVENCIONAL,EN X Ó +,,SIN DATO,NINGUNA (SOLO NORMA),SECA Y LIMPIA,CREPÚSCULO,BUEN TIEMPO,SIN RESTRICCIÓN,NINGUNA,N,Atropello a animales sueltos,FLUIDA,NINGUNA MEDIDA,Equino
2008280006958,2008,8,11:00,DOMINGO,Madrid,"Madrid, Comunidad de",,,1,0,0,1,1,CARRETERA,VÍAS INTERURBANAS,M-521,TITULARIDAD AUTONÓMICA,VÍA CONVENCIONAL,EN X Ó +,,SIN DATO,NINGUNA (SOLO NORMA),SECA Y LIMPIA,PLENO DÍA,BUEN TIEMPO,SIN RESTRICCIÓN,NINGUNA,N,Atropello a animales sueltos,FLUIDA,NINGUNA MEDIDA,Zorro
2009280006987,2009,8,08:00,SÁBADO,Madrid,"Madrid, Comunidad de",,,2,0,0,2,2,CARRETERA,VÍAS INTERURBANAS,M-512,TITULARIDAD AUTONÓMICA,VÍA CONVENCIONAL,EN T Ó Y,,SIN DATO,NINGUNA (SOLO NORMA),SECA Y LIMPIA,PLENO DÍA,BUEN TIEMPO,SIN RESTRICCIÓN,NINGUNA,N,Colisión de vehículos en marcha (Alcance),FLUIDA,NINGUNA MEDIDA,Canino
2013280004352,2013,5,19:18,SÁBADO,Madrid,"Madrid, Comunidad de",,,2,2,0,0,1,CARRETERA,VÍAS INTERURBANAS,M-512,TITULARIDAD AUTONÓMICA,VÍA CONVENCIONAL,EN T Ó Y,,SIN DATO,NINGUNA (SOLO NORMA),SECA Y LIMPIA,PLENO DÍA,BUEN TIEMPO,SIN RESTRICCIÓN,NINGUNA,N,Atropello a animales sueltos,FLUIDA,NINGUNA MEDIDA,Canino
2009280011075,2009,12,22:00,VIERNES,Madrid,"Madrid, Comunidad de",,"Rozas de Madrid, Las",1,0,0,1,1,CARRETERA,VÍAS INTERURBANAS,A-6,TITULARIDAD ESTATAL,AUTOVÍA,EN T Ó Y,,SIN DATO,NINGUNA (SOLO NORMA),MOJADA,NOCHE: ILUMINACIÓN SUFICIENTE,LLOVIZNANDO,SIN RESTRICCIÓN,NINGUNA,N,Atropello a animales sueltos,FLUIDA,NINGUNA MEDIDA,Canino
2011280002133,2011,2,14:00,MARTES,Madrid,"Madrid, Comunidad de",,"Rozas de Madrid, Las",1,0,0,1,1,CARRETERA,VÍAS INTERURBANAS,M-505,TITULARIDAD AUTONÓMICA,VÍA CONVENCIONAL,EN T Ó Y,,SIN DATO,NINGUNA (SOLO NORMA),SECA Y LIMPIA,PLENO DÍA,BUEN TIEMPO,SIN RESTRICCIÓN,NINGUNA,N,Atropello a animales sueltos,FLUIDA,NINGUNA MEDIDA,Canino
2008280009822,2008,11,07:00,SÁBADO,Madrid,"Madrid, Comunidad de",,,1,0,0,1,1,CARRETERA,VÍAS INTERURBANAS,M-501,TITULARIDAD AUTONÓMICA,VÍA CONVENCIONAL,EN T Ó Y,,SIN DATO,NINGUNA (SOLO NORMA),SECA Y LIMPIA,PLENO DÍA,BUEN TIEMPO,SIN RESTRICCIÓN,NINGUNA,N,Atropello a animales sueltos,FLUIDA,NINGUNA MEDIDA,Equino
2009280001191,2009,1,22:00,SÁBADO,Madrid,"Madrid, Comunidad de",,,2,0,0,2,1,CARRETERA,VÍAS INTERURBANAS,M-501,TITULARIDAD AUTONÓMICA,VÍA CONVENCIONAL,EN T Ó Y,,SIN DATO,NINGUNA (SOLO NORMA),SECA Y LIMPIA,NOCHE: SIN ILUMINACIÓN,BUEN TIEMPO,SIN RESTRICCIÓN,CAMBIO DE RASANTE,N,Atropello a animales sueltos,FLUIDA,NINGUNA MEDIDA,Canino
2011280004232,2011,5,21:00,DOMINGO,Madrid,"Madrid, Comunidad de",,,1,0,0,1,1,CARRETERA,VÍAS INTERURBANAS,M-501,TITULARIDAD AUTONÓMICA,VÍA CONVENCIONAL,EN T Ó Y,,SIN DATO,NINGUNA (SOLO NORMA),SECA Y LIMPIA,NOCHE: ILUMINACIÓN INSUFICIENTE,BUEN TIEMPO,SIN RESTRICCIÓN,NINGUNA,N,Atropello a animales sueltos,FLUIDA,NINGUNA MEDIDA,Jabalí
2009280000517,2009,1,10:00,DOMINGO,Madrid,"Madrid, Comunidad de",,San Agustín del Guadalix,1,0,0,1,1,CARRETERA,VÍAS INTERURBANAS,M-104,TITULARIDAD AUTONÓMICA,VÍA CONVENCIONAL,EN X Ó +,,SIN DATO,SOLO MARCAS VIALES,MOJADA,PLENO DÍA,LLOVIZNANDO,CONFIGURACIÓN DEL TERRENO,OTRA,N,Salida de la vía por la derecha sin colisión (Con vuelco),FLUIDA,NINGUNA MEDIDA,Animal no identificado
2011280006828,2011,7,08:00,MARTES,Madrid,"Madrid, Comunidad de",,San Agustín del Guadalix,1,0,0,1,1,ZONA URBANA,VÍAS URBANAS,,TITULARIDAD MUNICIPAL,OTRO TIPO,ENLACE DE SALIDA,,SIN DATO,NINGUNA (SOLO NORMA),SECA Y LIMPIA,PLENO DÍA,BUEN TIEMPO,SIN RESTRICCIÓN,ESTRECHAMIENTO,S,Colisión de vehículo con obstáculo en calzada (Otro objeto o material),FLUIDA,NINGUNA MEDIDA,Ave
2010280003658,2010,4,21:00,LUNES,Madrid,"Madrid, Comunidad de",,San Fernando de Henares,1,0,0,1,1,CARRETERA,VÍAS INTERURBANAS,A-2,TITULARIDAD ESTATAL,AUTOVÍA,EN X Ó +,,SIN DATO,SOLO MARCAS VIALES,SECA Y LIMPIA,NOCHE: SIN ILUMINACIÓN,BUEN TIEMPO,SIN RESTRICCIÓN,NINGUNA,N,Atropello a animales sueltos,FLUIDA,NINGUNA MEDIDA,Corzo
2011280008149,2011,10,08:00,VIERNES,Madrid,"Madrid, Comunidad de",,San Fernando de Henares,1,0,0,1,1,CARRETERA,VÍAS INTERURBANAS,A-2,TITULARIDAD ESTATAL,AUTOVÍA,,ENLACE DE ENTRADA,NADA ESPECIAL,NINGUNA (SOLO NORMA),SECA Y LIMPIA,PLENO DÍA,BUEN TIEMPO,SIN RESTRICCIÓN,NINGUNA,N,Atropello a animales sueltos,FLUIDA,NINGUNA MEDIDA,Ave
2009280010230,2009,12,21:00,MARTES,Madrid,"Madrid, Comunidad de",,San Martín de la Vega,1,0,0,1,1,CARRETERA,VÍAS INTERURBANAS,M-301,TITULARIDAD AUTONÓMICA,VÍA CONVENCIONAL,EN X Ó +,,SIN DATO,SOLO MARCAS VIALES,SECA Y LIMPIA,NOCHE: ILUMINACIÓN INSUFICIENTE,BUEN TIEMPO,SIN RESTRICCIÓN,NINGUNA,N,Atropello a animales sueltos,FLUIDA,NINGUNA MEDIDA,Zorro
2011280006221,2011,7,09:00,SÁBADO,Madrid,"Madrid, Comunidad de",,San Martín de la Vega,2,0,1,1,2,CARRETERA,VÍAS INTERURBANAS,M-301,TITULARIDAD AUTONÓMICA,VÍA CONVENCIONAL,EN X Ó +,,SIN DATO,NINGUNA (SOLO NORMA),SECA Y LIMPIA,PLENO DÍA,BUEN TIEMPO,SIN RESTRICCIÓN,ESTRECHAMIENTO,N,Atropello a animales sueltos,FLUIDA,NINGUNA MEDIDA,Canino
2009280010263,2009,12,07:00,LUNES,Madrid,"Madrid, Comunidad de",,San Martín de Valdeiglesias,3,0,3,0,1,CARRETERA,VÍAS INTERURBANAS,M-501,TITULARIDAD AUTONÓMICA,VÍA CONVENCIONAL,EN T Ó Y,,SIN DATO,NINGUNA (SOLO NORMA),MOJADA,NOCHE: ILUMINACIÓN INSUFICIENTE,NIEBLA INTENSA,SIN RESTRICCIÓN,NINGUNA,N,Atropello a animales sueltos,FLUIDA,NINGUNA MEDIDA,Vacuno
2010280008167,2010,9,21:00,DOMINGO,Madrid,"Madrid, Comunidad de",,San Martín de Valdeiglesias,1,0,0,1,1,CARRETERA,VÍAS INTERURBANAS,N-403,TITULARIDAD ESTATAL,VÍA CONVENCIONAL,EN T Ó Y,,SIN DATO,NINGUNA (SOLO NORMA),SECA Y LIMPIA,NOCHE: SIN ILUMINACIÓN,BUEN TIEMPO,SIN RESTRICCIÓN,NINGUNA,N,Atropello a animales sueltos,FLUIDA,NINGUNA MEDIDA,Ciervo
2011280009345,2011,11,18:00,SÁBADO,Madrid,"Madrid, Comunidad de",,San Martín de Valdeiglesias,2,0,0,2,1,CARRETERA,VÍAS INTERURBANAS,N-403,TITULARIDAD ESTATAL,VÍA CONVENCIONAL,EN T Ó Y,,SIN DATO,NINGUNA (SOLO NORMA),SECA Y LIMPIA,NOCHE: SIN ILUMINACIÓN,BUEN TIEMPO,SIN RESTRICCIÓN,NINGUNA,N,Atropello a animales sueltos,FLUIDA,NINGUNA MEDIDA,Equino
2012280005945,2012,7,23:00,DOMINGO,Madrid,"Madrid, Comunidad de",,San Martín de Valdeiglesias,1,0,0,1,1,CARRETERA,VÍAS INTERURBANAS,N-403,TITULARIDAD ESTATAL,VÍA CONVENCIONAL,EN T Ó Y,,SIN DATO,NINGUNA (SOLO NORMA),SECA Y LIMPIA,NOCHE: ILUMINACIÓN INSUFICIENTE,BUEN TIEMPO,SIN RESTRICCIÓN,NINGUNA,N,Atropello a animales sueltos,FLUIDA,NINGUNA MEDIDA,Jabalí
2013280002982,2013,3,19:40,MARTES,Madrid,"Madrid, Comunidad de",,San Martín de Valdeiglesias,1,0,0,1,1,CARRETERA,VÍAS INTERURBANAS,N-403,TITULARIDAD ESTATAL,VÍA CONVENCIONAL,EN X Ó +,,SIN DATO,SOLO MARCAS VIALES,MOJADA,NOCHE: SIN ILUMINACIÓN,LLOVIZNANDO,SIN RESTRICCIÓN,NINGUNA,N,Atropello a animales sueltos,FLUIDA,NINGUNA MEDIDA,Animal no identificado
2013280004201,2013,5,23:30,MARTES,Madrid,"Madrid, Comunidad de",,San Martín de Valdeiglesias,1,0,0,1,1,CARRETERA,VÍAS INTERURBANAS,M-501,TITULARIDAD AUTONÓMICA,VÍA CONVENCIONAL,EN X Ó +,,SIN DATO,NINGUNA (SOLO NORMA),SECA Y LIMPIA,NOCHE: SIN ILUMINACIÓN,BUEN TIEMPO,SIN RESTRICCIÓN,NINGUNA,N,Atropello a animales sueltos,FLUIDA,NINGUNA MEDIDA,Ciervo
2009280001585,2009,2,07:00,JUEVES,Madrid,"Madrid, Comunidad de",,San Sebastián de los Reyes,1,0,0,1,1,CARRETERA,VÍAS INTERURBANAS,A-1,TITULARIDAD ESTATAL,AUTOVÍA,EN T Ó Y,,SIN DATO,NINGUNA (SOLO NORMA),SECA Y LIMPIA,NOCHE: ILUMINACIÓN INSUFICIENTE,BUEN TIEMPO,SIN RESTRICCIÓN,NINGUNA,N,Atropello a animales sueltos,FLUIDA,NINGUNA MEDIDA,Canino
2012280003833,2012,4,08:00,MIÉRCOLES,Madrid,"Madrid, Comunidad de",,San Sebastián de los Reyes,1,0,0,1,2,ZONA URBANA,VÍAS URBANAS,,TITULARIDAD MUNICIPAL,OTRO TIPO,,GIRATORIA,OTRO TIPO,"SEÑAL DE ""CEDA EL PASO""",SECA Y LIMPIA,PLENO DÍA,BUEN TIEMPO,SIN RESTRICCIÓN,NINGUNA,N,Colisión de vehículos en marcha (Alcance),FLUIDA,NINGUNA MEDIDA,Otro animal
2012280002219,2012,3,19:00,VIERNES,Madrid,"Madrid, Comunidad de",,San Sebastián de los Reyes,1,0,0,1,2,CARRETERA,VÍAS INTERURBANAS,A-1,TITULARIDAD ESTATAL,AUTOVÍA,EN T Ó Y,,SIN DATO,NINGUNA (SOLO NORMA),SECA Y LIMPIA,NOCHE: ILUMINACIÓN SUFICIENTE,BUEN TIEMPO,SIN RESTRICCIÓN,NINGUNA,N,Atropello a animales sueltos,FLUIDA,NINGUNA MEDIDA,Canino
2009280001728,2009,2,06:00,MARTES,Madrid,"Madrid, Comunidad de",,,1,0,0,1,1,CARRETERA,VÍAS INTERURBANAS,M-505,TITULARIDAD AUTONÓMICA,VÍA CONVENCIONAL,ENLACE DE SALIDA,,SIN DATO,NINGUNA (SOLO NORMA),SECA Y LIMPIA,NOCHE: SIN ILUMINACIÓN,BUEN TIEMPO,CONFIGURACIÓN DEL TERRENO,NINGUNA,N,Atropello a animales sueltos,FLUIDA,NINGUNA MEDIDA,Equino
2010280008777,2010,10,17:00,DOMINGO,Madrid,"Madrid, Comunidad de",,,1,0,0,1,1,CARRETERA,VÍAS INTERURBANAS,M-505,TITULARIDAD AUTONÓMICA,VÍA CONVENCIONAL,EN X Ó +,,SIN DATO,NINGUNA (SOLO NORMA),MOJADA,PLENO DÍA,LLUVIA FUERTE,FACTORES ATMOSFÉRICOS,NINGUNA,N,Salida de la vía por la izquierda sin colisión (Con vuelco),FLUIDA,NINGUNA MEDIDA,Animal no identificado
2010280008456,2010,9,21:00,JUEVES,Madrid,"Madrid, Comunidad de",,,1,0,0,1,1,CARRETERA,VÍAS INTERURBANAS,M-535,TITULARIDAD AUTONÓMICA,VÍA CONVENCIONAL,EN X Ó +,,SIN DATO,SOLO MARCAS VIALES,SECA Y LIMPIA,NOCHE: SIN ILUMINACIÓN,BUEN TIEMPO,SIN RESTRICCIÓN,NINGUNA,N,Atropello a animales sueltos,FLUIDA,NINGUNA MEDIDA,Jabalí
2009280005795,2009,7,23:00,DOMINGO,Madrid,"Madrid, Comunidad de",,Soto del Real,2,0,0,2,1,CARRETERA,VÍAS INTERURBANAS,M-608,TITULARIDAD AUTONÓMICA,VÍA CONVENCIONAL,EN X Ó +,,SIN DATO,SOLO MARCAS VIALES,SECA Y LIMPIA,NOCHE: SIN ILUMINACIÓN,BUEN TIEMPO,SIN RESTRICCIÓN,NINGUNA,N,Atropello a animales sueltos,FLUIDA,NINGUNA MEDIDA,Ave
2011280010360,2011,12,05:00,LUNES,Madrid,"Madrid, Comunidad de",,Soto del Real,1,0,0,1,1,CARRETERA,VÍAS INTERURBANAS,M-611,TITULARIDAD AUTONÓMICA,VÍA CONVENCIONAL,EN T Ó Y,,SIN DATO,NINGUNA (SOLO NORMA),MOJADA,NOCHE: SIN ILUMINACIÓN,BUEN TIEMPO,SIN RESTRICCIÓN,NINGUNA,N,Atropello a animales sueltos,FLUIDA,NINGUNA MEDIDA,Equino
2011280003191,2011,4,02:00,MIÉRCOLES,Madrid,"Madrid, Comunidad de",,Soto del Real,3,0,0,3,1,CARRETERA,VÍAS INTERURBANAS,M-609,TITULARIDAD AUTONÓMICA,VÍA CONVENCIONAL,EN T Ó Y,,SIN DATO,NINGUNA (SOLO NORMA),SECA Y LIMPIA,NOCHE: ILUMINACIÓN INSUFICIENTE,BUEN TIEMPO,SIN RESTRICCIÓN,NINGUNA,N,Atropello a animales sueltos,FLUIDA,NINGUNA MEDIDA,Equino