ID_ACCIDENTE,ANIO,MES,HORA,DIASEMANA,PROVINCIA,COMUNIDAD_AUTONOMA,ISLA,MUNICIPIO,TOT_VICTIMAS,TOT_MUERTOS,TOT_HERIDOS_GRAVES,TOT_HERIDOS_LEVES,TOT_VEHICULOS_IMPLICADOS,ZONA,ZONA_AGRUPADA,CARRETERA,RED_CARRETERA,TIPO_VIA,TRAZADO_NO_INTERSEC,TIPO_INTERSEC,ACOND_CALZADA,PRIORIDAD,SUPERFICIE_CALZADA,LUMINOSIDAD,FACTORES_ATMOSFERICOS,VISIBILIDAD_RESTRINGIDA,OTRA_CIRCUNSTANCIA,ACERAS,TIPO_ACCIDENTE,DENSIDAD_CIRCULACION,MEDIDAS_ESPECIALES,COD_ANIMAL
2009280001570,2009,2,00:00,SÁBADO,Madrid,"Madrid, Comunidad de",,,3,0,0,3,3,CARRETERA,VÍAS INTERURBANAS,M-103,TITULARIDAD AUTONÓMICA,VÍA CONVENCIONAL,EN T Ó Y,,SIN DATO,NINGUNA (SOLO NORMA),SECA Y LIMPIA,NOCHE: SIN ILUMINACIÓN,BUEN TIEMPO,SIN RESTRICCIÓN,ESTRECHAMIENTO,N,Colisión de vehículos en marcha (Múltiple o en caravana),FLUIDA,NINGUNA MEDIDA,Canino
2009280010256,2009,11,19:00,LUNES,Madrid,"Madrid, Comunidad de",,Torrejón de Ardoz,1,0,0,1,1,CARRETERA,VÍAS INTERURBANAS,M-115,TITULARIDAD AUTONÓMICA,VÍA CONVENCIONAL,EN T Ó Y,,SIN DATO,OTRA SEÑAL,SECA Y LIMPIA,NOCHE: ILUMINACIÓN INSUFICIENTE,BUEN TIEMPO,SIN RESTRICCIÓN,NINGUNA,N,Atropello a animales sueltos,FLUIDA,NINGUNA MEDIDA,Canino
2010280000906,2010,1,18:00,MARTES,Madrid,"Madrid, Comunidad de",,Torrejón de la Calzada,1,0,0,1,1,CARRETERA,VÍAS INTERURBANAS,M-404,TITULARIDAD AUTONÓMICA,VÍA CONVENCIONAL,EN T Ó Y,,SIN DATO,NINGUNA (SOLO NORMA),SECA Y LIMPIA,NOCHE: ILUMINACIÓN INSUFICIENTE,BUEN TIEMPO,SIN RESTRICCIÓN,NINGUNA,N,Atropello a animales sueltos,FLUIDA,NINGUNA MEDIDA,Canino
2009280001051,2009,1,22:00,MIÉRCOLES,Madrid,"Madrid, Comunidad de",,,1,0,0,1,1,CARRETERA,VÍAS INTERURBANAS,N-320,TITULARIDAD ESTATAL,VÍA CONVENCIONAL,EN T Ó Y,,SIN DATO,NINGUNA (SOLO NORMA),MOJADA,NOCHE: SIN ILUMINACIÓN,LLOVIZNANDO,SIN RESTRICCIÓN,NINGUNA,N,Atropello a animales sueltos,FLUIDA,NINGUNA MEDIDA,Jabalí
2009280005981,2009,7,14:00,DOMINGO,Madrid,"Madrid, Comunidad de",,,1,0,0,1,1,CARRETERA,VÍAS INTERURBANAS,N-320,TITULARIDAD ESTATAL,VÍA CONVENCIONAL,EN T Ó Y,,SIN DATO,OTRA SEÑAL,SECA Y LIMPIA,PLENO DÍA,BUEN TIEMPO,SIN RESTRICCIÓN,NINGUNA,N,Atropello a animales sueltos,FLUIDA,NINGUNA MEDIDA,Corzo
2011280003321,2011,4,22:00,LUNES,Madrid,"Madrid, Comunidad de",,,1,0,0,1,1,CARRETERA,VÍAS INTERURBANAS,M-129,TITULARIDAD AUTONÓMICA,VÍA CONVENCIONAL,EN T Ó Y,,SIN DATO,NINGUNA (SOLO NORMA),SECA Y LIMPIA,NOCHE: ILUMINACIÓN INSUFICIENTE,BUEN TIEMPO,SIN RESTRICCIÓN,NINGUNA,N,Atropello a animales sueltos,FLUIDA,NINGUNA MEDIDA,Corzo
2013280009248,2013,11,01:00,DOMINGO,Madrid,"Madrid, Comunidad de",,Torrelodones,1,0,0,1,1,CARRETERA,VÍAS INTERURBANAS,M-618,TITULARIDAD AUTONÓMICA,VÍA CONVENCIONAL,EN X Ó +,,SIN DATO,NINGUNA (SOLO NORMA),SECA Y LIMPIA,NOCHE: SIN ILUMINACIÓN,BUEN TIEMPO,SIN RESTRICCIÓN,NINGUNA,N,Atropello a animales sueltos,FLUIDA,NINGUNA MEDIDA,Jabalí
2009280000951,2009,1,23:00,DOMINGO,Madrid,"Madrid, Comunidad de",,Valdemorillo,1,0,0,1,1,CARRETERA,VÍAS INTERURBANAS,M-510,TITULARIDAD AUTONÓMICA,VÍA CONVENCIONAL,EN X Ó +,,SIN DATO,NINGUNA (SOLO NORMA),SECA Y LIMPIA,NOCHE: SIN ILUMINACIÓN,BUEN TIEMPO,SIN RESTRICCIÓN,NINGUNA,N,Atropello a animales sueltos,FLUIDA,NINGUNA MEDIDA,Equino
2012280005792,2012,7,23:00,DOMINGO,Madrid,"Madrid, Comunidad de",,Valdemorillo,1,0,0,1,1,CARRETERA,VÍAS INTERURBANAS,M-510,TITULARIDAD AUTONÓMICA,VÍA CONVENCIONAL,EN T Ó Y,,SIN DATO,NINGUNA (SOLO NORMA),SECA Y LIMPIA,NOCHE: SIN ILUMINACIÓN,BUEN TIEMPO,SIN RESTRICCIÓN,NINGUNA,N,Atropello a animales sueltos,FLUIDA,NINGUNA MEDIDA,Gamo
2011280007688,2011,9,10:00,JUEVES,Madrid,"Madrid, Comunidad de",,,1,0,0,1,1,CARRETERA,VÍAS INTERURBANAS,M-125,TITULARIDAD AUTONÓMICA,VÍA CONVENCIONAL,EN T Ó Y,,SIN DATO,NINGUNA (SOLO NORMA),SECA Y LIMPIA,PLENO DÍA,BUEN TIEMPO,SIN RESTRICCIÓN,NINGUNA,N,Atropello a animales sueltos,FLUIDA,NINGUNA MEDIDA,Corzo
2009280006556,2009,8,09:00,LUNES,Madrid,"Madrid, Comunidad de",,,1,0,0,1,2,CARRETERA,VÍAS INTERURBANAS,M-103,TITULARIDAD AUTONÓMICA,VÍA CONVENCIONAL,EN T Ó Y,,SIN DATO,SOLO MARCAS VIALES,SECA Y LIMPIA,PLENO DÍA,BUEN TIEMPO,SIN RESTRICCIÓN,NINGUNA,N,Colisión de vehículos en marcha (Frontolateral),FLUIDA,NINGUNA MEDIDA,Canino
2010280011806,2010,12,21:00,LUNES,Madrid,"Madrid, Comunidad de",,,1,0,0,1,1,CARRETERA,VÍAS INTERURBANAS,M-103,TITULARIDAD AUTONÓMICA,VÍA CONVENCIONAL,EN T Ó Y,,SIN DATO,NINGUNA (SOLO NORMA),MOJADA,NOCHE: SIN ILUMINACIÓN,LLOVIZNANDO,SIN RESTRICCIÓN,NINGUNA,N,Atropello a animales sueltos,FLUIDA,NINGUNA MEDIDA,Canino
2010280007015,2010,7,18:00,VIERNES,Madrid,"Madrid, Comunidad de",,,2,0,0,2,3,CARRETERA,VÍAS INTERURBANAS,M-103,TITULARIDAD AUTONÓMICA,VÍA CONVENCIONAL,EN T Ó Y,,SIN DATO,NINGUNA (SOLO NORMA),SECA Y LIMPIA,PLENO DÍA,BUEN TIEMPO,SIN RESTRICCIÓN,NINGUNA,N,Colisión de vehículos en marcha (Alcance),FLUIDA,NINGUNA MEDIDA,Canino
2013280003177,2013,4,20:40,JUEVES,Madrid,"Madrid, Comunidad de",,,1,0,0,1,1,CARRETERA,VÍAS INTERURBANAS,M-103,TITULARIDAD AUTONÓMICA,VÍA CONVENCIONAL,EN T Ó Y,,SIN DATO,NINGUNA (SOLO NORMA),SECA Y LIMPIA,CREPÚSCULO,BUEN TIEMPO,SIN RESTRICCIÓN,NINGUNA,N,Atropello a animales sueltos,FLUIDA,NINGUNA MEDIDA,Jabalí
2009280003595,2009,4,21:00,DOMINGO,Madrid,"Madrid, Comunidad de",,Velilla de San Antonio,1,0,1,0,1,CARRETERA,VÍAS INTERURBANAS,R-3,TITULARIDAD ESTATAL,AUTOPISTA,EN T Ó Y,,SIN DATO,NINGUNA (SOLO NORMA),SECA Y LIMPIA,NOCHE: SIN ILUMINACIÓN,BUEN TIEMPO,SIN RESTRICCIÓN,NINGUNA,N,Atropello a animales sueltos,FLUIDA,NINGUNA MEDIDA,Canino
2012280000327,2012,1,21:00,LUNES,Madrid,"Madrid, Comunidad de",,,1,0,0,1,1,CARRETERA,VÍAS INTERURBANAS,M-122,TITULARIDAD AUTONÓMICA,VÍA CONVENCIONAL,EN T Ó Y,,SIN DATO,NINGUNA (SOLO NORMA),SECA Y LIMPIA,NOCHE: SIN ILUMINACIÓN,BUEN TIEMPO,SIN RESTRICCIÓN,NINGUNA,N,Atropello a animales sueltos,FLUIDA,NINGUNA MEDIDA,Jabalí
2010280010494,2010,11,20:00,MARTES,Madrid,"Madrid, Comunidad de",,,1,0,0,1,1,CARRETERA,VÍAS INTERURBANAS,N-320,TITULARIDAD ESTATAL,VÍA CONVENCIONAL,EN T Ó Y,,SIN DATO,NINGUNA (SOLO NORMA),SECA Y LIMPIA,NOCHE: SIN ILUMINACIÓN,BUEN TIEMPO,SIN RESTRICCIÓN,NINGUNA,N,Atropello a animales sueltos,FLUIDA,NINGUNA MEDIDA,Jabalí
2011280008608,2011,10,21:00,DOMINGO,Madrid,"Madrid, Comunidad de",,,1,0,0,1,1,CARRETERA,VÍAS INTERURBANAS,M-608,TITULARIDAD AUTONÓMICA,VÍA CONVENCIONAL,EN T Ó Y,,SIN DATO,NINGUNA (SOLO NORMA),SECA Y LIMPIA,NOCHE: SIN ILUMINACIÓN,BUEN TIEMPO,SIN RESTRICCIÓN,NINGUNA,N,Atropello a animales sueltos,FLUIDA,NINGUNA MEDIDA,Jabalí
2013280003200,2013,4,11:20,VIERNES,Madrid,"Madrid, Comunidad de",,Villa del Prado,1,0,0,1,1,CARRETERA,VÍAS INTERURBANAS,M-507,TITULARIDAD AUTONÓMICA,VÍA CONVENCIONAL,EN T Ó Y,,SIN DATO,NINGUNA (SOLO NORMA),SECA Y LIMPIA,PLENO DÍA,BUEN TIEMPO,SIN RESTRICCIÓN,NINGUNA,N,Atropello a animales sueltos,FLUIDA,NINGUNA MEDIDA,Jabalí
2013280008518,2013,10,06:10,DOMINGO,Madrid,"Madrid, Comunidad de",,Villanueva del Pardillo,2,0,0,2,2,CARRETERA,VÍAS INTERURBANAS,M-503,TITULARIDAD AUTONÓMICA,AUTOVÍA,EN T Ó Y,,SIN DATO,NINGUNA (SOLO NORMA),SECA Y LIMPIA,NOCHE: SIN ILUMINACIÓN,BUEN TIEMPO,SIN RESTRICCIÓN,NINGUNA,N,Atropello a animales sueltos,FLUIDA,NINGUNA MEDIDA,Jabalí
2010280003743,2010,4,00:00,MARTES,Madrid,"Madrid, Comunidad de",,,1,0,0,1,1,CARRETERA,VÍAS INTERURBANAS,A-1,TITULARIDAD ESTATAL,AUTOVÍA,EN T Ó Y,,SIN DATO,NINGUNA (SOLO NORMA),SECA Y LIMPIA,NOCHE: ILUMINACIÓN INSUFICIENTE,BUEN TIEMPO,SIN RESTRICCIÓN,NINGUNA,N,Atropello a animales sueltos,FLUIDA,NINGUNA MEDIDA,Jabalí
2011280009702,2011,11,08:00,VIERNES,Madrid,"Madrid, Comunidad de",,,1,0,0,1,1,CARRETERA,VÍAS INTERURBANAS,A-1,TITULARIDAD ESTATAL,AUTOVÍA,EN T Ó Y,,SIN DATO,SOLO MARCAS VIALES,SECA Y LIMPIA,PLENO DÍA,BUEN TIEMPO,OTRA_CAUSA,NINGUNA,N,Atropello a animales sueltos,FLUIDA,NINGUNA MEDIDA,Canino
2008280010241,2008,12,01:00,LUNES,Madrid,"Madrid, Comunidad de",,,1,0,0,1,1,CARRETERA,VÍAS INTERURBANAS,M-127,TITULARIDAD AUTONÓMICA,VÍA CONVENCIONAL,EN T Ó Y,,SIN DATO,NINGUNA (SOLO NORMA),MOJADA,NOCHE: SIN ILUMINACIÓN,NEVANDO,SIN RESTRICCIÓN,NINGUNA,N,Atropello a animales sueltos,FLUIDA,NINGUNA MEDIDA,Jabalí
2009280009365,2009,11,18:00,DOMINGO,Madrid,"Madrid, Comunidad de",,,2,0,0,2,1,CARRETERA,VÍAS INTERURBANAS,M-127,TITULARIDAD AUTONÓMICA,VÍA CONVENCIONAL,EN X Ó +,,SIN DATO,NINGUNA (SOLO NORMA),SECA Y LIMPIA,NOCHE: SIN ILUMINACIÓN,BUEN TIEMPO,SIN RESTRICCIÓN,NINGUNA,N,Atropello a animales sueltos,FLUIDA,NINGUNA MEDIDA,Corzo
2013280005626,2013,7,00:20,LUNES,Madrid,"Madrid, Comunidad de",,,1,0,0,1,1,CARRETERA,VÍAS INTERURBANAS,M-127,TITULARIDAD AUTONÓMICA,VÍA CONVENCIONAL,EN T Ó Y,,SIN DATO,NINGUNA (SOLO NORMA),SECA Y LIMPIA,NOCHE: SIN ILUMINACIÓN,BUEN TIEMPO,SIN RESTRICCIÓN,NINGUNA,N,Atropello a animales sueltos,FLUIDA,NINGUNA MEDIDA,Ave
2009290003097,2009,5,10:00,MARTES,Málaga,Andalucía,,,1,0,0,1,1,ZONA URBANA,VÍAS URBANAS,,TITULARIDAD MUNICIPAL,OTRO TIPO,EN T Ó Y,,SIN DATO,NINGUNA (SOLO NORMA),SECA Y LIMPIA,PLENO DÍA,BUEN TIEMPO,SIN RESTRICCIÓN,NINGUNA,N,Atropello a animales sueltos,FLUIDA,NINGUNA MEDIDA,Canino
2013290000023,2013,1,07:50,MARTES,Málaga,Andalucía,,Alhaurín el Grande,1,0,0,1,2,CARRETERA,VÍAS INTERURBANAS,A-404,TITULARIDAD AUTONÓMICA,VÍA CONVENCIONAL,EN T Ó Y,,SIN DATO,NINGUNA (SOLO NORMA),SECA Y LIMPIA,CREPÚSCULO,BUEN TIEMPO,SIN RESTRICCIÓN,NINGUNA,N,Colisión de vehículos en marcha (Alcance),FLUIDA,NINGUNA MEDIDA,Felino
2010290002924,2010,11,22:00,LUNES,Málaga,Andalucía,,Álora,1,0,1,0,1,CARRETERA,VÍAS INTERURBANAS,A-7077,TITULARIDAD AUTONÓMICA,VÍA CONVENCIONAL,EN X Ó +,,SIN DATO,NINGUNA (SOLO NORMA),SECA Y LIMPIA,NOCHE: SIN ILUMINACIÓN,BUEN TIEMPO,SIN RESTRICCIÓN,NINGUNA,N,Atropello a animales sueltos,FLUIDA,NINGUNA MEDIDA,Equino
2013290000249,2013,1,06:00,LUNES,Málaga,Andalucía,,Álora,1,0,0,1,1,CARRETERA,VÍAS INTERURBANAS,MA-5005,"TITULARIDAD PROVINCIAL (DIPUTACIÓN, CABILDO O CONSELL)",VÍA CONVENCIONAL,EN T Ó Y,,SIN DATO,NINGUNA (SOLO NORMA),SECA Y LIMPIA,NOCHE: SIN ILUMINACIÓN,BUEN TIEMPO,SIN RESTRICCIÓN,NINGUNA,N,Atropello a animales sueltos,FLUIDA,NINGUNA MEDIDA,Equino
2008290000913,2008,2,20:00,SÁBADO,Málaga,Andalucía,,Antequera,2,0,0,2,1,CARRETERA,VÍAS INTERURBANAS,MA-4403,"TITULARIDAD PROVINCIAL (DIPUTACIÓN, CABILDO O CONSELL)",VÍA CONVENCIONAL,EN T Ó Y,,SIN DATO,NINGUNA (SOLO NORMA),SECA Y LIMPIA,NOCHE: ILUMINACIÓN INSUFICIENTE,BUEN TIEMPO,SIN RESTRICCIÓN,NINGUNA,N,Salida de la vía por la derecha con colisión (Choque con árbol o poste),FLUIDA,NINGUNA MEDIDA,Canino
2008290003432,2008,8,02:00,LUNES,Málaga,Andalucía,,Antequera,2,0,0,2,1,CARRETERA,VÍAS INTERURBANAS,MA-4403,"TITULARIDAD PROVINCIAL (DIPUTACIÓN, CABILDO O CONSELL)",VÍA CONVENCIONAL,EN T Ó Y,,SIN DATO,NINGUNA (SOLO NORMA),SECA Y LIMPIA,NOCHE: ILUMINACIÓN INSUFICIENTE,BUEN TIEMPO,SIN RESTRICCIÓN,NINGUNA,N,Salida de la vía por la derecha sin colisión (Con vuelco),FLUIDA,NINGUNA MEDIDA,Jabalí
2011290000149,2011,1,17:00,MARTES,Málaga,Andalucía,,Antequera,1,0,0,1,2,CARRETERA,VÍAS INTERURBANAS,A-92M,TITULARIDAD AUTONÓMICA,AUTOVÍA,EN X Ó +,,SIN DATO,NINGUNA (SOLO NORMA),SECA Y LIMPIA,PLENO DÍA,BUEN TIEMPO,SIN RESTRICCIÓN,NINGUNA,N,Otro tipo de accidente,FLUIDA,NINGUNA MEDIDA,Canino
2012290001485,2012,5,00:00,SÁBADO,Málaga,Andalucía,,Antequera,1,0,0,1,1,CARRETERA,VÍAS INTERURBANAS,MA-4403,"TITULARIDAD PROVINCIAL (DIPUTACIÓN, CABILDO O CONSELL)",VÍA CONVENCIONAL,EN T Ó Y,,SIN DATO,NINGUNA (SOLO NORMA),SECA Y LIMPIA,NOCHE: SIN ILUMINACIÓN,BUEN TIEMPO,SIN RESTRICCIÓN,NINGUNA,N,Salida de la vía por la izquierda sin colisión (Con vuelco),FLUIDA,NINGUNA MEDIDA,Animal no identificado
2013290002064,2013,9,05:15,SÁBADO,Málaga,Andalucía,,Antequera,1,0,0,1,2,CARRETERA,VÍAS INTERURBANAS,A-45,TITULARIDAD ESTATAL,AUTOVÍA,EN T Ó Y,,SIN DATO,NINGUNA (SOLO NORMA),SECA Y LIMPIA,NOCHE: ILUMINACIÓN INSUFICIENTE,BUEN TIEMPO,SIN RESTRICCIÓN,NINGUNA,N,Salida de la vía por la izquierda sin colisión (En llano),FLUIDA,NINGUNA MEDIDA,Jabalí
2013290000395,2013,2,04:55,VIERNES,Málaga,Andalucía,,Antequera,1,0,0,1,1,CARRETERA,VÍAS INTERURBANAS,A-45,TITULARIDAD ESTATAL,AUTOVÍA,ENLACE DE SALIDA,,SIN DATO,NINGUNA (SOLO NORMA),SECA Y LIMPIA,NOCHE: SIN ILUMINACIÓN,BUEN TIEMPO,SIN RESTRICCIÓN,NINGUNA,N,Salida de la vía por la derecha con colisión (Choque con muro o edifício),FLUIDA,NINGUNA MEDIDA,Animal no identificado
2013290001680,2013,7,17:05,LUNES,Málaga,Andalucía,,Antequera,1,0,0,1,2,CARRETERA,VÍAS INTERURBANAS,A-384,TITULARIDAD AUTONÓMICA,VÍA CONVENCIONAL,EN T Ó Y,,SIN DATO,NINGUNA (SOLO NORMA),SECA Y LIMPIA,PLENO DÍA,BUEN TIEMPO,SIN RESTRICCIÓN,NINGUNA,N,Colisión de vehículos en marcha (Alcance),FLUIDA,NINGUNA MEDIDA,Caprino
2013290002078,2013,9,12:40,VIERNES,Málaga,Andalucía,,Antequera,1,0,0,1,1,CARRETERA,VÍAS INTERURBANAS,MA-5406,"TITULARIDAD PROVINCIAL (DIPUTACIÓN, CABILDO O CONSELL)",VÍA CONVENCIONAL,EN T Ó Y,,SIN DATO,NINGUNA (SOLO NORMA),SECA Y LIMPIA,PLENO DÍA,BUEN TIEMPO,SIN RESTRICCIÓN,NINGUNA,N,Atropello a animales sueltos,FLUIDA,NINGUNA MEDIDA,Canino
2013290001320,2013,5,22:30,MIÉRCOLES,Málaga,Andalucía,,Antequera,1,0,0,1,2,CARRETERA,VÍAS INTERURBANAS,AP-46,TITULARIDAD ESTATAL,AUTOPISTA,EN T Ó Y,,SIN DATO,NINGUNA (SOLO NORMA),SECA Y LIMPIA,NOCHE: ILUMINACIÓN SUFICIENTE,BUEN TIEMPO,SIN RESTRICCIÓN,NINGUNA,N,Atropello a animales sueltos,FLUIDA,NINGUNA MEDIDA,Jabalí
2008290004058,2008,10,12:00,VIERNES,Málaga,Andalucía,,Archidona,1,0,0,1,1,CARRETERA,VÍAS INTERURBANAS,A-92M,TITULARIDAD AUTONÓMICA,AUTOVÍA,,ENLACE DE SALIDA,NADA ESPECIAL,NINGUNA (SOLO NORMA),SECA Y LIMPIA,PLENO DÍA,BUEN TIEMPO,SIN RESTRICCIÓN,NINGUNA,N,Atropello a animales sueltos,FLUIDA,NINGUNA MEDIDA,Canino
2013290000083,2013,1,09:10,DOMINGO,Málaga,Andalucía,,Archidona,2,0,0,2,1,CARRETERA,VÍAS INTERURBANAS,A-7200,TITULARIDAD AUTONÓMICA,VÍA CONVENCIONAL,EN X Ó +,,SIN DATO,NINGUNA (SOLO NORMA),MOJADA,PLENO DÍA,LLOVIZNANDO,CONFIGURACIÓN DEL TERRENO,NINGUNA,N,Salida de la vía por la derecha con colisión (Choque con cuneta o bordillo),FLUIDA,NINGUNA MEDIDA,Canino
2009290001764,2009,6,20:00,SÁBADO,Málaga,Andalucía,,,1,0,1,0,1,CARRETERA,VÍAS INTERURBANAS,A-397,TITULARIDAD AUTONÓMICA,VÍA CONVENCIONAL,EN X Ó +,,SIN DATO,NINGUNA (SOLO NORMA),SECA Y LIMPIA,PLENO DÍA,BUEN TIEMPO,SIN RESTRICCIÓN,NINGUNA,N,Salida de la vía por la derecha sin colisión (Con vuelco),FLUIDA,NINGUNA MEDIDA,Animal no identificado
2009290000826,2009,3,13:00,VIERNES,Málaga,Andalucía,,,2,0,0,2,1,CARRETERA,VÍAS INTERURBANAS,A-7175,TITULARIDAD AUTONÓMICA,VÍA CONVENCIONAL,EN T Ó Y,,SIN DATO,NINGUNA (SOLO NORMA),SECA Y LIMPIA,PLENO DÍA,BUEN TIEMPO,SIN RESTRICCIÓN,NINGUNA,N,Salida de la vía por la derecha con colisión (Choque con cuneta o bordillo),FLUIDA,NINGUNA MEDIDA,Canino
2013290000470,2013,2,00:35,SÁBADO,Málaga,Andalucía,,Benahavís,1,0,0,1,1,CARRETERA,VÍAS INTERURBANAS,A-7175,TITULARIDAD AUTONÓMICA,VÍA CONVENCIONAL,EN T Ó Y,,SIN DATO,NINGUNA (SOLO NORMA),SECA Y LIMPIA,NOCHE: SIN ILUMINACIÓN,BUEN TIEMPO,SIN RESTRICCIÓN,NINGUNA,N,Atropello a animales sueltos,FLUIDA,NINGUNA MEDIDA,Canino
2010290003016,2010,4,17:00,MARTES,Málaga,Andalucía,,Benalmádena,1,0,0,1,1,ZONA URBANA,VÍAS URBANAS,,TITULARIDAD MUNICIPAL,OTRO TIPO,EN T Ó Y,,SIN DATO,PASO PARA PEATONES,SECA Y LIMPIA,PLENO DÍA,BUEN TIEMPO,SIN RESTRICCIÓN,NINGUNA,S,Atropello a animal conducido o en rebaño,FLUIDA,NINGUNA MEDIDA,Canino
2008290001344,2008,3,20:00,MARTES,Málaga,Andalucía,,,1,0,1,0,1,CARRETERA,VÍAS INTERURBANAS,MA-3112,"TITULARIDAD PROVINCIAL (DIPUTACIÓN, CABILDO O CONSELL)",VÍA CONVENCIONAL,EN T Ó Y,,SIN DATO,NINGUNA (SOLO NORMA),SECA Y LIMPIA,NOCHE: SIN ILUMINACIÓN,BUEN TIEMPO,SIN RESTRICCIÓN,NINGUNA,N,Salida de la vía por la derecha con colisión (Choque con cuneta o bordillo),FLUIDA,NINGUNA MEDIDA,Canino
2011290002684,2011,9,20:00,DOMINGO,Málaga,Andalucía,,Campillos,1,0,0,1,1,CARRETERA,VÍAS INTERURBANAS,MA-6404,"TITULARIDAD PROVINCIAL (DIPUTACIÓN, CABILDO O CONSELL)",VÍA CONVENCIONAL,EN T Ó Y,,SIN DATO,NINGUNA (SOLO NORMA),SECA Y LIMPIA,NOCHE: ILUMINACIÓN INSUFICIENTE,BUEN TIEMPO,SIN RESTRICCIÓN,NINGUNA,N,Atropello a animal conducido o en rebaño,FLUIDA,NINGUNA MEDIDA,Caprino
2012290003545,2012,12,16:00,MIÉRCOLES,Málaga,Andalucía,,,1,0,0,1,1,CARRETERA,VÍAS INTERURBANAS,A-356,TITULARIDAD AUTONÓMICA,VÍA CONVENCIONAL,EN T Ó Y,,SIN DATO,NINGUNA (SOLO NORMA),SECA Y LIMPIA,PLENO DÍA,BUEN TIEMPO,SIN RESTRICCIÓN,NINGUNA,N,Salida de la vía por la derecha con colisión (Otro tipo de choque),FLUIDA,NINGUNA MEDIDA,Canino
2009290000997,2009,3,08:00,MARTES,Málaga,Andalucía,,Cártama,1,0,0,1,2,CARRETERA,VÍAS INTERURBANAS,A-7059,TITULARIDAD AUTONÓMICA,VÍA CONVENCIONAL,EN X Ó +,,SIN DATO,NINGUNA (SOLO NORMA),SECA Y LIMPIA,PLENO DÍA,BUEN TIEMPO,SIN RESTRICCIÓN,NINGUNA,N,Colisión de vehículos en marcha (Frontal),FLUIDA,NINGUNA MEDIDA,Canino
2010290001207,2010,4,02:00,SÁBADO,Málaga,Andalucía,,Cártama,1,0,0,1,1,CARRETERA,VÍAS INTERURBANAS,A-7052,TITULARIDAD AUTONÓMICA,VÍA CONVENCIONAL,EN T Ó Y,,SIN DATO,NINGUNA (SOLO NORMA),MOJADA,NOCHE: SIN ILUMINACIÓN,LLOVIZNANDO,SIN RESTRICCIÓN,NINGUNA,N,Atropello a animales sueltos,FLUIDA,NINGUNA MEDIDA,Equino
2013290000734,2013,3,17:00,VIERNES,Málaga,Andalucía,,Cártama,2,0,0,2,2,CARRETERA,VÍAS INTERURBANAS,A-357,TITULARIDAD AUTONÓMICA,AUTOVÍA,EN T Ó Y,,SIN DATO,NINGUNA (SOLO NORMA),MOJADA,PLENO DÍA,LLOVIZNANDO,SIN RESTRICCIÓN,NINGUNA,N,Colisión de vehículos en marcha (Alcance),FLUIDA,NINGUNA MEDIDA,Canino
2013290003126,2013,12,06:45,LUNES,Málaga,Andalucía,,Cártama,1,0,0,1,1,CARRETERA,VÍAS INTERURBANAS,A-357,TITULARIDAD AUTONÓMICA,AUTOVÍA,EN T Ó Y,,SIN DATO,NINGUNA (SOLO NORMA),SECA Y LIMPIA,NOCHE: SIN ILUMINACIÓN,BUEN TIEMPO,SIN RESTRICCIÓN,NINGUNA,N,Atropello a animales sueltos,FLUIDA,NINGUNA MEDIDA,Equino
2009290003224,2009,11,11:00,SÁBADO,Málaga,Andalucía,,,1,0,0,1,1,CARRETERA,VÍAS INTERURBANAS,A-356,TITULARIDAD AUTONÓMICA,VÍA CONVENCIONAL,EN T Ó Y,,SIN DATO,SOLO MARCAS VIALES,SECA Y LIMPIA,NOCHE: SIN ILUMINACIÓN,BUEN TIEMPO,SIN RESTRICCIÓN,NINGUNA,N,Atropello a animales sueltos,FLUIDA,NINGUNA MEDIDA,Equino
2010290001126,2010,4,00:00,DOMINGO,Málaga,Andalucía,,,2,0,0,2,1,CARRETERA,VÍAS INTERURBANAS,A-356,TITULARIDAD AUTONÓMICA,VÍA CONVENCIONAL,EN T Ó Y,,SIN DATO,NINGUNA (SOLO NORMA),SECA Y LIMPIA,NOCHE: SIN ILUMINACIÓN,BUEN TIEMPO,SIN RESTRICCIÓN,NINGUNA,N,Salida de la vía por la derecha sin colisión (Con vuelco),FLUIDA,NINGUNA MEDIDA,Animal no identificado
2010290002264,2010,8,01:00,DOMINGO,Málaga,Andalucía,,Coín,2,2,0,0,1,CARRETERA,VÍAS INTERURBANAS,A-355,TITULARIDAD AUTONÓMICA,VÍA CONVENCIONAL,EN T Ó Y,,SIN DATO,NINGUNA (SOLO NORMA),SECA Y LIMPIA,NOCHE: SIN ILUMINACIÓN,BUEN TIEMPO,SIN RESTRICCIÓN,OTRA,N,Atropello a animales sueltos,FLUIDA,NINGUNA MEDIDA,Equino
2011290001628,2011,5,00:00,JUEVES,Málaga,Andalucía,,Coín,3,0,0,3,3,CARRETERA,VÍAS INTERURBANAS,A-355,TITULARIDAD AUTONÓMICA,VÍA CONVENCIONAL,EN T Ó Y,,SIN DATO,NINGUNA (SOLO NORMA),SECA Y LIMPIA,NOCHE: ILUMINACIÓN INSUFICIENTE,BUEN TIEMPO,SIN RESTRICCIÓN,NINGUNA,N,Atropello a animales sueltos,FLUIDA,NINGUNA MEDIDA,Equino