ID_ACCIDENTE,ANIO,MES,HORA,DIASEMANA,PROVINCIA,COMUNIDAD_AUTONOMA,ISLA,MUNICIPIO,TOT_VICTIMAS,TOT_MUERTOS,TOT_HERIDOS_GRAVES,TOT_HERIDOS_LEVES,TOT_VEHICULOS_IMPLICADOS,ZONA,ZONA_AGRUPADA,CARRETERA,RED_CARRETERA,TIPO_VIA,TRAZADO_NO_INTERSEC,TIPO_INTERSEC,ACOND_CALZADA,PRIORIDAD,SUPERFICIE_CALZADA,LUMINOSIDAD,FACTORES_ATMOSFERICOS,VISIBILIDAD_RESTRINGIDA,OTRA_CIRCUNSTANCIA,ACERAS,TIPO_ACCIDENTE,DENSIDAD_CIRCULACION,MEDIDAS_ESPECIALES,COD_ANIMAL
2009300002096,2009,11,17:00,VIERNES,Murcia,"Murcia, Región de",,Lorca,1,0,0,1,1,CARRETERA,VÍAS INTERURBANAS,RM-621,TITULARIDAD AUTONÓMICA,VÍA CONVENCIONAL,EN T Ó Y,,SIN DATO,NINGUNA (SOLO NORMA),SECA Y LIMPIA,PLENO DÍA,BUEN TIEMPO,SIN RESTRICCIÓN,NINGUNA,N,Atropello a animales sueltos,FLUIDA,NINGUNA MEDIDA,Canino
2010300001911,2010,10,11:00,MARTES,Murcia,"Murcia, Región de",,Lorca,1,0,1,0,2,CARRETERA,VÍAS INTERURBANAS,CV-98,TITULARIDAD MUNICIPAL,CAMINO VECINAL,EN T Ó Y,,SIN DATO,SOLO MARCAS VIALES,SECA Y LIMPIA,PLENO DÍA,BUEN TIEMPO,SIN RESTRICCIÓN,NINGUNA,N,Atropello a animal conducido o en rebaño,FLUIDA,NINGUNA MEDIDA,Equino
2012300001707,2012,10,20:00,SÁBADO,Murcia,"Murcia, Región de",,Lorca,1,0,0,1,1,CARRETERA,VÍAS INTERURBANAS,RM-620,TITULARIDAD AUTONÓMICA,VÍA CONVENCIONAL,EN T Ó Y,,SIN DATO,NINGUNA (SOLO NORMA),SECA Y LIMPIA,NOCHE: ILUMINACIÓN INSUFICIENTE,BUEN TIEMPO,SIN RESTRICCIÓN,NINGUNA,N,Atropello a animales sueltos,FLUIDA,NINGUNA MEDIDA,Canino
2012300001366,2012,8,01:00,VIERNES,Murcia,"Murcia, Región de",,Lorca,2,0,0,2,1,CARRETERA,VÍAS INTERURBANAS,RM-11,TITULARIDAD AUTONÓMICA,VÍA CONVENCIONAL,EN X Ó +,,SIN DATO,NINGUNA (SOLO NORMA),SECA Y LIMPIA,NOCHE: SIN ILUMINACIÓN,BUEN TIEMPO,SIN RESTRICCIÓN,NINGUNA,N,Salida de la vía por la izquierda con colisión (Otro tipo de choque),DENSA,NINGUNA MEDIDA,Animal no identificado
2013300001026,2013,7,20:20,VIERNES,Murcia,"Murcia, Región de",,Lorca,1,0,0,1,1,CARRETERA,VÍAS INTERURBANAS,RM-D17,TITULARIDAD AUTONÓMICA,VÍA CONVENCIONAL,EN T Ó Y,,SIN DATO,NINGUNA (SOLO NORMA),SECA Y LIMPIA,CREPÚSCULO,BUEN TIEMPO,SIN RESTRICCIÓN,NINGUNA,N,Atropello a animales sueltos,FLUIDA,NINGUNA MEDIDA,Canino
2013300001875,2013,11,02:50,MARTES,Murcia,"Murcia, Región de",,Lorca,1,0,0,1,1,CARRETERA,VÍAS INTERURBANAS,RM-11,TITULARIDAD AUTONÓMICA,VÍA CONVENCIONAL,EN T Ó Y,,SIN DATO,SOLO MARCAS VIALES,UMBRÍA,NOCHE: SIN ILUMINACIÓN,BUEN TIEMPO,SIN RESTRICCIÓN,NINGUNA,N,Atropello a animales sueltos,FLUIDA,NINGUNA MEDIDA,Jabalí
2008300001347,2008,7,09:00,DOMINGO,Murcia,"Murcia, Región de",,Mazarrón,1,0,0,1,1,CARRETERA,VÍAS INTERURBANAS,N-332-2,TITULARIDAD AUTONÓMICA,VÍA CONVENCIONAL,EN T Ó Y,,SIN DATO,NINGUNA (SOLO NORMA),SECA Y LIMPIA,PLENO DÍA,BUEN TIEMPO,SIN RESTRICCIÓN,NINGUNA,N,Vuelco en la calzada,FLUIDA,NINGUNA MEDIDA,Canino
2008300002241,2008,11,05:00,MIÉRCOLES,Murcia,"Murcia, Región de",,Molina de Segura,1,0,1,0,1,CARRETERA,VÍAS INTERURBANAS,A-30,TITULARIDAD ESTATAL,AUTOVÍA,EN T Ó Y,,SIN DATO,SOLO MARCAS VIALES,SECA Y LIMPIA,NOCHE: SIN ILUMINACIÓN,BUEN TIEMPO,SIN RESTRICCIÓN,NINGUNA,N,Atropello a animales sueltos,FLUIDA,NINGUNA MEDIDA,Canino
2013300001380,2013,9,21:30,LUNES,Murcia,"Murcia, Región de",,Molina de Segura,1,0,0,1,3,CARRETERA,VÍAS INTERURBANAS,A-30,TITULARIDAD ESTATAL,AUTOVÍA,EN X Ó +,,SIN DATO,NINGUNA (SOLO NORMA),SECA Y LIMPIA,NOCHE: SIN ILUMINACIÓN,BUEN TIEMPO,SIN RESTRICCIÓN,NINGUNA,N,Otro tipo de accidente,FLUIDA,NINGUNA MEDIDA,Canino
2013300000547,2013,1,21:00,MIÉRCOLES,Murcia,"Murcia, Región de",,Molina de Segura,1,0,0,1,1,ZONA URBANA,VÍAS URBANAS,,TITULARIDAD MUNICIPAL,VÍA CONVENCIONAL,EN T Ó Y,,SIN DATO,NINGUNA (SOLO NORMA),SECA Y LIMPIA,NOCHE: ILUMINACIÓN SUFICIENTE,BUEN TIEMPO,SIN RESTRICCIÓN,NINGUNA,N,Atropello a animales sueltos,FLUIDA,NINGUNA MEDIDA,Canino
2011300000026,2011,1,23:00,MARTES,Murcia,"Murcia, Región de",,Moratalla,2,0,2,0,1,CARRETERA,VÍAS INTERURBANAS,RM-715,TITULARIDAD AUTONÓMICA,VÍA CONVENCIONAL,EN T Ó Y,,SIN DATO,NINGUNA (SOLO NORMA),SECA Y LIMPIA,NOCHE: SIN ILUMINACIÓN,BUEN TIEMPO,SIN RESTRICCIÓN,NINGUNA,N,Atropello a animales sueltos,FLUIDA,NINGUNA MEDIDA,Equino
2012300001727,2012,10,19:00,SÁBADO,Murcia,"Murcia, Región de",,Moratalla,3,0,1,2,1,CARRETERA,VÍAS INTERURBANAS,RM-702,TITULARIDAD AUTONÓMICA,VÍA CONVENCIONAL,,EN T Ó Y,CARRIL CENTRAL DE ESPERA,NINGUNA (SOLO NORMA),SECA Y LIMPIA,CREPÚSCULO,BUEN TIEMPO,SIN RESTRICCIÓN,NINGUNA,N,Atropello a animales sueltos,FLUIDA,NINGUNA MEDIDA,Equino
2013300000678,2013,5,16:45,VIERNES,Murcia,"Murcia, Región de",,Moratalla,1,0,0,1,1,CARRETERA,VÍAS INTERURBANAS,RM-715,TITULARIDAD AUTONÓMICA,VÍA CONVENCIONAL,EN X Ó +,,SIN DATO,NINGUNA (SOLO NORMA),SECA Y LIMPIA,PLENO DÍA,BUEN TIEMPO,VEGETACIÓN,NINGUNA,N,Atropello a animales sueltos,FLUIDA,NINGUNA MEDIDA,Cabra montés
2008300001140,2008,6,18:00,SÁBADO,Murcia,"Murcia, Región de",,Murcia,1,0,1,0,1,CARRETERA,VÍAS INTERURBANAS,N-301,TITULARIDAD MUNICIPAL,VÍA CONVENCIONAL,EN X Ó +,,SIN DATO,NINGUNA (SOLO NORMA),SECA Y LIMPIA,PLENO DÍA,BUEN TIEMPO,SIN RESTRICCIÓN,NINGUNA,N,Salida de la vía por la derecha con colisión (Choque con árbol o poste),FLUIDA,NINGUNA MEDIDA,Animal no identificado
2008300000064,2008,1,07:00,VIERNES,Murcia,"Murcia, Región de",,Murcia,1,0,0,1,2,CARRETERA,VÍAS INTERURBANAS,A-30,TITULARIDAD ESTATAL,AUTOVÍA,,ENLACE DE ENTRADA,OTRO TIPO,OTRA SEÑAL,SECA Y LIMPIA,PLENO DÍA,BUEN TIEMPO,SIN RESTRICCIÓN,OTRA,N,Otro tipo de accidente,DENSA,OTRA MEDIDA,Ave
2009300000672,2009,4,12:00,MARTES,Murcia,"Murcia, Región de",,Murcia,2,0,0,2,2,CARRETERA,VÍAS INTERURBANAS,RM-C1,TITULARIDAD AUTONÓMICA,VÍA CONVENCIONAL,,EN X Ó +,NADA ESPECIAL,NINGUNA (SOLO NORMA),SECA Y LIMPIA,PLENO DÍA,BUEN TIEMPO,SIN RESTRICCIÓN,NINGUNA,N,Atropello a animales sueltos,FLUIDA,NINGUNA MEDIDA,Canino
2010300001350,2010,7,23:00,JUEVES,Murcia,"Murcia, Región de",,Murcia,1,0,0,1,1,CARRETERA,VÍAS INTERURBANAS,RM-302,TITULARIDAD AUTONÓMICA,VÍA CONVENCIONAL,EN T Ó Y,,SIN DATO,NINGUNA (SOLO NORMA),SECA Y LIMPIA,NOCHE: ILUMINACIÓN SUFICIENTE,BUEN TIEMPO,SIN RESTRICCIÓN,NINGUNA,N,Atropello a animales sueltos,FLUIDA,NINGUNA MEDIDA,Canino
2010300001225,2010,7,04:00,VIERNES,Murcia,"Murcia, Región de",,Murcia,3,0,0,3,1,CARRETERA,VÍAS INTERURBANAS,A-7,TITULARIDAD ESTATAL,AUTOVÍA,EN X Ó +,,SIN DATO,NINGUNA (SOLO NORMA),SECA Y LIMPIA,NOCHE: SIN ILUMINACIÓN,BUEN TIEMPO,SIN RESTRICCIÓN,NINGUNA,N,Colisión de vehículo con obstáculo en calzada (Otro objeto o material),FLUIDA,NINGUNA MEDIDA,Canino
2011300000388,2011,2,18:00,SÁBADO,Murcia,"Murcia, Región de",,Murcia,1,0,0,1,1,CARRETERA,VÍAS INTERURBANAS,RM-310,TITULARIDAD AUTONÓMICA,VÍA CONVENCIONAL,GIRATORIA,,SIN DATO,NINGUNA (SOLO NORMA),SECA Y LIMPIA,NOCHE: SIN ILUMINACIÓN,BUEN TIEMPO,SIN RESTRICCIÓN,NINGUNA,N,Atropello a animales sueltos,FLUIDA,NINGUNA MEDIDA,Ovino
2011300001338,2011,8,00:00,LUNES,Murcia,"Murcia, Región de",,Murcia,2,0,0,2,1,CARRETERA,VÍAS INTERURBANAS,RM-302,TITULARIDAD AUTONÓMICA,VÍA CONVENCIONAL,EN X Ó +,,SIN DATO,NINGUNA (SOLO NORMA),SECA Y LIMPIA,NOCHE: ILUMINACIÓN SUFICIENTE,BUEN TIEMPO,SIN RESTRICCIÓN,NINGUNA,S,Vuelco en la calzada,FLUIDA,NINGUNA MEDIDA,Animal no identificado
2012300000743,2012,5,18:00,LUNES,Murcia,"Murcia, Región de",,Murcia,1,0,0,1,1,CARRETERA,VÍAS INTERURBANAS,N-340,TITULARIDAD MUNICIPAL,VÍA CONVENCIONAL,EN T Ó Y,,SIN DATO,NINGUNA (SOLO NORMA),SECA Y LIMPIA,PLENO DÍA,BUEN TIEMPO,SIN RESTRICCIÓN,NINGUNA,N,Salida de la vía por la derecha con colisión (Choque con muro o edifício),FLUIDA,NINGUNA MEDIDA,Canino
2013300000096,2013,1,11:15,DOMINGO,Murcia,"Murcia, Región de",,Murcia,1,0,0,1,1,CARRETERA,VÍAS INTERURBANAS,RM-303,TITULARIDAD AUTONÓMICA,VÍA CONVENCIONAL,EN T Ó Y,,SIN DATO,NINGUNA (SOLO NORMA),SECA Y LIMPIA,PLENO DÍA,BUEN TIEMPO,SIN RESTRICCIÓN,NINGUNA,N,Vuelco en la calzada,FLUIDA,NINGUNA MEDIDA,Felino
2013300001520,2013,9,06:55,VIERNES,Murcia,"Murcia, Región de",,Murcia,1,0,0,1,3,TRAVESÍA,VÍAS URBANAS,N-340,OTRAS TITULARIDADES,VÍA CONVENCIONAL,EN T Ó Y,,SIN DATO,NINGUNA (SOLO NORMA),SECA Y LIMPIA,NOCHE: ILUMINACIÓN SUFICIENTE,BUEN TIEMPO,SIN RESTRICCIÓN,NINGUNA,N,Atropello a animales sueltos,FLUIDA,NINGUNA MEDIDA,Canino
2011300001205,2011,7,14:00,MARTES,Murcia,"Murcia, Región de",,Puerto Lumbreras,1,0,1,0,1,CARRETERA,VÍAS INTERURBANAS,CV-98,OTRAS TITULARIDADES,CAMINO VECINAL,EN T Ó Y,,SIN DATO,NINGUNA (SOLO NORMA),SECA Y LIMPIA,PLENO DÍA,BUEN TIEMPO,SIN RESTRICCIÓN,NINGUNA,N,Salida de la vía por la derecha sin colisión (Con vuelco),FLUIDA,NINGUNA MEDIDA,Canino
2012300001598,2012,10,06:00,DOMINGO,Murcia,"Murcia, Región de",,Totana,2,0,0,2,2,CARRETERA,VÍAS INTERURBANAS,A-7,TITULARIDAD ESTATAL,AUTOVÍA,EN T Ó Y,,SIN DATO,NINGUNA (SOLO NORMA),SECA Y LIMPIA,NOCHE: SIN ILUMINACIÓN,BUEN TIEMPO,SIN RESTRICCIÓN,NINGUNA,N,Colisión de vehículos en marcha (Lateral),FLUIDA,NINGUNA MEDIDA,Canino
2009310001431,2009,5,04:00,SÁBADO,Navarra,"Navarra, Comunidad Foral de",,,3,0,0,3,1,CARRETERA,VÍAS INTERURBANAS,AP-68,TITULARIDAD ESTATAL,AUTOPISTA,EN T Ó Y,,SIN DATO,NINGUNA (SOLO NORMA),SECA Y LIMPIA,NOCHE: ILUMINACIÓN INSUFICIENTE,BUEN TIEMPO,SIN RESTRICCIÓN,NINGUNA,N,Salida de la vía por la izquierda con colisión (Choque con árbol o poste),FLUIDA,NINGUNA MEDIDA,Conejo
2012310001896,2012,7,22:00,DOMINGO,Navarra,"Navarra, Comunidad Foral de",,,2,0,0,2,1,CARRETERA,VÍAS INTERURBANAS,AP-68,TITULARIDAD ESTATAL,AUTOPISTA,EN T Ó Y,,SIN DATO,NINGUNA (SOLO NORMA),SECA Y LIMPIA,NOCHE: SIN ILUMINACIÓN,BUEN TIEMPO,SIN RESTRICCIÓN,NINGUNA,N,Atropello a animales sueltos,FLUIDA,NINGUNA MEDIDA,Jabalí
2009310000906,2009,3,19:00,SÁBADO,Navarra,"Navarra, Comunidad Foral de",,,1,0,1,0,1,CARRETERA,VÍAS INTERURBANAS,NA-122,TITULARIDAD AUTONÓMICA,VÍA CONVENCIONAL,EN T Ó Y,,SIN DATO,NINGUNA (SOLO NORMA),SECA Y LIMPIA,PLENO DÍA,BUEN TIEMPO,SIN RESTRICCIÓN,NINGUNA,N,Atropello a animales sueltos,FLUIDA,NINGUNA MEDIDA,Canino
2012310001616,2012,6,12:00,MIÉRCOLES,Navarra,"Navarra, Comunidad Foral de",,,1,0,1,0,1,CARRETERA,VÍAS INTERURBANAS,NA-7500,TITULARIDAD AUTONÓMICA,VÍA CONVENCIONAL,EN X Ó +,,SIN DATO,NINGUNA (SOLO NORMA),SECA Y LIMPIA,PLENO DÍA,BUEN TIEMPO,SIN RESTRICCIÓN,NINGUNA,N,Atropello a animales sueltos,FLUIDA,NINGUNA MEDIDA,Canino
2012310003192,2012,12,20:00,JUEVES,Navarra,"Navarra, Comunidad Foral de",,,2,0,0,2,1,CARRETERA,VÍAS INTERURBANAS,N-240A,TITULARIDAD AUTONÓMICA,VÍA CONVENCIONAL,EN X Ó +,,SIN DATO,NINGUNA (SOLO NORMA),SECA Y LIMPIA,NOCHE: SIN ILUMINACIÓN,BUEN TIEMPO,SIN RESTRICCIÓN,NINGUNA,N,Salida de la vía por la izquierda con colisión (Otro tipo de choque),FLUIDA,NINGUNA MEDIDA,Jabalí
2012310002030,2012,8,16:00,JUEVES,Navarra,"Navarra, Comunidad Foral de",,,1,0,1,0,1,CARRETERA,VÍAS INTERURBANAS,,TITULARIDAD MUNICIPAL,CAMINO VECINAL,EN T Ó Y,,SIN DATO,NINGUNA (SOLO NORMA),SECA Y LIMPIA,PLENO DÍA,BUEN TIEMPO,SIN RESTRICCIÓN,NINGUNA,N,Atropello a animales sueltos,FLUIDA,NINGUNA MEDIDA,Canino
2009310000650,2009,2,21:00,MIÉRCOLES,Navarra,"Navarra, Comunidad Foral de",,,1,0,0,1,1,CARRETERA,VÍAS INTERURBANAS,NA-172,TITULARIDAD AUTONÓMICA,VÍA CONVENCIONAL,EN T Ó Y,,SIN DATO,NINGUNA (SOLO NORMA),SECA Y LIMPIA,NOCHE: SIN ILUMINACIÓN,BUEN TIEMPO,SIN RESTRICCIÓN,NINGUNA,N,Atropello a animales sueltos,FLUIDA,NINGUNA MEDIDA,Jabalí
2013310001119,2013,5,13:45,MIÉRCOLES,Navarra,"Navarra, Comunidad Foral de",,,1,0,0,1,1,CARRETERA,VÍAS INTERURBANAS,NA-2040,TITULARIDAD AUTONÓMICA,VÍA CONVENCIONAL,EN X Ó +,,SIN DATO,NINGUNA (SOLO NORMA),SECA Y LIMPIA,PLENO DÍA,BUEN TIEMPO,SIN RESTRICCIÓN,NINGUNA,N,Atropello a animales sueltos,FLUIDA,NINGUNA MEDIDA,Jabalí
2011310003406,2011,12,18:00,VIERNES,Navarra,"Navarra, Comunidad Foral de",,,2,0,0,2,2,CARRETERA,VÍAS INTERURBANAS,NA-134,TITULARIDAD AUTONÓMICA,VÍA CONVENCIONAL,EN T Ó Y,,SIN DATO,NINGUNA (SOLO NORMA),SECA Y LIMPIA,NOCHE: SIN ILUMINACIÓN,BUEN TIEMPO,SIN RESTRICCIÓN,NINGUNA,N,Atropello a animales sueltos,FLUIDA,NINGUNA MEDIDA,Jabalí
2012310003379,2012,12,19:00,SÁBADO,Navarra,"Navarra, Comunidad Foral de",,,1,0,0,1,1,CARRETERA,VÍAS INTERURBANAS,NA-134,TITULARIDAD AUTONÓMICA,VÍA CONVENCIONAL,EN T Ó Y,,SIN DATO,NINGUNA (SOLO NORMA),SECA Y LIMPIA,NOCHE: ILUMINACIÓN INSUFICIENTE,BUEN TIEMPO,SIN RESTRICCIÓN,NINGUNA,N,Atropello a animales sueltos,FLUIDA,NINGUNA MEDIDA,Jabalí
2013310001833,2013,7,11:00,DOMINGO,Navarra,"Navarra, Comunidad Foral de",,,1,0,0,1,1,CARRETERA,VÍAS INTERURBANAS,NA-7040,TITULARIDAD AUTONÓMICA,VÍA CONVENCIONAL,GIRATORIA,,SIN DATO,NINGUNA (SOLO NORMA),SECA Y LIMPIA,PLENO DÍA,BUEN TIEMPO,SIN RESTRICCIÓN,OBRAS,N,Salida de la vía por la derecha sin colisión (Con vuelco),FLUIDA,NINGUNA MEDIDA,Otro animal
2011310003189,2011,11,00:00,LUNES,Navarra,"Navarra, Comunidad Foral de",,,1,0,0,1,1,CARRETERA,VÍAS INTERURBANAS,NA-126,TITULARIDAD AUTONÓMICA,VÍA CONVENCIONAL,EN X Ó +,,SIN DATO,NINGUNA (SOLO NORMA),MOJADA,NOCHE: ILUMINACIÓN INSUFICIENTE,BUEN TIEMPO,SIN RESTRICCIÓN,NINGUNA,N,Salida de la vía por la derecha sin colisión (Con vuelco),FLUIDA,NINGUNA MEDIDA,Animal no identificado
2008310000215,2008,3,07:00,DOMINGO,Navarra,"Navarra, Comunidad Foral de",,,1,0,0,1,2,ZONA URBANA,VÍAS URBANAS,,TITULARIDAD MUNICIPAL,OTRO TIPO,EN T Ó Y,,SIN DATO,NINGUNA (SOLO NORMA),SECA Y LIMPIA,PLENO DÍA,BUEN TIEMPO,SIN RESTRICCIÓN,NINGUNA,S,Colisión de vehículo con obstáculo en calzada (Vehículo estacionado o averiado),FLUIDA,NINGUNA MEDIDA,Felino
2008310001220,2008,11,23:00,MIÉRCOLES,Navarra,"Navarra, Comunidad Foral de",,,1,0,0,1,1,CARRETERA,VÍAS INTERURBANAS,N-121C,TITULARIDAD AUTONÓMICA,VÍA CONVENCIONAL,,GIRATORIA,NADA ESPECIAL,"SEÑAL DE ""STOP""",SECA Y LIMPIA,NOCHE: SIN ILUMINACIÓN,BUEN TIEMPO,SIN RESTRICCIÓN,NINGUNA,N,Salida de la vía por la izquierda con colisión (Choque con cuneta o bordillo),FLUIDA,NINGUNA MEDIDA,Canino
2010310001776,2010,6,23:00,SÁBADO,Navarra,"Navarra, Comunidad Foral de",,Corella,1,0,0,1,1,CARRETERA,VÍAS INTERURBANAS,N-113,TITULARIDAD AUTONÓMICA,VÍA CONVENCIONAL,EN T Ó Y,,SIN DATO,NINGUNA (SOLO NORMA),SECA Y LIMPIA,NOCHE: ILUMINACIÓN INSUFICIENTE,BUEN TIEMPO,SIN RESTRICCIÓN,NINGUNA,N,Atropello a animales sueltos,FLUIDA,NINGUNA MEDIDA,Jabalí
2010310002392,2010,8,10:00,VIERNES,Navarra,"Navarra, Comunidad Foral de",,Corella,4,3,1,0,1,CARRETERA,VÍAS INTERURBANAS,AP-68,TITULARIDAD ESTATAL,AUTOPISTA,EN T Ó Y,,SIN DATO,NINGUNA (SOLO NORMA),SECA Y LIMPIA,PLENO DÍA,BUEN TIEMPO,SIN RESTRICCIÓN,NINGUNA,N,Salida de la vía por la derecha con colisión (Choque con árbol o poste),FLUIDA,NINGUNA MEDIDA,Conejo
2011310000611,2011,2,00:00,SÁBADO,Navarra,"Navarra, Comunidad Foral de",,Corella,2,0,0,2,1,CARRETERA,VÍAS INTERURBANAS,AP-68,TITULARIDAD ESTATAL,AUTOPISTA,EN T Ó Y,,SIN DATO,NINGUNA (SOLO NORMA),SECA Y LIMPIA,NOCHE: ILUMINACIÓN INSUFICIENTE,BUEN TIEMPO,SIN RESTRICCIÓN,NINGUNA,N,Salida de la vía por la derecha sin colisión (Con vuelco),FLUIDA,NINGUNA MEDIDA,Conejo
2011310000687,2011,2,00:00,SÁBADO,Navarra,"Navarra, Comunidad Foral de",,,2,0,0,2,1,CARRETERA,VÍAS INTERURBANAS,A-10,TITULARIDAD AUTONÓMICA,AUTOVÍA,EN X Ó +,,SIN DATO,NINGUNA (SOLO NORMA),SECA Y LIMPIA,NOCHE: ILUMINACIÓN INSUFICIENTE,BUEN TIEMPO,SIN RESTRICCIÓN,NINGUNA,N,Atropello a animales sueltos,FLUIDA,NINGUNA MEDIDA,Equino
2009310003463,2009,12,08:00,LUNES,Navarra,"Navarra, Comunidad Foral de",,Valle de Egüés,1,0,0,1,1,CARRETERA,VÍAS INTERURBANAS,NA-231,TITULARIDAD AUTONÓMICA,VÍA CONVENCIONAL,,EN T Ó Y,NADA ESPECIAL,NINGUNA (SOLO NORMA),MOJADA,CREPÚSCULO,LLOVIZNANDO,SIN RESTRICCIÓN,NINGUNA,N,Atropello a animales sueltos,FLUIDA,NINGUNA MEDIDA,Canino
2009310000430,2009,2,22:00,MARTES,Navarra,"Navarra, Comunidad Foral de",,Valle de Egüés,1,0,0,1,1,CARRETERA,VÍAS INTERURBANAS,NA-231,TITULARIDAD AUTONÓMICA,VÍA CONVENCIONAL,EN T Ó Y,,SIN DATO,NINGUNA (SOLO NORMA),SECA Y LIMPIA,NOCHE: SIN ILUMINACIÓN,BUEN TIEMPO,SIN RESTRICCIÓN,NINGUNA,N,Atropello a animales sueltos,FLUIDA,NINGUNA MEDIDA,Jabalí
2012310001382,2012,5,19:00,MARTES,Navarra,"Navarra, Comunidad Foral de",,,2,0,0,2,2,CARRETERA,VÍAS INTERURBANAS,NA-138,TITULARIDAD AUTONÓMICA,VÍA CONVENCIONAL,ENLACE DE SALIDA,,SIN DATO,NINGUNA (SOLO NORMA),SECA Y LIMPIA,PLENO DÍA,BUEN TIEMPO,SIN RESTRICCIÓN,NINGUNA,N,Atropello a animales sueltos,FLUIDA,NINGUNA MEDIDA,Canino
2011310003165,2011,11,07:00,JUEVES,Navarra,"Navarra, Comunidad Foral de",,,1,0,0,1,1,CARRETERA,VÍAS INTERURBANAS,NA-4150,TITULARIDAD AUTONÓMICA,VÍA CONVENCIONAL,EN X Ó +,,SIN DATO,NINGUNA (SOLO NORMA),SECA Y LIMPIA,CREPÚSCULO,BUEN TIEMPO,SIN RESTRICCIÓN,NINGUNA,N,Atropello a animales sueltos,FLUIDA,NINGUNA MEDIDA,Equino
2012310002615,2012,10,10:00,SÁBADO,Navarra,"Navarra, Comunidad Foral de",,,4,0,0,4,1,CARRETERA,VÍAS INTERURBANAS,NA-132A,TITULARIDAD AUTONÓMICA,VÍA CONVENCIONAL,EN T Ó Y,,SIN DATO,NINGUNA (SOLO NORMA),SECA Y LIMPIA,PLENO DÍA,BUEN TIEMPO,SIN RESTRICCIÓN,NINGUNA,N,Atropello a animales sueltos,FLUIDA,NINGUNA MEDIDA,Canino
2012310002821,2012,11,23:00,DOMINGO,Navarra,"Navarra, Comunidad Foral de",,,1,0,0,1,1,CARRETERA,VÍAS INTERURBANAS,AP-15,TITULARIDAD AUTONÓMICA,AUTOPISTA,EN X Ó +,,SIN DATO,NINGUNA (SOLO NORMA),MOJADA,NOCHE: SIN ILUMINACIÓN,LLUVIA FUERTE,SIN RESTRICCIÓN,NINGUNA,N,Atropello a animales sueltos,FLUIDA,NINGUNA MEDIDA,Jabalí
2009310001827,2009,6,01:00,LUNES,Navarra,"Navarra, Comunidad Foral de",,,1,0,0,1,2,CARRETERA,VÍAS INTERURBANAS,A-15,TITULARIDAD AUTONÓMICA,AUTOVÍA,EN X Ó +,,SIN DATO,NINGUNA (SOLO NORMA),MOJADA,NOCHE: ILUMINACIÓN INSUFICIENTE,BUEN TIEMPO,SIN RESTRICCIÓN,NINGUNA,N,Atropello a animales sueltos,FLUIDA,NINGUNA MEDIDA,Equino
2013310001431,2013,6,18:30,MIÉRCOLES,Navarra,"Navarra, Comunidad Foral de",,,1,0,0,1,1,CARRETERA,VÍAS INTERURBANAS,NA-1700,TITULARIDAD AUTONÓMICA,VÍA CONVENCIONAL,ENLACE DE SALIDA,,SIN DATO,NINGUNA (SOLO NORMA),SECA Y LIMPIA,PLENO DÍA,BUEN TIEMPO,SIN RESTRICCIÓN,NINGUNA,N,Atropello a animales sueltos,FLUIDA,NINGUNA MEDIDA,Canino
2011310001191,2011,5,13:00,MARTES,Navarra,"Navarra, Comunidad Foral de",,,2,0,0,2,1,CARRETERA,VÍAS INTERURBANAS,NA-122,TITULARIDAD AUTONÓMICA,VÍA CONVENCIONAL,ENLACE DE SALIDA,,SIN DATO,NINGUNA (SOLO NORMA),SECA Y LIMPIA,PLENO DÍA,BUEN TIEMPO,CONFIGURACIÓN DEL TERRENO,NINGUNA,N,Salida de la vía por la derecha con colisión (Otro tipo de choque),FLUIDA,NINGUNA MEDIDA,Animal no identificado
2013310000914,2013,4,18:35,DOMINGO,Navarra,"Navarra, Comunidad Foral de",,,2,0,0,2,1,CARRETERA,VÍAS INTERURBANAS,AP-15,TITULARIDAD AUTONÓMICA,AUTOPISTA,EN X Ó +,,SIN DATO,NINGUNA (SOLO NORMA),SECA Y LIMPIA,PLENO DÍA,BUEN TIEMPO,SIN RESTRICCIÓN,NINGUNA,N,Atropello a animales sueltos,FLUIDA,NINGUNA MEDIDA,Ave
2009310003282,2009,11,22:00,MARTES,Navarra,"Navarra, Comunidad Foral de",,,1,0,0,1,1,CARRETERA,VÍAS INTERURBANAS,NA-6030,TITULARIDAD AUTONÓMICA,VÍA CONVENCIONAL,EN T Ó Y,,SIN DATO,NINGUNA (SOLO NORMA),SECA Y LIMPIA,NOCHE: SIN ILUMINACIÓN,BUEN TIEMPO,SIN RESTRICCIÓN,NINGUNA,N,Atropello a animales sueltos,FLUIDA,NINGUNA MEDIDA,Jabalí