ID_ACCIDENTE,ANIO,MES,HORA,DIASEMANA,PROVINCIA,COMUNIDAD_AUTONOMA,ISLA,MUNICIPIO,TOT_VICTIMAS,TOT_MUERTOS,TOT_HERIDOS_GRAVES,TOT_HERIDOS_LEVES,TOT_VEHICULOS_IMPLICADOS,ZONA,ZONA_AGRUPADA,CARRETERA,RED_CARRETERA,TIPO_VIA,TRAZADO_NO_INTERSEC,TIPO_INTERSEC,ACOND_CALZADA,PRIORIDAD,SUPERFICIE_CALZADA,LUMINOSIDAD,FACTORES_ATMOSFERICOS,VISIBILIDAD_RESTRINGIDA,OTRA_CIRCUNSTANCIA,ACERAS,TIPO_ACCIDENTE,DENSIDAD_CIRCULACION,MEDIDAS_ESPECIALES,COD_ANIMAL
2012310001871,2012,7,05:00,MARTES,Navarra,"Navarra, Comunidad Foral de",,,1,0,0,1,1,CARRETERA,VÍAS INTERURBANAS,NA-128,TITULARIDAD AUTONÓMICA,VÍA CONVENCIONAL,EN T Ó Y,,SIN DATO,NINGUNA (SOLO NORMA),SECA Y LIMPIA,NOCHE: SIN ILUMINACIÓN,BUEN TIEMPO,SIN RESTRICCIÓN,NINGUNA,N,Atropello a animales sueltos,FLUIDA,NINGUNA MEDIDA,Jabalí
2013310001478,2013,5,21:15,JUEVES,Navarra,"Navarra, Comunidad Foral de",,,2,0,0,2,1,CARRETERA,VÍAS INTERURBANAS,NA-411,TITULARIDAD AUTONÓMICA,VÍA CONVENCIONAL,EN T Ó Y,,SIN DATO,NINGUNA (SOLO NORMA),MOJADA,PLENO DÍA,LLOVIZNANDO,SIN RESTRICCIÓN,NINGUNA,N,Atropello a animales sueltos,FLUIDA,NINGUNA MEDIDA,Jabalí
2009310001955,2009,6,22:00,SÁBADO,Navarra,"Navarra, Comunidad Foral de",,,2,0,0,2,1,CARRETERA,VÍAS INTERURBANAS,N-121A,TITULARIDAD AUTONÓMICA,VÍA CONVENCIONAL,EN T Ó Y,,SIN DATO,NINGUNA (SOLO NORMA),SECA Y LIMPIA,NOCHE: SIN ILUMINACIÓN,BUEN TIEMPO,SIN RESTRICCIÓN,NINGUNA,N,Atropello a animales sueltos,FLUIDA,NINGUNA MEDIDA,Jabalí
2009310002825,2009,10,16:00,MIÉRCOLES,Navarra,"Navarra, Comunidad Foral de",,Pamplona/Iruña,1,0,0,1,2,CARRETERA,VÍAS INTERURBANAS,PA-34,TITULARIDAD AUTONÓMICA,AUTOVÍA,EN T Ó Y,,SIN DATO,NINGUNA (SOLO NORMA),SECA Y LIMPIA,PLENO DÍA,BUEN TIEMPO,SIN RESTRICCIÓN,NINGUNA,N,Colisión de vehículos en marcha (Alcance),DENSA,NINGUNA MEDIDA,Felino
2013310002580,2013,10,22:25,LUNES,Navarra,"Navarra, Comunidad Foral de",,,1,0,0,1,1,CARRETERA,VÍAS INTERURBANAS,N-121,TITULARIDAD AUTONÓMICA,VÍA CONVENCIONAL,EN T Ó Y,,SIN DATO,SOLO MARCAS VIALES,SECA Y LIMPIA,NOCHE: SIN ILUMINACIÓN,BUEN TIEMPO,VEGETACIÓN,NINGUNA,N,Atropello a animales sueltos,FLUIDA,NINGUNA MEDIDA,Jabalí
2011310002790,2011,10,22:00,LUNES,Navarra,"Navarra, Comunidad Foral de",,,1,0,0,1,1,CARRETERA,VÍAS INTERURBANAS,A-12,TITULARIDAD AUTONÓMICA,AUTOVÍA,EN T Ó Y,,SIN DATO,NINGUNA (SOLO NORMA),SECA Y LIMPIA,NOCHE: SIN ILUMINACIÓN,BUEN TIEMPO,SIN RESTRICCIÓN,NINGUNA,N,Atropello a animales sueltos,FLUIDA,NINGUNA MEDIDA,Jabalí
2009310003078,2009,11,07:00,LUNES,Navarra,"Navarra, Comunidad Foral de",,,1,0,0,1,1,CARRETERA,VÍAS INTERURBANAS,AP-68,TITULARIDAD ESTATAL,AUTOPISTA,EN T Ó Y,,SIN DATO,NINGUNA (SOLO NORMA),SECA Y LIMPIA,CREPÚSCULO,BUEN TIEMPO,SIN RESTRICCIÓN,NINGUNA,N,Salida de la vía por la izquierda sin colisión (Con vuelco),FLUIDA,NINGUNA MEDIDA,Zorro
2012310000739,2012,3,10:00,SÁBADO,Navarra,"Navarra, Comunidad Foral de",,,2,0,1,1,1,CARRETERA,VÍAS INTERURBANAS,NA-123,TITULARIDAD AUTONÓMICA,VÍA CONVENCIONAL,EN T Ó Y,,SIN DATO,NINGUNA (SOLO NORMA),SECA Y LIMPIA,PLENO DÍA,BUEN TIEMPO,SIN RESTRICCIÓN,NINGUNA,N,Atropello a animales sueltos,FLUIDA,NINGUNA MEDIDA,Canino
2013310000577,2013,2,19:50,LUNES,Navarra,"Navarra, Comunidad Foral de",,Tudela,1,0,0,1,1,CARRETERA,VÍAS INTERURBANAS,NA-134,TITULARIDAD AUTONÓMICA,VÍA CONVENCIONAL,EN X Ó +,,SIN DATO,NINGUNA (SOLO NORMA),SECA Y LIMPIA,NOCHE: ILUMINACIÓN INSUFICIENTE,BUEN TIEMPO,SIN RESTRICCIÓN,NINGUNA,N,Atropello a animales sueltos,FLUIDA,NINGUNA MEDIDA,Jabalí
2012310003418,2012,12,03:00,MARTES,Navarra,"Navarra, Comunidad Foral de",,,1,0,0,1,1,CARRETERA,VÍAS INTERURBANAS,NA-137,TITULARIDAD AUTONÓMICA,VÍA CONVENCIONAL,EN T Ó Y,,SIN DATO,SOLO MARCAS VIALES,SECA Y LIMPIA,NOCHE: SIN ILUMINACIÓN,BUEN TIEMPO,SIN RESTRICCIÓN,NINGUNA,N,Atropello a animal conducido o en rebaño,FLUIDA,NINGUNA MEDIDA,Vacuno
2008310000096,2008,2,06:00,LUNES,Navarra,"Navarra, Comunidad Foral de",,,1,0,0,1,1,CARRETERA,VÍAS INTERURBANAS,NA-660,TITULARIDAD AUTONÓMICA,VÍA CONVENCIONAL,EN X Ó +,,SIN DATO,NINGUNA (SOLO NORMA),SECA Y LIMPIA,NOCHE: ILUMINACIÓN INSUFICIENTE,BUEN TIEMPO,CONFIGURACIÓN DEL TERRENO,NINGUNA,N,Salida de la vía por la izquierda con colisión (Choque con cuneta o bordillo),FLUIDA,NINGUNA MEDIDA,Animal no identificado
2011310003459,2011,12,17:00,LUNES,Navarra,"Navarra, Comunidad Foral de",,,1,0,0,1,1,CARRETERA,VÍAS INTERURBANAS,NA-2410,TITULARIDAD AUTONÓMICA,VÍA CONVENCIONAL,EN X Ó +,,SIN DATO,NINGUNA (SOLO NORMA),SECA Y LIMPIA,CREPÚSCULO,BUEN TIEMPO,SIN RESTRICCIÓN,NINGUNA,N,Atropello a animales sueltos,FLUIDA,NINGUNA MEDIDA,Vacuno
2012320001494,2012,10,20:00,LUNES,Ourense,Galicia,,"Carballiño, O",3,0,0,3,3,CARRETERA,VÍAS INTERURBANAS,N-541,TITULARIDAD ESTATAL,VÍA CONVENCIONAL,EN T Ó Y,,SIN DATO,NINGUNA (SOLO NORMA),SECA Y LIMPIA,NOCHE: SIN ILUMINACIÓN,LLOVIZNANDO,SIN RESTRICCIÓN,NINGUNA,N,Otro tipo de accidente,FLUIDA,NINGUNA MEDIDA,Jabalí
2008320000175,2008,2,17:00,SÁBADO,Ourense,Galicia,,,2,1,0,1,1,CARRETERA,VÍAS INTERURBANAS,S/C-OU,TITULARIDAD MUNICIPAL,VÍA CONVENCIONAL,EN X Ó +,,SIN DATO,NINGUNA (SOLO NORMA),SECA Y LIMPIA,PLENO DÍA,BUEN TIEMPO,CONFIGURACIÓN DEL TERRENO,NINGUNA,N,Salida de la vía por la izquierda con colisión (Choque con cuneta o bordillo),FLUIDA,NINGUNA MEDIDA,Animal no identificado
2012320001105,2012,8,02:00,VIERNES,Ourense,Galicia,,,1,0,0,1,1,CARRETERA,VÍAS INTERURBANAS,OU-536,TITULARIDAD AUTONÓMICA,VÍA CONVENCIONAL,EN X Ó +,,SIN DATO,NINGUNA (SOLO NORMA),SECA Y LIMPIA,NOCHE: SIN ILUMINACIÓN,BUEN TIEMPO,SIN RESTRICCIÓN,NINGUNA,N,Salida de la vía por la derecha sin colisión (Con vuelco),FLUIDA,NINGUNA MEDIDA,Corzo
2013320000215,2013,2,19:30,DOMINGO,Ourense,Galicia,,Celanova,1,0,0,1,1,CARRETERA,VÍAS INTERURBANAS,OU-0209,"TITULARIDAD PROVINCIAL (DIPUTACIÓN, CABILDO O CONSELL)",VÍA CONVENCIONAL,EN T Ó Y,,SIN DATO,NINGUNA (SOLO NORMA),SECA Y LIMPIA,NOCHE: SIN ILUMINACIÓN,BUEN TIEMPO,SIN RESTRICCIÓN,NINGUNA,N,Atropello a animales sueltos,FLUIDA,NINGUNA MEDIDA,Equino
2009320001044,2009,8,22:00,DOMINGO,Ourense,Galicia,,,4,0,0,4,3,CARRETERA,VÍAS INTERURBANAS,A-52,TITULARIDAD ESTATAL,AUTOVÍA,EN X Ó +,,SIN DATO,NINGUNA (SOLO NORMA),SECA Y LIMPIA,NOCHE: SIN ILUMINACIÓN,BUEN TIEMPO,SIN RESTRICCIÓN,NINGUNA,N,Atropello a animales sueltos,FLUIDA,NINGUNA MEDIDA,Jabalí
2013320001293,2013,9,05:10,SÁBADO,Ourense,Galicia,,,5,1,3,1,3,CARRETERA,VÍAS INTERURBANAS,A-52,TITULARIDAD ESTATAL,AUTOVÍA,EN X Ó +,,SIN DATO,NINGUNA (SOLO NORMA),SECA Y LIMPIA,NOCHE: SIN ILUMINACIÓN,BUEN TIEMPO,SIN RESTRICCIÓN,NINGUNA,N,Atropello a animales sueltos,FLUIDA,NINGUNA MEDIDA,Jabalí
2011320000399,2011,3,10:00,VIERNES,Ourense,Galicia,,Xinzo de Limia,1,0,0,1,1,CARRETERA,VÍAS INTERURBANAS,OU-1112,"TITULARIDAD PROVINCIAL (DIPUTACIÓN, CABILDO O CONSELL)",VÍA CONVENCIONAL,,EN X Ó +,NADA ESPECIAL,NINGUNA (SOLO NORMA),SECA Y LIMPIA,PLENO DÍA,BUEN TIEMPO,SIN RESTRICCIÓN,NINGUNA,S,Atropello a animales sueltos,FLUIDA,NINGUNA MEDIDA,Canino
2012320000281,2012,2,19:00,MIÉRCOLES,Ourense,Galicia,,,1,0,0,1,1,CARRETERA,VÍAS INTERURBANAS,OU-312,TITULARIDAD AUTONÓMICA,VÍA CONVENCIONAL,EN T Ó Y,,SIN DATO,NINGUNA (SOLO NORMA),SECA Y LIMPIA,PLENO DÍA,BUEN TIEMPO,SIN RESTRICCIÓN,NINGUNA,N,Salida de la vía por la derecha sin colisión (En llano),FLUIDA,NINGUNA MEDIDA,Animal no identificado
2010320000422,2010,3,22:00,VIERNES,Ourense,Galicia,,Ourense,1,0,0,1,1,CARRETERA,VÍAS INTERURBANAS,OU-0526,"TITULARIDAD PROVINCIAL (DIPUTACIÓN, CABILDO O CONSELL)",VÍA CONVENCIONAL,,EN X Ó +,NADA ESPECIAL,NINGUNA (SOLO NORMA),MOJADA,NOCHE: ILUMINACIÓN INSUFICIENTE,LLOVIZNANDO,SIN RESTRICCIÓN,NINGUNA,N,Atropello a animales sueltos,FLUIDA,NINGUNA MEDIDA,Equino
2013320000663,2013,5,10:30,LUNES,Ourense,Galicia,,Ourense,1,0,0,1,1,CARRETERA,VÍAS INTERURBANAS,N-525,TITULARIDAD ESTATAL,VÍA CONVENCIONAL,EN X Ó +,,SIN DATO,NINGUNA (SOLO NORMA),SECA Y LIMPIA,PLENO DÍA,BUEN TIEMPO,VEGETACIÓN,NINGUNA,N,Otro tipo de accidente,FLUIDA,NINGUNA MEDIDA,Canino
2012320001712,2012,12,13:00,SÁBADO,Ourense,Galicia,,,1,0,0,1,1,CARRETERA,VÍAS INTERURBANAS,N-525,TITULARIDAD ESTATAL,VÍA CONVENCIONAL,EN T Ó Y,,SIN DATO,NINGUNA (SOLO NORMA),SECA Y LIMPIA,PLENO DÍA,BUEN TIEMPO,SIN RESTRICCIÓN,NINGUNA,N,Atropello a animales sueltos,FLUIDA,NINGUNA MEDIDA,Corzo
2012320001770,2012,12,21:00,SÁBADO,Ourense,Galicia,,,2,0,0,2,1,CARRETERA,VÍAS INTERURBANAS,N-525,TITULARIDAD ESTATAL,VÍA CONVENCIONAL,EN T Ó Y,,SIN DATO,NINGUNA (SOLO NORMA),SECA Y LIMPIA,NOCHE: SIN ILUMINACIÓN,BUEN TIEMPO,SIN RESTRICCIÓN,NINGUNA,N,Atropello a animales sueltos,FLUIDA,NINGUNA MEDIDA,Jabalí
2009320000708,2009,5,23:00,MIÉRCOLES,Ourense,Galicia,,,1,0,0,1,1,CARRETERA,VÍAS INTERURBANAS,N-525,TITULARIDAD ESTATAL,VÍA CONVENCIONAL,EN T Ó Y,,SIN DATO,NINGUNA (SOLO NORMA),SECA Y LIMPIA,NOCHE: SIN ILUMINACIÓN,BUEN TIEMPO,SIN RESTRICCIÓN,NINGUNA,N,Atropello a animales sueltos,FLUIDA,NINGUNA MEDIDA,Jabalí
2012320000089,2012,1,20:00,LUNES,Ourense,Galicia,,,1,0,0,1,1,CARRETERA,VÍAS INTERURBANAS,N-525,TITULARIDAD ESTATAL,VÍA CONVENCIONAL,EN X Ó +,,SIN DATO,NINGUNA (SOLO NORMA),UMBRÍA,NOCHE: SIN ILUMINACIÓN,BUEN TIEMPO,SIN RESTRICCIÓN,NINGUNA,N,Atropello a animales sueltos,FLUIDA,NINGUNA MEDIDA,Vacuno
2008320000258,2008,2,13:00,MIÉRCOLES,Ourense,Galicia,,,1,0,0,1,1,CARRETERA,VÍAS INTERURBANAS,OU-1104,"TITULARIDAD PROVINCIAL (DIPUTACIÓN, CABILDO O CONSELL)",VÍA CONVENCIONAL,ENLACE DE ENTRADA,,SIN DATO,NINGUNA (SOLO NORMA),SECA Y LIMPIA,PLENO DÍA,BUEN TIEMPO,SIN RESTRICCIÓN,NINGUNA,S,Atropello a animales sueltos,FLUIDA,NINGUNA MEDIDA,Canino
2011320001453,2011,10,09:00,DOMINGO,Ourense,Galicia,,,2,0,0,2,2,CARRETERA,VÍAS INTERURBANAS,N-525,TITULARIDAD ESTATAL,VÍA CONVENCIONAL,EN T Ó Y,,SIN DATO,NINGUNA (SOLO NORMA),SECA Y LIMPIA,PLENO DÍA,BUEN TIEMPO,SIN RESTRICCIÓN,NINGUNA,N,Colisión de vehículos en marcha (Alcance),FLUIDA,NINGUNA MEDIDA,Canino
2013320001036,2013,7,13:35,LUNES,Ourense,Galicia,,,1,0,0,1,1,CARRETERA,VÍAS INTERURBANAS,N-525,TITULARIDAD ESTATAL,VÍA CONVENCIONAL,EN T Ó Y,,SIN DATO,NINGUNA (SOLO NORMA),SECA Y LIMPIA,PLENO DÍA,BUEN TIEMPO,SIN RESTRICCIÓN,NINGUNA,N,Atropello a animales sueltos,FLUIDA,NINGUNA MEDIDA,Corzo
2010320000322,2010,2,22:00,SÁBADO,Ourense,Galicia,,,4,0,0,4,3,CARRETERA,VÍAS INTERURBANAS,N-540,TITULARIDAD ESTATAL,VÍA CONVENCIONAL,EN T Ó Y,,SIN DATO,NINGUNA (SOLO NORMA),MOJADA,NOCHE: SIN ILUMINACIÓN,OTRO,SIN RESTRICCIÓN,NINGUNA,N,Otro tipo de accidente,FLUIDA,NINGUNA MEDIDA,Jabalí
2010320002002,2010,12,21:00,SÁBADO,Ourense,Galicia,,,1,0,1,0,2,CARRETERA,VÍAS INTERURBANAS,N-525,TITULARIDAD ESTATAL,VÍA CONVENCIONAL,EN T Ó Y,,SIN DATO,NINGUNA (SOLO NORMA),SECA Y LIMPIA,NOCHE: ILUMINACIÓN INSUFICIENTE,BUEN TIEMPO,SIN RESTRICCIÓN,OBRAS,N,Atropello a animales sueltos,FLUIDA,NINGUNA MEDIDA,Jabalí
2012330004809,2012,12,18:00,DOMINGO,Asturias,"Asturias, Principado de",,,2,0,0,2,1,CARRETERA,VÍAS INTERURBANAS,AS-14,TITULARIDAD AUTONÓMICA,VÍA CONVENCIONAL,EN T Ó Y,,SIN DATO,NINGUNA (SOLO NORMA),UMBRÍA,CREPÚSCULO,BUEN TIEMPO,SIN RESTRICCIÓN,NINGUNA,N,Atropello a animal conducido o en rebaño,FLUIDA,NINGUNA MEDIDA,Vacuno
2010330002970,2010,8,11:00,SÁBADO,Asturias,"Asturias, Principado de",,Aller,1,0,0,1,1,CARRETERA,VÍAS INTERURBANAS,AS-253,TITULARIDAD AUTONÓMICA,VÍA CONVENCIONAL,EN T Ó Y,,SIN DATO,NINGUNA (SOLO NORMA),SECA Y LIMPIA,PLENO DÍA,BUEN TIEMPO,SIN RESTRICCIÓN,NINGUNA,N,Atropello a animales sueltos,FLUIDA,NINGUNA MEDIDA,Canino
2012330004131,2012,10,22:00,DOMINGO,Asturias,"Asturias, Principado de",,Aller,1,0,0,1,1,CARRETERA,VÍAS INTERURBANAS,AS-253,TITULARIDAD AUTONÓMICA,VÍA CONVENCIONAL,EN X Ó +,,SIN DATO,NINGUNA (SOLO NORMA),SECA Y LIMPIA,NOCHE: SIN ILUMINACIÓN,BUEN TIEMPO,CONFIGURACIÓN DEL TERRENO,NINGUNA,N,Atropello a animales sueltos,FLUIDA,NINGUNA MEDIDA,Equino
2013330003841,2013,10,08:00,JUEVES,Asturias,"Asturias, Principado de",,Aller,1,0,0,1,1,CARRETERA,VÍAS INTERURBANAS,AS-253,TITULARIDAD AUTONÓMICA,VÍA CONVENCIONAL,EN T Ó Y,,SIN DATO,NINGUNA (SOLO NORMA),MOJADA,NOCHE: SIN ILUMINACIÓN,LLOVIZNANDO,SIN RESTRICCIÓN,NINGUNA,N,Atropello a animales sueltos,FLUIDA,NINGUNA MEDIDA,Equino
2013330003609,2013,9,06:15,MARTES,Asturias,"Asturias, Principado de",,Aller,2,0,0,2,1,CARRETERA,VÍAS INTERURBANAS,AS-112,TITULARIDAD AUTONÓMICA,VÍA CONVENCIONAL,EN T Ó Y,,SIN DATO,NINGUNA (SOLO NORMA),SECA Y LIMPIA,NOCHE: SIN ILUMINACIÓN,BUEN TIEMPO,SIN RESTRICCIÓN,NINGUNA,N,Atropello a animales sueltos,FLUIDA,NINGUNA MEDIDA,Jabalí
2012330004963,2012,12,17:00,MARTES,Asturias,"Asturias, Principado de",,,1,0,0,1,1,CARRETERA,VÍAS INTERURBANAS,AS-261,TITULARIDAD AUTONÓMICA,VÍA CONVENCIONAL,EN T Ó Y,,SIN DATO,NINGUNA (SOLO NORMA),UMBRÍA,PLENO DÍA,BUEN TIEMPO,SIN RESTRICCIÓN,NINGUNA,N,Otro tipo de accidente,FLUIDA,NINGUNA MEDIDA,Equino
2011330002545,2011,7,22:00,LUNES,Asturias,"Asturias, Principado de",,Avilés,3,0,0,3,4,CARRETERA,VÍAS INTERURBANAS,N-632,TITULARIDAD ESTATAL,VÍA CONVENCIONAL,EN T Ó Y,,SIN DATO,NINGUNA (SOLO NORMA),SECA Y LIMPIA,NOCHE: SIN ILUMINACIÓN,BUEN TIEMPO,SIN RESTRICCIÓN,NINGUNA,N,Atropello a animales sueltos,FLUIDA,NINGUNA MEDIDA,Animal no identificado
2013330002224,2013,5,10:00,MARTES,Asturias,"Asturias, Principado de",,Avilés,1,0,1,0,1,ZONA URBANA,VÍAS URBANAS,,TITULARIDAD MUNICIPAL,OTRO TIPO,EN T Ó Y,,SIN DATO,NINGUNA (SOLO NORMA),SECA Y LIMPIA,PLENO DÍA,BUEN TIEMPO,SIN RESTRICCIÓN,NINGUNA,N,Atropello a animales sueltos,FLUIDA,NINGUNA MEDIDA,Canino
2010330004752,2010,12,23:00,VIERNES,Asturias,"Asturias, Principado de",,,1,0,0,1,1,CARRETERA,VÍAS INTERURBANAS,CD-2,TITULARIDAD AUTONÓMICA,VÍA CONVENCIONAL,EN X Ó +,,SIN DATO,NINGUNA (SOLO NORMA),SECA Y LIMPIA,NOCHE: SIN ILUMINACIÓN,BUEN TIEMPO,SIN RESTRICCIÓN,NINGUNA,N,Atropello a animales sueltos,FLUIDA,NINGUNA MEDIDA,Equino
2011330000990,2011,3,21:00,MIÉRCOLES,Asturias,"Asturias, Principado de",,,1,0,0,1,1,CARRETERA,VÍAS INTERURBANAS,AS-236,TITULARIDAD AUTONÓMICA,VÍA CONVENCIONAL,EN X Ó +,,SIN DATO,NINGUNA (SOLO NORMA),SECA Y LIMPIA,NOCHE: SIN ILUMINACIÓN,BUEN TIEMPO,SIN RESTRICCIÓN,NINGUNA,N,Atropello a animales sueltos,FLUIDA,NINGUNA MEDIDA,Jabalí
2012330003603,2012,9,12:00,LUNES,Asturias,"Asturias, Principado de",,,1,0,0,1,1,CARRETERA,VÍAS INTERURBANAS,AS-237,TITULARIDAD AUTONÓMICA,VÍA CONVENCIONAL,EN T Ó Y,,SIN DATO,NINGUNA (SOLO NORMA),SECA Y LIMPIA,PLENO DÍA,BUEN TIEMPO,SIN RESTRICCIÓN,NINGUNA,N,Atropello a animales sueltos,FLUIDA,NINGUNA MEDIDA,Jabalí
2013330001350,2013,3,11:00,SÁBADO,Asturias,"Asturias, Principado de",,,1,0,1,0,1,CARRETERA,VÍAS INTERURBANAS,ESTACIONA,OTRAS TITULARIDADES,VÍA CONVENCIONAL,EN T Ó Y,,SIN DATO,NINGUNA (SOLO NORMA),SECA Y LIMPIA,PLENO DÍA,BUEN TIEMPO,SIN RESTRICCIÓN,NINGUNA,N,Atropello a peatón aislado o en grupo,FLUIDA,NINGUNA MEDIDA,Ave
2008330000565,2008,2,21:00,MIÉRCOLES,Asturias,"Asturias, Principado de",,Cangas del Narcea,2,0,0,2,1,CARRETERA,VÍAS INTERURBANAS,AS-15,TITULARIDAD AUTONÓMICA,VÍA CONVENCIONAL,EN X Ó +,,SIN DATO,NINGUNA (SOLO NORMA),SECA Y LIMPIA,NOCHE: ILUMINACIÓN INSUFICIENTE,BUEN TIEMPO,SIN RESTRICCIÓN,NINGUNA,N,Atropello a animales sueltos,FLUIDA,NINGUNA MEDIDA,Equino
2009330003712,2009,9,23:00,MARTES,Asturias,"Asturias, Principado de",,Cangas del Narcea,1,0,0,1,1,CARRETERA,VÍAS INTERURBANAS,AS-213,TITULARIDAD AUTONÓMICA,VÍA CONVENCIONAL,ENLACE DE ENTRADA,,SIN DATO,NINGUNA (SOLO NORMA),SECA Y LIMPIA,PLENO DÍA,BUEN TIEMPO,SIN RESTRICCIÓN,NINGUNA,N,Atropello a animales sueltos,FLUIDA,NINGUNA MEDIDA,Canino
2010330000298,2010,1,20:00,MIÉRCOLES,Asturias,"Asturias, Principado de",,Cangas del Narcea,1,0,0,1,1,CARRETERA,VÍAS INTERURBANAS,AS-15,TITULARIDAD AUTONÓMICA,VÍA CONVENCIONAL,EN T Ó Y,,SIN DATO,NINGUNA (SOLO NORMA),SECA Y LIMPIA,NOCHE: SIN ILUMINACIÓN,BUEN TIEMPO,SIN RESTRICCIÓN,NINGUNA,N,Atropello a animales sueltos,FLUIDA,NINGUNA MEDIDA,Jabalí
2011330002844,2011,7,13:00,DOMINGO,Asturias,"Asturias, Principado de",,Cangas de Onís,1,0,0,1,1,CARRETERA,VÍAS INTERURBANAS,AS-262,TITULARIDAD AUTONÓMICA,VÍA CONVENCIONAL,EN T Ó Y,,SIN DATO,NINGUNA (SOLO NORMA),SECA Y LIMPIA,PLENO DÍA,BUEN TIEMPO,SIN RESTRICCIÓN,NINGUNA,N,Atropello a peatón aislado o en grupo,FLUIDA,NINGUNA MEDIDA,Equino
2011330000169,2011,1,22:00,MIÉRCOLES,Asturias,"Asturias, Principado de",,Cangas de Onís,1,0,0,1,1,CARRETERA,VÍAS INTERURBANAS,AS-114,TITULARIDAD AUTONÓMICA,VÍA CONVENCIONAL,EN X Ó +,,SIN DATO,NINGUNA (SOLO NORMA),UMBRÍA,NOCHE: ILUMINACIÓN INSUFICIENTE,NIEBLA LIGERA,SIN RESTRICCIÓN,NINGUNA,N,Atropello a animales sueltos,FLUIDA,NINGUNA MEDIDA,Corzo
2013330003241,2013,8,22:30,MIÉRCOLES,Asturias,"Asturias, Principado de",,Cangas de Onís,2,0,0,2,1,CARRETERA,VÍAS INTERURBANAS,N-634,TITULARIDAD ESTATAL,VÍA CONVENCIONAL,EN T Ó Y,,SIN DATO,NINGUNA (SOLO NORMA),SECA Y LIMPIA,NOCHE: SIN ILUMINACIÓN,BUEN TIEMPO,SIN RESTRICCIÓN,NINGUNA,N,Atropello a animales sueltos,FLUIDA,NINGUNA MEDIDA,Tejón
2013330002796,2013,7,21:10,SÁBADO,Asturias,"Asturias, Principado de",,Cangas de Onís,2,0,0,2,1,CARRETERA,VÍAS INTERURBANAS,OLICIO,TITULARIDAD MUNICIPAL,CAMINO VECINAL,EN T Ó Y,,SIN DATO,NINGUNA (SOLO NORMA),SECA Y LIMPIA,PLENO DÍA,BUEN TIEMPO,SIN RESTRICCIÓN,NINGUNA,N,Atropello a animales sueltos,FLUIDA,NINGUNA MEDIDA,Equino
2013330002101,2013,5,16:30,JUEVES,Asturias,"Asturias, Principado de",,Cangas de Onís,1,0,0,1,1,CARRETERA,VÍAS INTERURBANAS,MESTAS,TITULARIDAD MUNICIPAL,CAMINO VECINAL,EN T Ó Y,,SIN DATO,NINGUNA (SOLO NORMA),SECA Y LIMPIA,PLENO DÍA,BUEN TIEMPO,SIN RESTRICCIÓN,FUERTE DESCENSO,N,Salida de la vía por la izquierda sin colisión (En llano),FLUIDA,NINGUNA MEDIDA,Caprino
2013330001158,2013,3,01:45,VIERNES,Asturias,"Asturias, Principado de",,Cangas de Onís,1,0,0,1,1,CARRETERA,VÍAS INTERURBANAS,AS-114,TITULARIDAD AUTONÓMICA,VÍA CONVENCIONAL,EN T Ó Y,,SIN DATO,NINGUNA (SOLO NORMA),SECA Y LIMPIA,NOCHE: ILUMINACIÓN INSUFICIENTE,BUEN TIEMPO,CONFIGURACIÓN DEL TERRENO,NINGUNA,N,Atropello a animales sueltos,FLUIDA,NINGUNA MEDIDA,Equino
2008330003640,2008,9,21:00,MARTES,Asturias,"Asturias, Principado de",,,1,0,0,1,2,CARRETERA,VÍAS INTERURBANAS,A-8,TITULARIDAD ESTATAL,AUTOVÍA,EN T Ó Y,,SIN DATO,NINGUNA (SOLO NORMA),SECA Y LIMPIA,NOCHE: SIN ILUMINACIÓN,BUEN TIEMPO,SIN RESTRICCIÓN,NINGUNA,N,Atropello a animales sueltos,FLUIDA,NINGUNA MEDIDA,Ciervo
2008330003346,2008,9,05:00,VIERNES,Asturias,"Asturias, Principado de",,Carreño,2,0,0,2,1,CARRETERA,VÍAS INTERURBANAS,AS-19,TITULARIDAD AUTONÓMICA,VÍA CONVENCIONAL,EN T Ó Y,,SIN DATO,SOLO MARCAS VIALES,MOJADA,NOCHE: SIN ILUMINACIÓN,BUEN TIEMPO,SIN RESTRICCIÓN,NINGUNA,N,Salida de la vía por la derecha con colisión (Choque con cuneta o bordillo),FLUIDA,NINGUNA MEDIDA,Otro animal
2009330003772,2009,10,12:00,LUNES,Asturias,"Asturias, Principado de",,Carreño,1,0,0,1,1,CARRETERA,VÍAS INTERURBANAS,AS-19,TITULARIDAD AUTONÓMICA,VÍA CONVENCIONAL,,OTROS,NADA ESPECIAL,NINGUNA (SOLO NORMA),SECA Y LIMPIA,PLENO DÍA,BUEN TIEMPO,SIN RESTRICCIÓN,NINGUNA,N,Salida de la vía por la derecha con colisión (Choque con árbol o poste),FLUIDA,NINGUNA MEDIDA,Ave