ID_ACCIDENTE,ANIO,MES,HORA,DIASEMANA,PROVINCIA,COMUNIDAD_AUTONOMA,ISLA,MUNICIPIO,TOT_VICTIMAS,TOT_MUERTOS,TOT_HERIDOS_GRAVES,TOT_HERIDOS_LEVES,TOT_VEHICULOS_IMPLICADOS,ZONA,ZONA_AGRUPADA,CARRETERA,RED_CARRETERA,TIPO_VIA,TRAZADO_NO_INTERSEC,TIPO_INTERSEC,ACOND_CALZADA,PRIORIDAD,SUPERFICIE_CALZADA,LUMINOSIDAD,FACTORES_ATMOSFERICOS,VISIBILIDAD_RESTRINGIDA,OTRA_CIRCUNSTANCIA,ACERAS,TIPO_ACCIDENTE,DENSIDAD_CIRCULACION,MEDIDAS_ESPECIALES,COD_ANIMAL
2008350700654,2008,9,23:00,JUEVES,"Palmas, Las",Canarias,GRAN CANARIA,Telde,1,0,0,1,2,CARRETERA,VÍAS INTERURBANAS,GC-1,"TITULARIDAD PROVINCIAL (DIPUTACIÓN, CABILDO O CONSELL)",AUTOVÍA,EN T Ó Y,,SIN DATO,NINGUNA (SOLO NORMA),MOJADA,NOCHE: ILUMINACIÓN SUFICIENTE,BUEN TIEMPO,SIN RESTRICCIÓN,NINGUNA,N,Colisión de vehículos en marcha (Lateral),FLUIDA,NINGUNA MEDIDA,Canino
2008350700212,2008,3,12:00,SÁBADO,"Palmas, Las",Canarias,GRAN CANARIA,Telde,2,0,0,2,3,CARRETERA,VÍAS INTERURBANAS,GC-1,"TITULARIDAD PROVINCIAL (DIPUTACIÓN, CABILDO O CONSELL)",AUTOVÍA,EN T Ó Y,,SIN DATO,NINGUNA (SOLO NORMA),SECA Y LIMPIA,PLENO DÍA,BUEN TIEMPO,SIN RESTRICCIÓN,NINGUNA,N,Colisión de vehículos en marcha (Alcance),DENSA,NINGUNA MEDIDA,Canino
2009350700064,2009,1,01:00,DOMINGO,"Palmas, Las",Canarias,GRAN CANARIA,Telde,1,0,0,1,1,CARRETERA,VÍAS INTERURBANAS,GC-1,"TITULARIDAD PROVINCIAL (DIPUTACIÓN, CABILDO O CONSELL)",AUTOVÍA,EN T Ó Y,,SIN DATO,NINGUNA (SOLO NORMA),SECA Y LIMPIA,NOCHE: ILUMINACIÓN SUFICIENTE,BUEN TIEMPO,SIN RESTRICCIÓN,NINGUNA,N,Salida de la vía por la derecha con colisión (Otro tipo de choque),FLUIDA,NINGUNA MEDIDA,Canino
2010350700232,2010,4,13:00,MARTES,"Palmas, Las",Canarias,GRAN CANARIA,Telde,1,0,0,1,3,CARRETERA,VÍAS INTERURBANAS,GC-1,"TITULARIDAD PROVINCIAL (DIPUTACIÓN, CABILDO O CONSELL)",AUTOVÍA,EN T Ó Y,,SIN DATO,NINGUNA (SOLO NORMA),SECA Y LIMPIA,PLENO DÍA,BUEN TIEMPO,SIN RESTRICCIÓN,NINGUNA,N,Colisión de vehículos en marcha (Múltiple o en caravana),FLUIDA,NINGUNA MEDIDA,Canino
2013350700528,2013,11,15:45,DOMINGO,"Palmas, Las",Canarias,GRAN CANARIA,,2,0,0,2,1,CARRETERA,VÍAS INTERURBANAS,GC-21,"TITULARIDAD PROVINCIAL (DIPUTACIÓN, CABILDO O CONSELL)",VÍA CONVENCIONAL,GIRATORIA,,SIN DATO,NINGUNA (SOLO NORMA),UMBRÍA,PLENO DÍA,BUEN TIEMPO,CONFIGURACIÓN DEL TERRENO,NINGUNA,N,Atropello a animales sueltos,FLUIDA,NINGUNA MEDIDA,Canino
2013350700253,2013,5,17:30,JUEVES,"Palmas, Las",Canarias,GRAN CANARIA,Vega de San Mateo,1,0,0,1,1,CARRETERA,VÍAS INTERURBANAS,GC-600,"TITULARIDAD PROVINCIAL (DIPUTACIÓN, CABILDO O CONSELL)",VÍA CONVENCIONAL,ENLACE DE ENTRADA,,SIN DATO,NINGUNA (SOLO NORMA),SECA Y LIMPIA,PLENO DÍA,BUEN TIEMPO,CONFIGURACIÓN DEL TERRENO,NINGUNA,N,Atropello a animal conducido o en rebaño,FLUIDA,NINGUNA MEDIDA,Caprino
2011360003750,2011,12,04:00,VIERNES,Pontevedra,Galicia,,,1,0,0,1,1,CARRETERA,VÍAS INTERURBANAS,PO-400,TITULARIDAD AUTONÓMICA,VÍA CONVENCIONAL,EN T Ó Y,,SIN DATO,SOLO MARCAS VIALES,MOJADA,NOCHE: ILUMINACIÓN INSUFICIENTE,LLOVIZNANDO,SIN RESTRICCIÓN,NINGUNA,N,Atropello a animales sueltos,FLUIDA,NINGUNA MEDIDA,Equino
2010360000893,2010,3,21:00,DOMINGO,Pontevedra,Galicia,,Baiona,1,0,0,1,1,CARRETERA,VÍAS INTERURBANAS,EP-2204,"TITULARIDAD PROVINCIAL (DIPUTACIÓN, CABILDO O CONSELL)",VÍA CONVENCIONAL,EN T Ó Y,,SIN DATO,NINGUNA (SOLO NORMA),SECA Y LIMPIA,NOCHE: ILUMINACIÓN INSUFICIENTE,BUEN TIEMPO,SIN RESTRICCIÓN,NINGUNA,N,Atropello a animales sueltos,FLUIDA,NINGUNA MEDIDA,Vacuno
2012360003335,2012,11,21:00,LUNES,Pontevedra,Galicia,,Baiona,1,0,0,1,1,CARRETERA,VÍAS INTERURBANAS,AG-57,TITULARIDAD AUTONÓMICA,AUTOPISTA,EN T Ó Y,,SIN DATO,NINGUNA (SOLO NORMA),SECA Y LIMPIA,NOCHE: SIN ILUMINACIÓN,BUEN TIEMPO,SIN RESTRICCIÓN,NINGUNA,N,Atropello a animales sueltos,FLUIDA,NINGUNA MEDIDA,Jabalí
2013360001158,2013,4,20:50,LUNES,Pontevedra,Galicia,,Baiona,1,0,0,1,1,CARRETERA,VÍAS INTERURBANAS,PO-552,TITULARIDAD AUTONÓMICA,VÍA CONVENCIONAL,EN T Ó Y,,SIN DATO,NINGUNA (SOLO NORMA),SECA Y LIMPIA,PLENO DÍA,BUEN TIEMPO,SIN RESTRICCIÓN,NINGUNA,N,Atropello a animales sueltos,FLUIDA,NINGUNA MEDIDA,Canino
2009360000709,2009,2,02:00,VIERNES,Pontevedra,Galicia,,Bueu,1,0,0,1,1,CARRETERA,VÍAS INTERURBANAS,PO-551,TITULARIDAD AUTONÓMICA,VÍA CONVENCIONAL,EN X Ó +,,SIN DATO,NINGUNA (SOLO NORMA),SECA Y LIMPIA,NOCHE: ILUMINACIÓN SUFICIENTE,BUEN TIEMPO,SIN RESTRICCIÓN,NINGUNA,N,Salida de la vía por la derecha con colisión (Choque con cuneta o bordillo),FLUIDA,NINGUNA MEDIDA,Canino
2008360003091,2008,9,03:00,DOMINGO,Pontevedra,Galicia,,Caldas de Reis,1,0,0,1,2,CARRETERA,VÍAS INTERURBANAS,AP-9,TITULARIDAD ESTATAL,AUTOPISTA,EN X Ó +,,SIN DATO,NINGUNA (SOLO NORMA),SECA Y LIMPIA,NOCHE: ILUMINACIÓN INSUFICIENTE,BUEN TIEMPO,SIN RESTRICCIÓN,OTRA,N,Atropello a animales sueltos,FLUIDA,NINGUNA MEDIDA,Jabalí
2009360000117,2009,1,20:00,JUEVES,Pontevedra,Galicia,,Caldas de Reis,1,0,0,1,1,CARRETERA,VÍAS INTERURBANAS,N-550,TITULARIDAD ESTATAL,VÍA CONVENCIONAL,EN T Ó Y,,SIN DATO,NINGUNA (SOLO NORMA),SECA Y LIMPIA,NOCHE: ILUMINACIÓN INSUFICIENTE,BUEN TIEMPO,CONFIGURACIÓN DEL TERRENO,NINGUNA,N,Atropello a animales sueltos,FLUIDA,NINGUNA MEDIDA,Jabalí
2009360003049,2009,9,02:00,VIERNES,Pontevedra,Galicia,,Caldas de Reis,4,0,0,4,1,CARRETERA,VÍAS INTERURBANAS,AP-9,TITULARIDAD ESTATAL,AUTOPISTA,EN X Ó +,,SIN DATO,NINGUNA (SOLO NORMA),SECA Y LIMPIA,NOCHE: ILUMINACIÓN INSUFICIENTE,BUEN TIEMPO,SIN RESTRICCIÓN,NINGUNA,N,Salida de la vía por la izquierda con colisión (Choque con muro o edifício),FLUIDA,NINGUNA MEDIDA,Animal no identificado
2009360001980,2009,6,01:00,MIÉRCOLES,Pontevedra,Galicia,,Caldas de Reis,1,0,0,1,1,CARRETERA,VÍAS INTERURBANAS,AP-9,TITULARIDAD ESTATAL,AUTOPISTA,EN X Ó +,,SIN DATO,NINGUNA (SOLO NORMA),SECA Y LIMPIA,NOCHE: ILUMINACIÓN INSUFICIENTE,BUEN TIEMPO,CONFIGURACIÓN DEL TERRENO,NINGUNA,N,Salida de la vía por la derecha con colisión (Otro tipo de choque),FLUIDA,NINGUNA MEDIDA,Animal no identificado
2010360002379,2010,7,02:00,MIÉRCOLES,Pontevedra,Galicia,,Caldas de Reis,2,0,0,2,1,CARRETERA,VÍAS INTERURBANAS,EP-8002,"TITULARIDAD PROVINCIAL (DIPUTACIÓN, CABILDO O CONSELL)",VÍA CONVENCIONAL,EN X Ó +,,SIN DATO,NINGUNA (SOLO NORMA),SECA Y LIMPIA,NOCHE: SIN ILUMINACIÓN,BUEN TIEMPO,CONFIGURACIÓN DEL TERRENO,NINGUNA,N,Salida de la vía por la izquierda con colisión (Otro tipo de choque),FLUIDA,NINGUNA MEDIDA,Animal no identificado
2012360002893,2012,10,20:00,SÁBADO,Pontevedra,Galicia,,Caldas de Reis,1,0,0,1,1,CARRETERA,VÍAS INTERURBANAS,PO-220,TITULARIDAD AUTONÓMICA,VÍA CONVENCIONAL,EN T Ó Y,,SIN DATO,NINGUNA (SOLO NORMA),SECA Y LIMPIA,CREPÚSCULO,BUEN TIEMPO,SIN RESTRICCIÓN,NINGUNA,N,Atropello a animales sueltos,FLUIDA,NINGUNA MEDIDA,Canino
2013360001721,2013,6,23:30,DOMINGO,Pontevedra,Galicia,,Caldas de Reis,1,0,0,1,1,CARRETERA,VÍAS INTERURBANAS,N-550,TITULARIDAD ESTATAL,VÍA CONVENCIONAL,EN T Ó Y,,SIN DATO,NINGUNA (SOLO NORMA),SECA Y LIMPIA,NOCHE: ILUMINACIÓN INSUFICIENTE,BUEN TIEMPO,SIN RESTRICCIÓN,NINGUNA,N,Atropello a animales sueltos,FLUIDA,NINGUNA MEDIDA,Equino
2013360002500,2013,9,21:20,JUEVES,Pontevedra,Galicia,,,1,0,1,0,1,CARRETERA,VÍAS INTERURBANAS,PO-223,TITULARIDAD AUTONÓMICA,VÍA CONVENCIONAL,,EN T Ó Y,CARRIL CENTRAL DE ESPERA,NINGUNA (SOLO NORMA),SECA Y LIMPIA,NOCHE: ILUMINACIÓN INSUFICIENTE,BUEN TIEMPO,SIN RESTRICCIÓN,NINGUNA,N,Atropello a animales sueltos,FLUIDA,NINGUNA MEDIDA,Equino
2011360000884,2011,3,19:00,MIÉRCOLES,Pontevedra,Galicia,,Cangas,2,0,2,0,1,CARRETERA,VÍAS INTERURBANAS,PO S/C,TITULARIDAD MUNICIPAL,VÍA CONVENCIONAL,EN T Ó Y,,SIN DATO,NINGUNA (SOLO NORMA),MOJADA,CREPÚSCULO,LLOVIZNANDO,SIN RESTRICCIÓN,NINGUNA,N,Vuelco en la calzada,FLUIDA,NINGUNA MEDIDA,Canino
2012360003433,2012,11,18:00,JUEVES,Pontevedra,Galicia,,Cangas,1,0,0,1,1,CARRETERA,VÍAS INTERURBANAS,VG-4.5,TITULARIDAD AUTONÓMICA,VÍA PARA AUTOMÓVILES,EN T Ó Y,,SIN DATO,NINGUNA (SOLO NORMA),MOJADA,NOCHE: SIN ILUMINACIÓN,LLUVIA FUERTE,FACTORES ATMOSFÉRICOS,NINGUNA,N,Atropello a animales sueltos,FLUIDA,NINGUNA MEDIDA,Jabalí
2013360000513,2013,2,19:45,LUNES,Pontevedra,Galicia,,Cangas,1,0,0,1,1,CARRETERA,VÍAS INTERURBANAS,PO-315,TITULARIDAD AUTONÓMICA,VÍA CONVENCIONAL,EN T Ó Y,,SIN DATO,NINGUNA (SOLO NORMA),MOJADA,NOCHE: ILUMINACIÓN INSUFICIENTE,BUEN TIEMPO,SIN RESTRICCIÓN,NINGUNA,N,Atropello a animales sueltos,FLUIDA,NINGUNA MEDIDA,Equino
2009360000621,2009,2,20:00,DOMINGO,Pontevedra,Galicia,,"Cañiza, A",1,0,0,1,1,CARRETERA,VÍAS INTERURBANAS,SC-PO-3603,TITULARIDAD MUNICIPAL,CAMINO VECINAL,ENLACE DE ENTRADA,,SIN DATO,NINGUNA (SOLO NORMA),SECA Y LIMPIA,NOCHE: SIN ILUMINACIÓN,BUEN TIEMPO,CONFIGURACIÓN DEL TERRENO,NINGUNA,N,Atropello a animales sueltos,FLUIDA,NINGUNA MEDIDA,Equino
2011360003416,2011,11,20:00,JUEVES,Pontevedra,Galicia,,"Cañiza, A",1,0,0,1,1,CARRETERA,VÍAS INTERURBANAS,N-120,TITULARIDAD ESTATAL,VÍA CONVENCIONAL,,OTROS,NADA ESPECIAL,NINGUNA (SOLO NORMA),SECA Y LIMPIA,NOCHE: SIN ILUMINACIÓN,BUEN TIEMPO,SIN RESTRICCIÓN,NINGUNA,N,Atropello a animales sueltos,FLUIDA,NINGUNA MEDIDA,Vacuno
2011360000321,2011,1,22:00,SÁBADO,Pontevedra,Galicia,,"Cañiza, A",1,0,0,1,1,CARRETERA,VÍAS INTERURBANAS,N-120,TITULARIDAD ESTATAL,VÍA CONVENCIONAL,EN T Ó Y,,SIN DATO,NINGUNA (SOLO NORMA),SECA Y LIMPIA,NOCHE: SIN ILUMINACIÓN,BUEN TIEMPO,SIN RESTRICCIÓN,NINGUNA,N,Atropello a animales sueltos,FLUIDA,NINGUNA MEDIDA,Vacuno
2011360003318,2011,10,22:00,LUNES,Pontevedra,Galicia,,"Cañiza, A",1,0,0,1,1,CARRETERA,VÍAS INTERURBANAS,PO-406,TITULARIDAD AUTONÓMICA,VÍA CONVENCIONAL,EN X Ó +,,SIN DATO,SOLO MARCAS VIALES,UMBRÍA,NOCHE: SIN ILUMINACIÓN,BUEN TIEMPO,FACTORES ATMOSFÉRICOS,NINGUNA,N,Atropello a animales sueltos,FLUIDA,NINGUNA MEDIDA,Equino
2011360003074,2011,10,01:00,MIÉRCOLES,Pontevedra,Galicia,,"Cañiza, A",4,0,0,4,1,CARRETERA,VÍAS INTERURBANAS,N-120,TITULARIDAD ESTATAL,VÍA CONVENCIONAL,EN X Ó +,,SIN DATO,SOLO MARCAS VIALES,SECA Y LIMPIA,NOCHE: ILUMINACIÓN SUFICIENTE,BUEN TIEMPO,CONFIGURACIÓN DEL TERRENO,NINGUNA,N,Atropello a animales sueltos,FLUIDA,NINGUNA MEDIDA,Vacuno
2011360000401,2011,2,18:00,DOMINGO,Pontevedra,Galicia,,"Cañiza, A",1,0,0,1,1,CARRETERA,VÍAS INTERURBANAS,N-120,TITULARIDAD ESTATAL,VÍA CONVENCIONAL,EN T Ó Y,,SIN DATO,OTRA SEÑAL,SECA Y LIMPIA,PLENO DÍA,BUEN TIEMPO,SIN RESTRICCIÓN,NINGUNA,N,Atropello a animal conducido o en rebaño,FLUIDA,NINGUNA MEDIDA,Vacuno
2013360002980,2013,10,07:00,DOMINGO,Pontevedra,Galicia,,"Cañiza, A",1,0,0,1,1,CARRETERA,VÍAS INTERURBANAS,PO-406,TITULARIDAD AUTONÓMICA,VÍA CONVENCIONAL,EN X Ó +,,SIN DATO,NINGUNA (SOLO NORMA),MOJADA,NOCHE: SIN ILUMINACIÓN,BUEN TIEMPO,SIN RESTRICCIÓN,NINGUNA,N,Salida de la vía por la derecha con colisión (Otro tipo de choque),FLUIDA,NINGUNA MEDIDA,Jabalí
2013360000802,2013,3,22:00,DOMINGO,Pontevedra,Galicia,,"Cañiza, A",1,0,0,1,1,CARRETERA,VÍAS INTERURBANAS,N-559,TITULARIDAD ESTATAL,VÍA CONVENCIONAL,EN X Ó +,,SIN DATO,NINGUNA (SOLO NORMA),MOJADA,NOCHE: SIN ILUMINACIÓN,NIEBLA LIGERA,FACTORES ATMOSFÉRICOS,NINGUNA,N,Atropello a animales sueltos,FLUIDA,NINGUNA MEDIDA,Jabalí
2009360003659,2009,11,18:00,MARTES,Pontevedra,Galicia,,,1,0,0,1,1,CARRETERA,VÍAS INTERURBANAS,PO-192,TITULARIDAD AUTONÓMICA,VÍA CONVENCIONAL,EN T Ó Y,,SIN DATO,NINGUNA (SOLO NORMA),SECA Y LIMPIA,PLENO DÍA,BUEN TIEMPO,SIN RESTRICCIÓN,NINGUNA,N,Atropello a animales sueltos,FLUIDA,NINGUNA MEDIDA,Canino
2013360000455,2013,2,22:20,JUEVES,Pontevedra,Galicia,,,1,0,0,1,1,CARRETERA,VÍAS INTERURBANAS,N-541,TITULARIDAD ESTATAL,VÍA CONVENCIONAL,EN T Ó Y,,SIN DATO,NINGUNA (SOLO NORMA),SECA Y LIMPIA,NOCHE: SIN ILUMINACIÓN,BUEN TIEMPO,SIN RESTRICCIÓN,NINGUNA,N,Atropello a animales sueltos,FLUIDA,NINGUNA MEDIDA,Jabalí
2012360003551,2012,12,12:00,LUNES,Pontevedra,Galicia,,,1,0,0,1,1,CARRETERA,VÍAS INTERURBANAS,PO-233,TITULARIDAD AUTONÓMICA,VÍA CONVENCIONAL,EN T Ó Y,,SIN DATO,NINGUNA (SOLO NORMA),SECA Y LIMPIA,PLENO DÍA,BUEN TIEMPO,SIN RESTRICCIÓN,NINGUNA,N,Vuelco en la calzada,FLUIDA,NINGUNA MEDIDA,Canino
2012360000665,2012,3,23:00,JUEVES,Pontevedra,Galicia,,,1,0,1,0,1,TRAVESÍA,VÍAS URBANAS,PO-233,TITULARIDAD AUTONÓMICA,VÍA CONVENCIONAL,EN T Ó Y,,SIN DATO,NINGUNA (SOLO NORMA),SECA Y LIMPIA,NOCHE: SIN ILUMINACIÓN,BUEN TIEMPO,SIN RESTRICCIÓN,NINGUNA,S,Atropello a animales sueltos,FLUIDA,NINGUNA MEDIDA,Equino
2008360002456,2008,8,17:00,SÁBADO,Pontevedra,Galicia,,,1,0,0,1,1,CARRETERA,VÍAS INTERURBANAS,N-120,TITULARIDAD ESTATAL,VÍA CONVENCIONAL,GIRATORIA,,SIN DATO,NINGUNA (SOLO NORMA),SECA Y LIMPIA,PLENO DÍA,BUEN TIEMPO,CONFIGURACIÓN DEL TERRENO,NINGUNA,N,Atropello a animales sueltos,FLUIDA,NINGUNA MEDIDA,Animal no identificado
2008360003292,2008,10,17:00,SÁBADO,Pontevedra,Galicia,,,1,0,0,1,1,CARRETERA,VÍAS INTERURBANAS,N-120,TITULARIDAD ESTATAL,VÍA CONVENCIONAL CON CARRIL LENTO,EN X Ó +,,SIN DATO,NINGUNA (SOLO NORMA),SECA Y LIMPIA,PLENO DÍA,BUEN TIEMPO,CONFIGURACIÓN DEL TERRENO,NINGUNA,N,Atropello a animales sueltos,FLUIDA,NINGUNA MEDIDA,Equino
2009360003727,2009,11,19:00,SÁBADO,Pontevedra,Galicia,,,1,0,0,1,2,CARRETERA,VÍAS INTERURBANAS,N-559,TITULARIDAD ESTATAL,VÍA CONVENCIONAL,EN T Ó Y,,SIN DATO,NINGUNA (SOLO NORMA),MOJADA,NOCHE: ILUMINACIÓN INSUFICIENTE,LLOVIZNANDO,SIN RESTRICCIÓN,NINGUNA,N,Atropello a animales sueltos,FLUIDA,NINGUNA MEDIDA,Vacuno
2010360004074,2010,11,20:00,SÁBADO,Pontevedra,Galicia,,,1,0,0,1,1,CARRETERA,VÍAS INTERURBANAS,EP-5107,"TITULARIDAD PROVINCIAL (DIPUTACIÓN, CABILDO O CONSELL)",VÍA CONVENCIONAL,EN T Ó Y,,SIN DATO,NINGUNA (SOLO NORMA),MOJADA,NOCHE: SIN ILUMINACIÓN,BUEN TIEMPO,SIN RESTRICCIÓN,NINGUNA,N,Atropello a animal conducido o en rebaño,FLUIDA,NINGUNA MEDIDA,Porcino
2010360004064,2010,11,20:00,VIERNES,Pontevedra,Galicia,,,1,0,0,1,1,CARRETERA,VÍAS INTERURBANAS,EP-4306,"TITULARIDAD PROVINCIAL (DIPUTACIÓN, CABILDO O CONSELL)",VÍA CONVENCIONAL,EN T Ó Y,,SIN DATO,NINGUNA (SOLO NORMA),SECA Y LIMPIA,NOCHE: ILUMINACIÓN INSUFICIENTE,BUEN TIEMPO,SIN RESTRICCIÓN,NINGUNA,N,Atropello a animales sueltos,FLUIDA,NINGUNA MEDIDA,Jabalí
2011360002536,2011,8,22:00,SÁBADO,Pontevedra,Galicia,,,1,0,1,0,1,CARRETERA,VÍAS INTERURBANAS,N-120,TITULARIDAD ESTATAL,VÍA CONVENCIONAL,EN T Ó Y,,SIN DATO,NINGUNA (SOLO NORMA),SECA Y LIMPIA,NOCHE: SIN ILUMINACIÓN,BUEN TIEMPO,SIN RESTRICCIÓN,NINGUNA,N,Atropello a animales sueltos,FLUIDA,NINGUNA MEDIDA,Vacuno
2012360002128,2012,8,01:00,DOMINGO,Pontevedra,Galicia,,,2,0,0,2,1,CARRETERA,VÍAS INTERURBANAS,PO-261,TITULARIDAD AUTONÓMICA,VÍA CONVENCIONAL,EN T Ó Y,,SIN DATO,NINGUNA (SOLO NORMA),MOJADA,NOCHE: ILUMINACIÓN INSUFICIENTE,NIEBLA LIGERA,FACTORES ATMOSFÉRICOS,NINGUNA,N,Atropello a animales sueltos,FLUIDA,NINGUNA MEDIDA,Vacuno
2012360002184,2012,8,21:00,VIERNES,Pontevedra,Galicia,,,1,1,0,0,1,CARRETERA,VÍAS INTERURBANAS,N-559,TITULARIDAD ESTATAL,VÍA CONVENCIONAL,EN T Ó Y,,SIN DATO,NINGUNA (SOLO NORMA),SECA Y LIMPIA,NOCHE: SIN ILUMINACIÓN,BUEN TIEMPO,SIN RESTRICCIÓN,NINGUNA,N,Atropello a animales sueltos,FLUIDA,NINGUNA MEDIDA,Equino
2009360002124,2009,7,13:00,SÁBADO,Pontevedra,Galicia,,,1,0,0,1,1,CARRETERA,VÍAS INTERURBANAS,PO-400,TITULARIDAD AUTONÓMICA,VÍA CONVENCIONAL,EN X Ó +,,SIN DATO,NINGUNA (SOLO NORMA),SECA Y LIMPIA,PLENO DÍA,BUEN TIEMPO,SIN RESTRICCIÓN,NINGUNA,N,Atropello a animales sueltos,FLUIDA,NINGUNA MEDIDA,Canino
2011360000684,2011,2,21:00,SÁBADO,Pontevedra,Galicia,,,1,0,0,1,1,CARRETERA,VÍAS INTERURBANAS,PO-406,TITULARIDAD AUTONÓMICA,VÍA CONVENCIONAL,EN T Ó Y,,SIN DATO,SOLO MARCAS VIALES,SECA Y LIMPIA,NOCHE: ILUMINACIÓN INSUFICIENTE,BUEN TIEMPO,SIN RESTRICCIÓN,NINGUNA,N,Atropello a animales sueltos,FLUIDA,NINGUNA MEDIDA,Jabalí
2013360000711,2013,3,21:00,VIERNES,Pontevedra,Galicia,,,1,0,0,1,1,CARRETERA,VÍAS INTERURBANAS,PO-400,TITULARIDAD AUTONÓMICA,VÍA CONVENCIONAL,EN X Ó +,,SIN DATO,SOLO MARCAS VIALES,SECA Y LIMPIA,NOCHE: SIN ILUMINACIÓN,BUEN TIEMPO,CONFIGURACIÓN DEL TERRENO,NINGUNA,N,Atropello a animales sueltos,FLUIDA,NINGUNA MEDIDA,Jabalí
2013360002056,2013,8,06:00,SÁBADO,Pontevedra,Galicia,,,1,0,0,1,1,CARRETERA,VÍAS INTERURBANAS,EP-5005,"TITULARIDAD PROVINCIAL (DIPUTACIÓN, CABILDO O CONSELL)",VÍA CONVENCIONAL,EN X Ó +,,SIN DATO,NINGUNA (SOLO NORMA),SECA Y LIMPIA,NOCHE: SIN ILUMINACIÓN,BUEN TIEMPO,OTRA_CAUSA,NINGUNA,N,Atropello a animales sueltos,FLUIDA,NINGUNA MEDIDA,Jabalí
2012360002548,2012,9,06:00,SÁBADO,Pontevedra,Galicia,,,1,0,0,1,1,CARRETERA,VÍAS INTERURBANAS,N-640,TITULARIDAD ESTATAL,VÍA CONVENCIONAL,EN T Ó Y,,SIN DATO,NINGUNA (SOLO NORMA),SECA Y LIMPIA,NOCHE: SIN ILUMINACIÓN,BUEN TIEMPO,SIN RESTRICCIÓN,NINGUNA,N,Atropello a animales sueltos,FLUIDA,NINGUNA MEDIDA,Jabalí
2013360001097,2013,4,20:30,SÁBADO,Pontevedra,Galicia,,,2,0,0,2,1,CARRETERA,VÍAS INTERURBANAS,EP-8402,"TITULARIDAD PROVINCIAL (DIPUTACIÓN, CABILDO O CONSELL)",VÍA CONVENCIONAL,EN X Ó +,,SIN DATO,NINGUNA (SOLO NORMA),OTRO TIPO,CREPÚSCULO,BUEN TIEMPO,SIN RESTRICCIÓN,NINGUNA,N,Atropello a animales sueltos,FLUIDA,NINGUNA MEDIDA,Ave
2012360003394,2012,11,03:00,DOMINGO,Pontevedra,Galicia,,,1,0,0,1,1,CARRETERA,VÍAS INTERURBANAS,AG-53,TITULARIDAD AUTONÓMICA,AUTOVÍA,EN X Ó +,,SIN DATO,NINGUNA (SOLO NORMA),SECA Y LIMPIA,NOCHE: SIN ILUMINACIÓN,BUEN TIEMPO,CONFIGURACIÓN DEL TERRENO,NINGUNA,N,Atropello a animales sueltos,FLUIDA,NINGUNA MEDIDA,Jabalí
2008360001302,2008,4,22:00,LUNES,Pontevedra,Galicia,,"Estrada, A",1,0,0,1,1,CARRETERA,VÍAS INTERURBANAS,EP-7001,"TITULARIDAD PROVINCIAL (DIPUTACIÓN, CABILDO O CONSELL)",VÍA CONVENCIONAL CON CARRIL LENTO,EN T Ó Y,,SIN DATO,NINGUNA (SOLO NORMA),OTRO TIPO,NOCHE: SIN ILUMINACIÓN,BUEN TIEMPO,SIN RESTRICCIÓN,NINGUNA,N,Atropello a animales sueltos,FLUIDA,NINGUNA MEDIDA,Equino
2009360000150,2009,1,02:00,LUNES,Pontevedra,Galicia,,"Estrada, A",1,0,0,1,1,CARRETERA,VÍAS INTERURBANAS,N-640,TITULARIDAD ESTATAL,VÍA CONVENCIONAL,EN X Ó +,,SIN DATO,NINGUNA (SOLO NORMA),SECA Y LIMPIA,NOCHE: SIN ILUMINACIÓN,BUEN TIEMPO,SIN RESTRICCIÓN,NINGUNA,N,Salida de la vía por la izquierda con colisión (Choque con cuneta o bordillo),FLUIDA,NINGUNA MEDIDA,Jabalí
2012360000589,2012,2,06:00,LUNES,Pontevedra,Galicia,,"Estrada, A",1,0,0,1,1,CARRETERA,VÍAS INTERURBANAS,N-525,TITULARIDAD ESTATAL,VÍA CONVENCIONAL,EN X Ó +,,SIN DATO,NINGUNA (SOLO NORMA),SECA Y LIMPIA,NOCHE: ILUMINACIÓN INSUFICIENTE,BUEN TIEMPO,SIN RESTRICCIÓN,NINGUNA,N,Atropello a animales sueltos,FLUIDA,NINGUNA MEDIDA,Equino
2013360002651,2013,10,13:05,MARTES,Pontevedra,Galicia,,"Estrada, A",1,0,0,1,1,CARRETERA,VÍAS INTERURBANAS,PO-841,TITULARIDAD AUTONÓMICA,VÍA CONVENCIONAL,EN T Ó Y,,SIN DATO,SOLO MARCAS VIALES,SECA Y LIMPIA,PLENO DÍA,BUEN TIEMPO,SIN RESTRICCIÓN,NINGUNA,N,Atropello a animales sueltos,FLUIDA,NINGUNA MEDIDA,Corzo
2013360001446,2013,5,18:20,SÁBADO,Pontevedra,Galicia,,"Estrada, A",1,0,0,1,1,CARRETERA,VÍAS INTERURBANAS,EP-7101,"TITULARIDAD PROVINCIAL (DIPUTACIÓN, CABILDO O CONSELL)",VÍA CONVENCIONAL,ENLACE DE ENTRADA,,SIN DATO,NINGUNA (SOLO NORMA),SECA Y LIMPIA,PLENO DÍA,BUEN TIEMPO,CONFIGURACIÓN DEL TERRENO,NINGUNA,N,Atropello a animales sueltos,FLUIDA,NINGUNA MEDIDA,Canino