ID_ACCIDENTE,ANIO,MES,HORA,DIASEMANA,PROVINCIA,COMUNIDAD_AUTONOMA,ISLA,MUNICIPIO,TOT_VICTIMAS,TOT_MUERTOS,TOT_HERIDOS_GRAVES,TOT_HERIDOS_LEVES,TOT_VEHICULOS_IMPLICADOS,ZONA,ZONA_AGRUPADA,CARRETERA,RED_CARRETERA,TIPO_VIA,TRAZADO_NO_INTERSEC,TIPO_INTERSEC,ACOND_CALZADA,PRIORIDAD,SUPERFICIE_CALZADA,LUMINOSIDAD,FACTORES_ATMOSFERICOS,VISIBILIDAD_RESTRINGIDA,OTRA_CIRCUNSTANCIA,ACERAS,TIPO_ACCIDENTE,DENSIDAD_CIRCULACION,MEDIDAS_ESPECIALES,COD_ANIMAL
2009360001413,2009,5,22:00,VIERNES,Pontevedra,Galicia,,,1,0,0,1,1,CARRETERA,VÍAS INTERURBANAS,PO-250,TITULARIDAD AUTONÓMICA,VÍA CONVENCIONAL,EN T Ó Y,,SIN DATO,SOLO MARCAS VIALES,SECA Y LIMPIA,NOCHE: SIN ILUMINACIÓN,BUEN TIEMPO,OTRA_CAUSA,NINGUNA,N,Atropello a animales sueltos,FLUIDA,NINGUNA MEDIDA,Vacuno
2009360000800,2009,3,16:00,MIÉRCOLES,Pontevedra,Galicia,,,1,0,0,1,1,CARRETERA,VÍAS INTERURBANAS,PO-250,TITULARIDAD AUTONÓMICA,VÍA CONVENCIONAL,,EN T Ó Y,CARRIL CENTRAL DE ESPERA,"SEÑAL DE ""STOP""",MOJADA,PLENO DÍA,LLOVIZNANDO,SIN RESTRICCIÓN,OTRA,N,Salida de la vía por la izquierda sin colisión (Con despeñamiento),FLUIDA,NINGUNA MEDIDA,Animal no identificado
2010360003916,2010,11,21:00,DOMINGO,Pontevedra,Galicia,,,1,0,0,1,1,CARRETERA,VÍAS INTERURBANAS,PO-250,TITULARIDAD AUTONÓMICA,VÍA CONVENCIONAL,EN T Ó Y,,SIN DATO,NINGUNA (SOLO NORMA),MOJADA,NOCHE: ILUMINACIÓN INSUFICIENTE,LLOVIZNANDO,SIN RESTRICCIÓN,NINGUNA,N,Atropello a animales sueltos,FLUIDA,NINGUNA MEDIDA,Vacuno
2012360000661,2012,3,08:00,MARTES,Pontevedra,Galicia,,,1,0,0,1,1,CARRETERA,VÍAS INTERURBANAS,EP-0302,"TITULARIDAD PROVINCIAL (DIPUTACIÓN, CABILDO O CONSELL)",VÍA CONVENCIONAL,EN X Ó +,,SIN DATO,NINGUNA (SOLO NORMA),SECA Y LIMPIA,CREPÚSCULO,BUEN TIEMPO,SIN RESTRICCIÓN,NINGUNA,N,Atropello a animales sueltos,FLUIDA,NINGUNA MEDIDA,Equino
2008360000612,2008,2,21:00,JUEVES,Pontevedra,Galicia,,,1,0,0,1,1,CARRETERA,VÍAS INTERURBANAS,PO-840,TITULARIDAD AUTONÓMICA,VÍA CONVENCIONAL,EN X Ó +,,SIN DATO,NINGUNA (SOLO NORMA),SECA Y LIMPIA,NOCHE: SIN ILUMINACIÓN,BUEN TIEMPO,CONFIGURACIÓN DEL TERRENO,NINGUNA,N,Atropello a animales sueltos,FLUIDA,NINGUNA MEDIDA,Vacuno
2008360003834,2008,11,19:00,LUNES,Pontevedra,Galicia,,Gondomar,1,0,0,1,1,CARRETERA,VÍAS INTERURBANAS,PO-340,TITULARIDAD AUTONÓMICA,VÍA CONVENCIONAL,EN T Ó Y,,SIN DATO,NINGUNA (SOLO NORMA),SECA Y LIMPIA,NOCHE: ILUMINACIÓN INSUFICIENTE,BUEN TIEMPO,SIN RESTRICCIÓN,NINGUNA,N,Atropello a animales sueltos,FLUIDA,NINGUNA MEDIDA,Equino
2010360003133,2010,9,06:00,LUNES,Pontevedra,Galicia,,Gondomar,1,0,0,1,1,CARRETERA,VÍAS INTERURBANAS,PO-340,TITULARIDAD AUTONÓMICA,VÍA CONVENCIONAL,EN T Ó Y,,SIN DATO,NINGUNA (SOLO NORMA),SECA Y LIMPIA,NOCHE: ILUMINACIÓN INSUFICIENTE,BUEN TIEMPO,CONFIGURACIÓN DEL TERRENO,FIN CARRIL LENTO,S,Atropello a animales sueltos,FLUIDA,NINGUNA MEDIDA,Equino
2011360000061,2011,1,19:00,MIÉRCOLES,Pontevedra,Galicia,,Gondomar,1,0,0,1,3,CARRETERA,VÍAS INTERURBANAS,PO-331,TITULARIDAD AUTONÓMICA,VÍA CONVENCIONAL,EN T Ó Y,,SIN DATO,NINGUNA (SOLO NORMA),MOJADA,NOCHE: ILUMINACIÓN SUFICIENTE,BUEN TIEMPO,SIN RESTRICCIÓN,NINGUNA,N,Colisión de vehículos en marcha (Alcance),FLUIDA,NINGUNA MEDIDA,Jabalí
2011360002878,2011,9,07:00,JUEVES,Pontevedra,Galicia,,Gondomar,1,0,0,1,1,CARRETERA,VÍAS INTERURBANAS,PO-340,TITULARIDAD AUTONÓMICA,VÍA CONVENCIONAL,EN X Ó +,,SIN DATO,NINGUNA (SOLO NORMA),SECA Y LIMPIA,CREPÚSCULO,NIEBLA INTENSA,FACTORES ATMOSFÉRICOS,NINGUNA,N,Atropello a animales sueltos,FLUIDA,NINGUNA MEDIDA,Equino
2013360001709,2013,6,23:15,MARTES,Pontevedra,Galicia,,Gondomar,1,0,0,1,1,CARRETERA,VÍAS INTERURBANAS,PO-340,TITULARIDAD AUTONÓMICA,VÍA CONVENCIONAL,EN X Ó +,,SIN DATO,NINGUNA (SOLO NORMA),SECA Y LIMPIA,NOCHE: SIN ILUMINACIÓN,BUEN TIEMPO,SIN RESTRICCIÓN,NINGUNA,N,Atropello a animales sueltos,FLUIDA,NINGUNA MEDIDA,Equino
2013360000568,2013,2,20:30,MARTES,Pontevedra,Galicia,,Gondomar,1,0,0,1,1,CARRETERA,VÍAS INTERURBANAS,PO-344,TITULARIDAD AUTONÓMICA,VÍA CONVENCIONAL,EN T Ó Y,,SIN DATO,NINGUNA (SOLO NORMA),SECA Y LIMPIA,NOCHE: SIN ILUMINACIÓN,BUEN TIEMPO,SIN RESTRICCIÓN,NINGUNA,N,Atropello a animal conducido o en rebaño,FLUIDA,NINGUNA MEDIDA,Vacuno
2013360001466,2013,5,14:15,LUNES,Pontevedra,Galicia,,Gondomar,1,0,0,1,1,CARRETERA,VÍAS INTERURBANAS,EP-2302,"TITULARIDAD PROVINCIAL (DIPUTACIÓN, CABILDO O CONSELL)",VÍA CONVENCIONAL,,EN X Ó +,NADA ESPECIAL,NINGUNA (SOLO NORMA),SECA Y LIMPIA,PLENO DÍA,BUEN TIEMPO,EDIFICIOS,NINGUNA,N,Atropello a animales sueltos,FLUIDA,NINGUNA MEDIDA,Equino
2009360001718,2009,6,02:00,LUNES,Pontevedra,Galicia,,Lalín,1,0,0,1,1,CARRETERA,VÍAS INTERURBANAS,PO-902,TITULARIDAD AUTONÓMICA,VÍA CONVENCIONAL,EN T Ó Y,,SIN DATO,SOLO MARCAS VIALES,SECA Y LIMPIA,NOCHE: SIN ILUMINACIÓN,BUEN TIEMPO,SIN RESTRICCIÓN,NINGUNA,N,Atropello a animales sueltos,FLUIDA,NINGUNA MEDIDA,Jabalí
2009360001844,2009,6,02:00,DOMINGO,Pontevedra,Galicia,,Lalín,1,0,0,1,1,CARRETERA,VÍAS INTERURBANAS,PO-534,TITULARIDAD AUTONÓMICA,VÍA CONVENCIONAL,EN T Ó Y,,SIN DATO,SOLO MARCAS VIALES,SECA Y LIMPIA,NOCHE: ILUMINACIÓN INSUFICIENTE,BUEN TIEMPO,VEGETACIÓN,FUERTE DESCENSO,N,Atropello a animales sueltos,FLUIDA,NINGUNA MEDIDA,Jabalí
2010360002546,2010,8,05:00,LUNES,Pontevedra,Galicia,,Lalín,2,0,0,2,1,CARRETERA,VÍAS INTERURBANAS,PO-902,TITULARIDAD AUTONÓMICA,VÍA CONVENCIONAL CON CARRIL LENTO,EN X Ó +,,SIN DATO,NINGUNA (SOLO NORMA),SECA Y LIMPIA,NOCHE: SIN ILUMINACIÓN,BUEN TIEMPO,VEGETACIÓN,NINGUNA,N,Salida de la vía por la derecha con colisión (Otro tipo de choque),FLUIDA,NINGUNA MEDIDA,Jabalí
2009360003996,2009,12,05:00,MARTES,Pontevedra,Galicia,,Marín,1,0,0,1,1,CARRETERA,VÍAS INTERURBANAS,EP-1202,"TITULARIDAD PROVINCIAL (DIPUTACIÓN, CABILDO O CONSELL)",VÍA CONVENCIONAL,EN T Ó Y,,SIN DATO,NINGUNA (SOLO NORMA),MOJADA,NOCHE: ILUMINACIÓN INSUFICIENTE,LLOVIZNANDO,CONFIGURACIÓN DEL TERRENO,NINGUNA,S,Atropello a animales sueltos,FLUIDA,NINGUNA MEDIDA,Equino
2012360003202,2012,11,19:00,MARTES,Pontevedra,Galicia,,Marín,1,0,0,1,1,CARRETERA,VÍAS INTERURBANAS,SC/PO,TITULARIDAD MUNICIPAL,RAMAL DE ENLACE,EN T Ó Y,,SIN DATO,NINGUNA (SOLO NORMA),SECA Y LIMPIA,NOCHE: ILUMINACIÓN INSUFICIENTE,BUEN TIEMPO,SIN RESTRICCIÓN,NINGUNA,N,Atropello a animales sueltos,FLUIDA,NINGUNA MEDIDA,Equino
2012360002005,2012,7,21:00,VIERNES,Pontevedra,Galicia,,Marín,1,0,0,1,1,CARRETERA,VÍAS INTERURBANAS,PO-313,TITULARIDAD AUTONÓMICA,VÍA CONVENCIONAL,EN T Ó Y,,SIN DATO,NINGUNA (SOLO NORMA),SECA Y LIMPIA,PLENO DÍA,BUEN TIEMPO,CONFIGURACIÓN DEL TERRENO,CAMBIO DE RASANTE,N,Atropello a animales sueltos,FLUIDA,NINGUNA MEDIDA,Equino
2013360001593,2013,6,02:30,DOMINGO,Pontevedra,Galicia,,Marín,1,0,0,1,1,CARRETERA,VÍAS INTERURBANAS,VG-4.4,TITULARIDAD AUTONÓMICA,VÍA PARA AUTOMÓVILES,EN T Ó Y,,SIN DATO,NINGUNA (SOLO NORMA),MOJADA,NOCHE: SIN ILUMINACIÓN,LLOVIZNANDO,FACTORES ATMOSFÉRICOS,NINGUNA,N,Atropello a animales sueltos,FLUIDA,NINGUNA MEDIDA,Jabalí
2010360003010,2010,9,06:00,MIÉRCOLES,Pontevedra,Galicia,,Meis,1,0,0,1,1,CARRETERA,VÍAS INTERURBANAS,PO-300,TITULARIDAD AUTONÓMICA,VÍA CONVENCIONAL,EN X Ó +,,SIN DATO,NINGUNA (SOLO NORMA),SECA Y LIMPIA,NOCHE: ILUMINACIÓN INSUFICIENTE,BUEN TIEMPO,SIN RESTRICCIÓN,NINGUNA,N,Salida de la vía por la derecha con colisión (Otro tipo de choque),FLUIDA,NINGUNA MEDIDA,Jabalí
2010360001829,2010,6,14:00,MARTES,Pontevedra,Galicia,,Meis,1,0,0,1,1,CARRETERA,VÍAS INTERURBANAS,PO-531,TITULARIDAD AUTONÓMICA,VÍA CONVENCIONAL,EN X Ó +,,SIN DATO,NINGUNA (SOLO NORMA),MOJADA,PLENO DÍA,LLOVIZNANDO,SIN RESTRICCIÓN,OBRAS,N,Salida de la vía por la derecha con colisión (Choque con muro o edifício),FLUIDA,NINGUNA MEDIDA,Conejo
2012360003148,2012,11,20:00,SÁBADO,Pontevedra,Galicia,,,1,0,0,1,2,CARRETERA,VÍAS INTERURBANAS,AG-41,TITULARIDAD AUTONÓMICA,AUTOVÍA,,ENLACE DE ENTRADA,NADA ESPECIAL,SOLO MARCAS VIALES,MOJADA,NOCHE: ILUMINACIÓN INSUFICIENTE,BUEN TIEMPO,SIN RESTRICCIÓN,NINGUNA,N,Atropello a animales sueltos,FLUIDA,NINGUNA MEDIDA,Canino
2010360003039,2010,9,22:00,VIERNES,Pontevedra,Galicia,,Moaña,6,0,0,6,4,CARRETERA,VÍAS INTERURBANAS,CG-4.1,TITULARIDAD AUTONÓMICA,VÍA PARA AUTOMÓVILES,EN X Ó +,,SIN DATO,NINGUNA (SOLO NORMA),SECA Y LIMPIA,NOCHE: ILUMINACIÓN INSUFICIENTE,BUEN TIEMPO,SIN RESTRICCIÓN,NINGUNA,N,Colisión de vehículos en marcha (Múltiple o en caravana),FLUIDA,NINGUNA MEDIDA,Equino
2012360003629,2012,12,05:00,LUNES,Pontevedra,Galicia,,Moaña,2,0,0,2,2,CARRETERA,VÍAS INTERURBANAS,PO-313,TITULARIDAD AUTONÓMICA,VÍA CONVENCIONAL,EN T Ó Y,,SIN DATO,NINGUNA (SOLO NORMA),UMBRÍA,NOCHE: SIN ILUMINACIÓN,BUEN TIEMPO,SIN RESTRICCIÓN,NINGUNA,N,Atropello a animales sueltos,FLUIDA,NINGUNA MEDIDA,Equino
2013360001569,2013,6,13:00,MIÉRCOLES,Pontevedra,Galicia,,,1,0,0,1,1,CARRETERA,VÍAS INTERURBANAS,PO-252,TITULARIDAD AUTONÓMICA,VÍA CONVENCIONAL,EN T Ó Y,,SIN DATO,NINGUNA (SOLO NORMA),SECA Y LIMPIA,PLENO DÍA,BUEN TIEMPO,SIN RESTRICCIÓN,NINGUNA,N,Atropello a animales sueltos,FLUIDA,NINGUNA MEDIDA,Canino
2010360000619,2010,2,10:00,MARTES,Pontevedra,Galicia,,Mos,1,0,0,1,1,CARRETERA,VÍAS INTERURBANAS,A-55,TITULARIDAD ESTATAL,AUTOVÍA,GIRATORIA,,SIN DATO,NINGUNA (SOLO NORMA),MOJADA,PLENO DÍA,LLOVIZNANDO,SIN RESTRICCIÓN,NINGUNA,N,Salida de la vía por la derecha con colisión (Choque con cuneta o bordillo),FLUIDA,NINGUNA MEDIDA,Canino
2010360001000,2010,3,18:00,DOMINGO,Pontevedra,Galicia,,Mos,1,0,0,1,1,CARRETERA,VÍAS INTERURBANAS,A-55,TITULARIDAD ESTATAL,AUTOVÍA,EN T Ó Y,,SIN DATO,NINGUNA (SOLO NORMA),SECA Y LIMPIA,PLENO DÍA,BUEN TIEMPO,SIN RESTRICCIÓN,NINGUNA,N,Atropello a animales sueltos,FLUIDA,NINGUNA MEDIDA,Canino
2010360002640,2010,8,21:00,SÁBADO,Pontevedra,Galicia,,Mos,1,0,0,1,1,CARRETERA,VÍAS INTERURBANAS,,TITULARIDAD MUNICIPAL,CAMINO VECINAL,EN T Ó Y,,SIN DATO,NINGUNA (SOLO NORMA),SECA Y LIMPIA,PLENO DÍA,BUEN TIEMPO,SIN RESTRICCIÓN,NINGUNA,N,Atropello a animales sueltos,FLUIDA,NINGUNA MEDIDA,Canino
2011360002805,2011,9,11:00,LUNES,Pontevedra,Galicia,,Mos,1,0,0,1,1,CARRETERA,VÍAS INTERURBANAS,A-55,TITULARIDAD ESTATAL,AUTOVÍA,EN T Ó Y,,SIN DATO,NINGUNA (SOLO NORMA),SECA Y LIMPIA,PLENO DÍA,BUEN TIEMPO,SIN RESTRICCIÓN,NINGUNA,N,Atropello a animales sueltos,DENSA,NINGUNA MEDIDA,Canino
2011360003451,2011,11,05:00,VIERNES,Pontevedra,Galicia,,Mos,1,0,0,1,2,CARRETERA,VÍAS INTERURBANAS,N-550,TITULARIDAD ESTATAL,VÍA CONVENCIONAL,EN T Ó Y,,SIN DATO,NINGUNA (SOLO NORMA),MOJADA,NOCHE: ILUMINACIÓN INSUFICIENTE,LLOVIZNANDO,SIN RESTRICCIÓN,NINGUNA,N,Atropello a animales sueltos,FLUIDA,NINGUNA MEDIDA,Jabalí
2012360000088,2012,1,18:00,SÁBADO,Pontevedra,Galicia,,Mos,1,0,0,1,1,CARRETERA,VÍAS INTERURBANAS,A-55,TITULARIDAD ESTATAL,AUTOVÍA,EN T Ó Y,,SIN DATO,NINGUNA (SOLO NORMA),SECA Y LIMPIA,CREPÚSCULO,BUEN TIEMPO,SIN RESTRICCIÓN,NINGUNA,N,Atropello a animales sueltos,DENSA,NINGUNA MEDIDA,Canino
2012360002162,2012,8,20:00,MARTES,Pontevedra,Galicia,,Mos,1,0,1,0,1,CARRETERA,VÍAS INTERURBANAS,EP-2601,"TITULARIDAD PROVINCIAL (DIPUTACIÓN, CABILDO O CONSELL)",VÍA CONVENCIONAL,EN T Ó Y,,SIN DATO,SOLO MARCAS VIALES,SECA Y LIMPIA,PLENO DÍA,BUEN TIEMPO,SIN RESTRICCIÓN,NINGUNA,N,Atropello a animales sueltos,FLUIDA,NINGUNA MEDIDA,Canino
2008360002565,2008,8,22:00,DOMINGO,Pontevedra,Galicia,,,2,0,0,2,2,CARRETERA,VÍAS INTERURBANAS,A-52,TITULARIDAD ESTATAL,AUTOVÍA,EN T Ó Y,,SIN DATO,NINGUNA (SOLO NORMA),SECA Y LIMPIA,NOCHE: SIN ILUMINACIÓN,BUEN TIEMPO,SIN RESTRICCIÓN,NINGUNA,N,Otro tipo de accidente,FLUIDA,NINGUNA MEDIDA,Jabalí
2010360003150,2010,9,06:00,MIÉRCOLES,Pontevedra,Galicia,,,1,0,0,1,1,CARRETERA,VÍAS INTERURBANAS,A-52,TITULARIDAD ESTATAL,AUTOVÍA,EN X Ó +,,SIN DATO,NINGUNA (SOLO NORMA),SECA Y LIMPIA,NOCHE: ILUMINACIÓN INSUFICIENTE,BUEN TIEMPO,SIN RESTRICCIÓN,NINGUNA,N,Atropello a animales sueltos,FLUIDA,NINGUNA MEDIDA,Equino
2013360002209,2013,8,03:00,MIÉRCOLES,Pontevedra,Galicia,,,1,0,0,1,1,CARRETERA,VÍAS INTERURBANAS,PO-400,TITULARIDAD AUTONÓMICA,VÍA CONVENCIONAL,EN T Ó Y,,SIN DATO,SOLO MARCAS VIALES,SECA Y LIMPIA,NOCHE: SIN ILUMINACIÓN,BUEN TIEMPO,SIN RESTRICCIÓN,NINGUNA,N,Atropello a animales sueltos,FLUIDA,NINGUNA MEDIDA,Equino
2010360001824,2010,6,23:00,DOMINGO,Pontevedra,Galicia,,Nigrán,1,0,0,1,1,CARRETERA,VÍAS INTERURBANAS,PO-552,TITULARIDAD AUTONÓMICA,VÍA CONVENCIONAL,,EN T Ó Y,NADA ESPECIAL,SEMÁFORO,SECA Y LIMPIA,NOCHE: ILUMINACIÓN SUFICIENTE,BUEN TIEMPO,CONFIGURACIÓN DEL TERRENO,NINGUNA,S,Atropello a conductor de animales,FLUIDA,NINGUNA MEDIDA,Equino
2010360002677,2010,8,21:00,MIÉRCOLES,Pontevedra,Galicia,,Nigrán,1,0,0,1,1,CARRETERA,VÍAS INTERURBANAS,PO-325,TITULARIDAD AUTONÓMICA,VÍA CONVENCIONAL,EN T Ó Y,,SIN DATO,NINGUNA (SOLO NORMA),SECA Y LIMPIA,CREPÚSCULO,BUEN TIEMPO,SIN RESTRICCIÓN,OBRAS,N,Otro tipo de accidente,FLUIDA,NINGUNA MEDIDA,Canino
2010360003903,2010,11,00:00,MIÉRCOLES,Pontevedra,Galicia,,,1,0,0,1,1,CARRETERA,VÍAS INTERURBANAS,PO-552,TITULARIDAD AUTONÓMICA,VÍA CONVENCIONAL,EN T Ó Y,,SIN DATO,NINGUNA (SOLO NORMA),MOJADA,NOCHE: SIN ILUMINACIÓN,LLUVIA FUERTE,SIN RESTRICCIÓN,NINGUNA,N,Atropello a animales sueltos,FLUIDA,NINGUNA MEDIDA,Equino
2008360004217,2008,12,20:00,VIERNES,Pontevedra,Galicia,,,1,0,0,1,2,CARRETERA,VÍAS INTERURBANAS,PO-250,TITULARIDAD AUTONÓMICA,VÍA CONVENCIONAL,EN T Ó Y,,SIN DATO,NINGUNA (SOLO NORMA),MOJADA,NOCHE: ILUMINACIÓN INSUFICIENTE,OTRO,SIN RESTRICCIÓN,NINGUNA,N,Atropello a animales sueltos,FLUIDA,NINGUNA MEDIDA,Vacuno
2008360002938,2008,9,22:00,MIÉRCOLES,Pontevedra,Galicia,,,2,0,0,2,2,CARRETERA,VÍAS INTERURBANAS,PO-250,TITULARIDAD AUTONÓMICA,VÍA CONVENCIONAL,EN T Ó Y,,SIN DATO,SOLO MARCAS VIALES,SECA Y LIMPIA,NOCHE: SIN ILUMINACIÓN,BUEN TIEMPO,OTRA_CAUSA,NINGUNA,N,Atropello a animales sueltos,FLUIDA,NINGUNA MEDIDA,Vacuno
2009360001480,2009,5,22:00,LUNES,Pontevedra,Galicia,,,1,0,0,1,1,CARRETERA,VÍAS INTERURBANAS,PO-250,TITULARIDAD AUTONÓMICA,VÍA CONVENCIONAL,EN T Ó Y,,SIN DATO,NINGUNA (SOLO NORMA),MOJADA,NOCHE: ILUMINACIÓN INSUFICIENTE,LLOVIZNANDO,SIN RESTRICCIÓN,NINGUNA,N,Atropello a animales sueltos,FLUIDA,NINGUNA MEDIDA,Vacuno
2009360002520,2009,8,21:00,SÁBADO,Pontevedra,Galicia,,,1,0,1,0,1,CARRETERA,VÍAS INTERURBANAS,PO-250,TITULARIDAD AUTONÓMICA,VÍA CONVENCIONAL,EN T Ó Y,,SIN DATO,NINGUNA (SOLO NORMA),SECA Y LIMPIA,PLENO DÍA,BUEN TIEMPO,SIN RESTRICCIÓN,NINGUNA,N,Atropello a animales sueltos,FLUIDA,NINGUNA MEDIDA,Vacuno
2010360000310,2010,1,06:00,DOMINGO,Pontevedra,Galicia,,,2,0,0,2,1,CARRETERA,VÍAS INTERURBANAS,PO-250,TITULARIDAD AUTONÓMICA,VÍA CONVENCIONAL,EN T Ó Y,,SIN DATO,NINGUNA (SOLO NORMA),SECA Y LIMPIA,NOCHE: SIN ILUMINACIÓN,BUEN TIEMPO,SIN RESTRICCIÓN,NINGUNA,N,Atropello a animales sueltos,FLUIDA,NINGUNA MEDIDA,Equino
2011360001910,2011,6,23:00,LUNES,Pontevedra,Galicia,,,1,0,0,1,1,CARRETERA,VÍAS INTERURBANAS,PO-250,TITULARIDAD AUTONÓMICA,VÍA CONVENCIONAL,EN X Ó +,,SIN DATO,NINGUNA (SOLO NORMA),SECA Y LIMPIA,NOCHE: ILUMINACIÓN INSUFICIENTE,BUEN TIEMPO,CONFIGURACIÓN DEL TERRENO,NINGUNA,N,Atropello a animales sueltos,FLUIDA,NINGUNA MEDIDA,Equino
2013360000419,2013,2,06:40,LUNES,Pontevedra,Galicia,,,1,0,1,0,1,CARRETERA,VÍAS INTERURBANAS,PO-250,TITULARIDAD AUTONÓMICA,VÍA CONVENCIONAL,EN T Ó Y,,SIN DATO,SOLO MARCAS VIALES,SECA Y LIMPIA,NOCHE: SIN ILUMINACIÓN,BUEN TIEMPO,SIN RESTRICCIÓN,NINGUNA,N,Atropello a animales sueltos,FLUIDA,NINGUNA MEDIDA,Canino
2013360001537,2013,6,00:30,MIÉRCOLES,Pontevedra,Galicia,,,1,0,0,1,1,CARRETERA,VÍAS INTERURBANAS,PO-253,TITULARIDAD AUTONÓMICA,VÍA CONVENCIONAL,ENLACE DE ENTRADA,,SIN DATO,NINGUNA (SOLO NORMA),SECA Y LIMPIA,NOCHE: ILUMINACIÓN SUFICIENTE,BUEN TIEMPO,SIN RESTRICCIÓN,NINGUNA,N,Atropello a animales sueltos,FLUIDA,NINGUNA MEDIDA,Felino
2013360000914,2013,3,23:00,DOMINGO,Pontevedra,Galicia,,,1,0,0,1,1,CARRETERA,VÍAS INTERURBANAS,PO-252,TITULARIDAD AUTONÓMICA,VÍA CONVENCIONAL,EN X Ó +,,SIN DATO,NINGUNA (SOLO NORMA),MOJADA,NOCHE: ILUMINACIÓN INSUFICIENTE,LLOVIZNANDO,CONFIGURACIÓN DEL TERRENO,NINGUNA,N,Salida de la vía por la derecha con colisión (Choque con muro o edifício),FLUIDA,NINGUNA MEDIDA,Equino
2008360003202,2008,10,00:00,LUNES,Pontevedra,Galicia,,Pontevedra,1,0,0,1,1,CARRETERA,VÍAS INTERURBANAS,PO-532,TITULARIDAD AUTONÓMICA,VÍA CONVENCIONAL CON CARRIL LENTO,EN T Ó Y,,SIN DATO,NINGUNA (SOLO NORMA),UMBRÍA,NOCHE: SIN ILUMINACIÓN,LLOVIZNANDO,SIN RESTRICCIÓN,NINGUNA,N,Atropello a animales sueltos,FLUIDA,NINGUNA MEDIDA,Equino
2009360001309,2009,4,00:00,LUNES,Pontevedra,Galicia,,Pontevedra,1,0,0,1,1,CARRETERA,VÍAS INTERURBANAS,AP-9,TITULARIDAD ESTATAL,AUTOPISTA,EN X Ó +,,SIN DATO,NINGUNA (SOLO NORMA),SECA Y LIMPIA,NOCHE: ILUMINACIÓN INSUFICIENTE,BUEN TIEMPO,SIN RESTRICCIÓN,NINGUNA,N,Atropello a animales sueltos,FLUIDA,NINGUNA MEDIDA,Jabalí
2009360003381,2009,10,13:00,JUEVES,Pontevedra,Galicia,,Pontevedra,1,0,0,1,1,CARRETERA,VÍAS INTERURBANAS,PO-532,TITULARIDAD AUTONÓMICA,VÍA CONVENCIONAL,EN X Ó +,,SIN DATO,NINGUNA (SOLO NORMA),MOJADA,PLENO DÍA,OTRO,SIN RESTRICCIÓN,NINGUNA,N,Atropello a animales sueltos,FLUIDA,NINGUNA MEDIDA,Jabalí
2009360004181,2009,12,17:00,VIERNES,Pontevedra,Galicia,,Pontevedra,2,0,0,2,2,CARRETERA,VÍAS INTERURBANAS,PO-531,TITULARIDAD AUTONÓMICA,VÍA CONVENCIONAL,EN T Ó Y,,SIN DATO,NINGUNA (SOLO NORMA),SECA Y LIMPIA,PLENO DÍA,BUEN TIEMPO,SIN RESTRICCIÓN,NINGUNA,N,Colisión de vehículos en marcha (Alcance),FLUIDA,NINGUNA MEDIDA,Canino
2010360004264,2010,12,00:00,DOMINGO,Pontevedra,Galicia,,Pontevedra,2,0,0,2,1,CARRETERA,VÍAS INTERURBANAS,PO-11,TITULARIDAD ESTATAL,AUTOVÍA,EN T Ó Y,,SIN DATO,NINGUNA (SOLO NORMA),SECA Y LIMPIA,NOCHE: ILUMINACIÓN INSUFICIENTE,BUEN TIEMPO,SIN RESTRICCIÓN,NINGUNA,N,Atropello a animales sueltos,FLUIDA,NINGUNA MEDIDA,Jabalí
2011360002527,2011,8,22:00,VIERNES,Pontevedra,Galicia,,Pontevedra,2,0,0,2,1,CARRETERA,VÍAS INTERURBANAS,EP-0011,"TITULARIDAD PROVINCIAL (DIPUTACIÓN, CABILDO O CONSELL)",VÍA CONVENCIONAL,EN T Ó Y,,SIN DATO,NINGUNA (SOLO NORMA),SECA Y LIMPIA,NOCHE: ILUMINACIÓN SUFICIENTE,BUEN TIEMPO,SIN RESTRICCIÓN,NINGUNA,N,Atropello a animales sueltos,FLUIDA,NINGUNA MEDIDA,Equino
2012360003680,2012,12,17:00,DOMINGO,Pontevedra,Galicia,,Pontevedra,1,0,0,1,2,CARRETERA,VÍAS INTERURBANAS,N-550,TITULARIDAD ESTATAL,VÍA CONVENCIONAL,EN T Ó Y,,SIN DATO,NINGUNA (SOLO NORMA),SECA Y LIMPIA,PLENO DÍA,BUEN TIEMPO,SIN RESTRICCIÓN,NINGUNA,N,Atropello a animales sueltos,DENSA,NINGUNA MEDIDA,Canino
2008360002212,2008,7,22:00,VIERNES,Pontevedra,Galicia,,"Porriño, O",2,0,0,2,1,CARRETERA,VÍAS INTERURBANAS,S/N,TITULARIDAD MUNICIPAL,VÍA CONVENCIONAL,ENLACE DE ENTRADA,,SIN DATO,NINGUNA (SOLO NORMA),SECA Y LIMPIA,NOCHE: ILUMINACIÓN SUFICIENTE,BUEN TIEMPO,SIN RESTRICCIÓN,NINGUNA,N,Otro tipo de accidente,FLUIDA,NINGUNA MEDIDA,Canino