ID_ACCIDENTE,ANIO,MES,HORA,DIASEMANA,PROVINCIA,COMUNIDAD_AUTONOMA,ISLA,MUNICIPIO,TOT_VICTIMAS,TOT_MUERTOS,TOT_HERIDOS_GRAVES,TOT_HERIDOS_LEVES,TOT_VEHICULOS_IMPLICADOS,ZONA,ZONA_AGRUPADA,CARRETERA,RED_CARRETERA,TIPO_VIA,TRAZADO_NO_INTERSEC,TIPO_INTERSEC,ACOND_CALZADA,PRIORIDAD,SUPERFICIE_CALZADA,LUMINOSIDAD,FACTORES_ATMOSFERICOS,VISIBILIDAD_RESTRINGIDA,OTRA_CIRCUNSTANCIA,ACERAS,TIPO_ACCIDENTE,DENSIDAD_CIRCULACION,MEDIDAS_ESPECIALES,COD_ANIMAL
2008360001531,2008,5,07:00,DOMINGO,Pontevedra,Galicia,,"Porriño, O",1,0,0,1,1,CARRETERA,VÍAS INTERURBANAS,A-55,TITULARIDAD ESTATAL,AUTOVÍA,EN T Ó Y,,SIN DATO,NINGUNA (SOLO NORMA),SECA Y LIMPIA,CREPÚSCULO,BUEN TIEMPO,SIN RESTRICCIÓN,NINGUNA,N,Salida de la vía por la derecha con colisión (Choque con árbol o poste),FLUIDA,NINGUNA MEDIDA,Canino
2009360003317,2009,10,08:00,MIÉRCOLES,Pontevedra,Galicia,,"Porriño, O",1,0,0,1,4,CARRETERA,VÍAS INTERURBANAS,A-52,TITULARIDAD ESTATAL,AUTOVÍA,EN X Ó +,,SIN DATO,NINGUNA (SOLO NORMA),SECA Y LIMPIA,NOCHE: SIN ILUMINACIÓN,BUEN TIEMPO,SIN RESTRICCIÓN,NINGUNA,N,Atropello a animales sueltos,FLUIDA,NINGUNA MEDIDA,Jabalí
2012360002317,2012,8,11:00,VIERNES,Pontevedra,Galicia,,"Porriño, O",2,0,0,2,2,CARRETERA,VÍAS INTERURBANAS,A-52,TITULARIDAD ESTATAL,AUTOVÍA,EN X Ó +,,SIN DATO,NINGUNA (SOLO NORMA),SECA Y LIMPIA,PLENO DÍA,BUEN TIEMPO,SIN RESTRICCIÓN,NINGUNA,N,Colisión de vehículos en marcha (Alcance),FLUIDA,NINGUNA MEDIDA,Canino
2011360000393,2011,2,02:00,DOMINGO,Pontevedra,Galicia,,,1,0,0,1,1,CARRETERA,VÍAS INTERURBANAS,AP-9,TITULARIDAD ESTATAL,AUTOPISTA,EN T Ó Y,,SIN DATO,NINGUNA (SOLO NORMA),UMBRÍA,NOCHE: SIN ILUMINACIÓN,NIEBLA LIGERA,SIN RESTRICCIÓN,NINGUNA,N,Atropello a animales sueltos,FLUIDA,NINGUNA MEDIDA,Jabalí
2012360003271,2012,11,23:00,MIÉRCOLES,Pontevedra,Galicia,,Poio,1,0,0,1,1,CARRETERA,VÍAS INTERURBANAS,PO-308,TITULARIDAD AUTONÓMICA,VÍA CONVENCIONAL,EN T Ó Y,,SIN DATO,NINGUNA (SOLO NORMA),SECA Y LIMPIA,NOCHE: ILUMINACIÓN SUFICIENTE,BUEN TIEMPO,SIN RESTRICCIÓN,NINGUNA,N,Atropello a animales sueltos,FLUIDA,NINGUNA MEDIDA,Felino
2013360000366,2013,1,21:00,DOMINGO,Pontevedra,Galicia,,Poio,1,0,0,1,1,CARRETERA,VÍAS INTERURBANAS,PO-308,TITULARIDAD AUTONÓMICA,VÍA CONVENCIONAL,EN T Ó Y,,SIN DATO,NINGUNA (SOLO NORMA),SECA Y LIMPIA,NOCHE: ILUMINACIÓN SUFICIENTE,BUEN TIEMPO,SIN RESTRICCIÓN,NINGUNA,N,Atropello a animales sueltos,FLUIDA,NINGUNA MEDIDA,Canino
2008360001511,2008,5,07:00,JUEVES,Pontevedra,Galicia,,Ponteareas,1,0,0,1,1,CARRETERA,VÍAS INTERURBANAS,S/C-PO3603,TITULARIDAD MUNICIPAL,CAMINO VECINAL,ENLACE DE ENTRADA,,SIN DATO,NINGUNA (SOLO NORMA),MOJADA,PLENO DÍA,LLUVIA FUERTE,SIN RESTRICCIÓN,NINGUNA,N,Atropello a animales sueltos,FLUIDA,NINGUNA MEDIDA,Canino
2008360000715,2008,3,21:00,SÁBADO,Pontevedra,Galicia,,Ponteareas,1,0,0,1,1,CARRETERA,VÍAS INTERURBANAS,A-52,TITULARIDAD ESTATAL,AUTOVÍA,EN X Ó +,,SIN DATO,NINGUNA (SOLO NORMA),SECA Y LIMPIA,NOCHE: SIN ILUMINACIÓN,BUEN TIEMPO,SIN RESTRICCIÓN,NINGUNA,N,Atropello a animales sueltos,FLUIDA,NINGUNA MEDIDA,Jabalí
2008360001382,2008,4,23:00,SÁBADO,Pontevedra,Galicia,,Ponteareas,1,0,0,1,1,ZONA URBANA,VÍAS URBANAS,,TITULARIDAD MUNICIPAL,CAMINO VECINAL,EN T Ó Y,,SIN DATO,OTRA SEÑAL,SECA Y LIMPIA,NOCHE: ILUMINACIÓN SUFICIENTE,BUEN TIEMPO,SIN RESTRICCIÓN,NINGUNA,N,Atropello a animales sueltos,FLUIDA,NINGUNA MEDIDA,Canino
2009360000991,2009,3,22:00,DOMINGO,Pontevedra,Galicia,,Ponteareas,1,0,0,1,1,CARRETERA,VÍAS INTERURBANAS,EP-4001,"TITULARIDAD PROVINCIAL (DIPUTACIÓN, CABILDO O CONSELL)",VÍA CONVENCIONAL,EN T Ó Y,,SIN DATO,NINGUNA (SOLO NORMA),SECA Y LIMPIA,NOCHE: SIN ILUMINACIÓN,BUEN TIEMPO,SIN RESTRICCIÓN,NINGUNA,N,Atropello a animales sueltos,FLUIDA,NINGUNA MEDIDA,Jabalí
2009360003841,2009,11,21:00,LUNES,Pontevedra,Galicia,,Ponteareas,1,0,0,1,1,CARRETERA,VÍAS INTERURBANAS,A-52,TITULARIDAD ESTATAL,AUTOVÍA,EN T Ó Y,,SIN DATO,SOLO MARCAS VIALES,SECA Y LIMPIA,NOCHE: ILUMINACIÓN INSUFICIENTE,NIEBLA LIGERA,FACTORES ATMOSFÉRICOS,NINGUNA,N,Atropello a animales sueltos,FLUIDA,NINGUNA MEDIDA,Jabalí
2010360001183,2010,4,06:00,JUEVES,Pontevedra,Galicia,,Ponteareas,1,0,0,1,1,CARRETERA,VÍAS INTERURBANAS,PO-254,TITULARIDAD AUTONÓMICA,VÍA CONVENCIONAL,EN T Ó Y,,SIN DATO,NINGUNA (SOLO NORMA),SECA Y LIMPIA,CREPÚSCULO,BUEN TIEMPO,SIN RESTRICCIÓN,NINGUNA,N,Atropello a animales sueltos,FLUIDA,NINGUNA MEDIDA,Equino
2011360000139,2011,1,20:00,MARTES,Pontevedra,Galicia,,Ponteareas,1,0,0,1,1,CARRETERA,VÍAS INTERURBANAS,N-120,TITULARIDAD ESTATAL,VÍA CONVENCIONAL,EN X Ó +,,SIN DATO,SOLO MARCAS VIALES,MOJADA,NOCHE: SIN ILUMINACIÓN,BUEN TIEMPO,OTRA_CAUSA,NINGUNA,N,Atropello a animales sueltos,FLUIDA,NINGUNA MEDIDA,Jabalí
2011360001188,2011,4,06:00,DOMINGO,Pontevedra,Galicia,,Ponteareas,6,0,0,6,3,CARRETERA,VÍAS INTERURBANAS,N-120,TITULARIDAD ESTATAL,VÍA CONVENCIONAL,,GIRATORIA,CARRIL CENTRAL DE ESPERA,"SEÑAL DE ""STOP""",SECA Y LIMPIA,NOCHE: SIN ILUMINACIÓN,BUEN TIEMPO,SIN RESTRICCIÓN,NINGUNA,N,Atropello a animales sueltos,FLUIDA,NINGUNA MEDIDA,Equino
2011360003627,2011,11,21:00,DOMINGO,Pontevedra,Galicia,,Ponteareas,1,0,0,1,1,CARRETERA,VÍAS INTERURBANAS,A-52,TITULARIDAD ESTATAL,AUTOVÍA,EN X Ó +,,SIN DATO,SOLO MARCAS VIALES,SECA Y LIMPIA,NOCHE: SIN ILUMINACIÓN,NIEBLA LIGERA,FACTORES ATMOSFÉRICOS,NINGUNA,N,Atropello a animales sueltos,FLUIDA,NINGUNA MEDIDA,Jabalí
2011360000173,2011,1,21:00,SÁBADO,Pontevedra,Galicia,,Ponteareas,1,0,0,1,1,CARRETERA,VÍAS INTERURBANAS,N-120,TITULARIDAD ESTATAL,VÍA CONVENCIONAL,EN X Ó +,,SIN DATO,SOLO MARCAS VIALES,SECA Y LIMPIA,NOCHE: SIN ILUMINACIÓN,BUEN TIEMPO,SIN RESTRICCIÓN,NINGUNA,N,Atropello a animales sueltos,FLUIDA,NINGUNA MEDIDA,Vacuno
2012360002756,2012,10,07:00,MIÉRCOLES,Pontevedra,Galicia,,Ponteareas,1,0,0,1,1,CARRETERA,VÍAS INTERURBANAS,A-52,TITULARIDAD ESTATAL,AUTOVÍA,EN X Ó +,,SIN DATO,SOLO MARCAS VIALES,MOJADA,NOCHE: SIN ILUMINACIÓN,LLOVIZNANDO,FACTORES ATMOSFÉRICOS,NINGUNA,N,Atropello a animales sueltos,FLUIDA,NINGUNA MEDIDA,Felino
2013360000867,2013,3,05:15,MARTES,Pontevedra,Galicia,,Ponteareas,1,0,0,1,1,CARRETERA,VÍAS INTERURBANAS,PO-254,TITULARIDAD AUTONÓMICA,VÍA CONVENCIONAL,EN T Ó Y,,SIN DATO,NINGUNA (SOLO NORMA),SECA Y LIMPIA,NOCHE: SIN ILUMINACIÓN,BUEN TIEMPO,SIN RESTRICCIÓN,NINGUNA,N,Atropello a animales sueltos,FLUIDA,NINGUNA MEDIDA,Equino
2013360001895,2013,7,22:45,DOMINGO,Pontevedra,Galicia,,Ponteareas,1,0,0,1,1,CARRETERA,VÍAS INTERURBANAS,EP-4006,"TITULARIDAD PROVINCIAL (DIPUTACIÓN, CABILDO O CONSELL)",VÍA CONVENCIONAL,EN T Ó Y,,SIN DATO,NINGUNA (SOLO NORMA),SECA Y LIMPIA,NOCHE: ILUMINACIÓN INSUFICIENTE,BUEN TIEMPO,SIN RESTRICCIÓN,NINGUNA,N,Atropello a animales sueltos,FLUIDA,NINGUNA MEDIDA,Jabalí
2012360003473,2012,12,02:00,DOMINGO,Pontevedra,Galicia,,Ponte Caldelas,2,0,0,2,1,CARRETERA,VÍAS INTERURBANAS,SC/PO,TITULARIDAD MUNICIPAL,RAMAL DE ENLACE,EN T Ó Y,,SIN DATO,NINGUNA (SOLO NORMA),SECA Y LIMPIA,NOCHE: SIN ILUMINACIÓN,BUEN TIEMPO,SIN RESTRICCIÓN,NINGUNA,N,Atropello a animales sueltos,FLUIDA,NINGUNA MEDIDA,Equino
2013360002320,2013,8,19:30,SÁBADO,Pontevedra,Galicia,,Ponte Caldelas,2,0,0,2,1,CARRETERA,VÍAS INTERURBANAS,PO-255,TITULARIDAD AUTONÓMICA,VÍA CONVENCIONAL,EN X Ó +,,SIN DATO,NINGUNA (SOLO NORMA),SECA Y LIMPIA,PLENO DÍA,BUEN TIEMPO,SIN RESTRICCIÓN,NINGUNA,N,Otro tipo de accidente,FLUIDA,NINGUNA MEDIDA,Canino
2013360003073,2013,11,19:30,DOMINGO,Pontevedra,Galicia,,Ponte Caldelas,3,0,0,3,2,CARRETERA,VÍAS INTERURBANAS,PO-255,TITULARIDAD AUTONÓMICA,VÍA CONVENCIONAL,EN T Ó Y,,SIN DATO,SOLO MARCAS VIALES,MOJADA,NOCHE: ILUMINACIÓN INSUFICIENTE,LLOVIZNANDO,SIN RESTRICCIÓN,NINGUNA,N,Atropello a animales sueltos,FLUIDA,NINGUNA MEDIDA,Equino
2012360000762,2012,3,22:00,VIERNES,Pontevedra,Galicia,,Redondela,2,0,0,2,1,CARRETERA,VÍAS INTERURBANAS,PO-250,TITULARIDAD AUTONÓMICA,VÍA CONVENCIONAL,EN T Ó Y,,SIN DATO,NINGUNA (SOLO NORMA),SECA Y LIMPIA,NOCHE: SIN ILUMINACIÓN,BUEN TIEMPO,SIN RESTRICCIÓN,NINGUNA,N,Atropello a animales sueltos,FLUIDA,NINGUNA MEDIDA,Jabalí
2009360003255,2009,10,22:00,MARTES,Pontevedra,Galicia,,,1,0,0,1,1,CARRETERA,VÍAS INTERURBANAS,EP-9305,"TITULARIDAD PROVINCIAL (DIPUTACIÓN, CABILDO O CONSELL)",VÍA CONVENCIONAL,EN T Ó Y,,SIN DATO,NINGUNA (SOLO NORMA),SECA Y LIMPIA,NOCHE: ILUMINACIÓN SUFICIENTE,BUEN TIEMPO,SIN RESTRICCIÓN,NINGUNA,N,Atropello a animales sueltos,FLUIDA,NINGUNA MEDIDA,Equino
2009360002700,2009,8,19:00,MARTES,Pontevedra,Galicia,,,4,0,0,4,1,CARRETERA,VÍAS INTERURBANAS,PO-533,TITULARIDAD AUTONÓMICA,VÍA CONVENCIONAL,,EN X Ó +,NADA ESPECIAL,NINGUNA (SOLO NORMA),SECA Y LIMPIA,PLENO DÍA,BUEN TIEMPO,SIN RESTRICCIÓN,NINGUNA,N,Atropello a animal conducido o en rebaño,FLUIDA,NINGUNA MEDIDA,Ave
2009360001121,2009,4,00:00,LUNES,Pontevedra,Galicia,,"Rosal, O",2,0,0,2,1,CARRETERA,VÍAS INTERURBANAS,PO-552,TITULARIDAD AUTONÓMICA,VÍA CONVENCIONAL,,GIRATORIA,NADA ESPECIAL,"SEÑAL DE ""CEDA EL PASO""",SECA Y LIMPIA,NOCHE: ILUMINACIÓN INSUFICIENTE,BUEN TIEMPO,SIN RESTRICCIÓN,NINGUNA,N,Salida de la vía por la izquierda con colisión (Choque con cuneta o bordillo),FLUIDA,NINGUNA MEDIDA,Canino
2012360002343,2012,8,22:00,SÁBADO,Pontevedra,Galicia,,"Rosal, O",1,0,0,1,1,CARRETERA,VÍAS INTERURBANAS,EP-3302,"TITULARIDAD PROVINCIAL (DIPUTACIÓN, CABILDO O CONSELL)",VÍA CONVENCIONAL,EN T Ó Y,,SIN DATO,NINGUNA (SOLO NORMA),SECA Y LIMPIA,NOCHE: SIN ILUMINACIÓN,BUEN TIEMPO,CONFIGURACIÓN DEL TERRENO,NINGUNA,N,Atropello a animales sueltos,FLUIDA,NINGUNA MEDIDA,Equino
2013360003054,2013,11,07:00,VIERNES,Pontevedra,Galicia,,"Rosal, O",1,0,0,1,1,CARRETERA,VÍAS INTERURBANAS,PO-354,TITULARIDAD AUTONÓMICA,VÍA CONVENCIONAL,EN T Ó Y,,SIN DATO,SOLO MARCAS VIALES,MOJADA,NOCHE: ILUMINACIÓN INSUFICIENTE,BUEN TIEMPO,SIN RESTRICCIÓN,NINGUNA,N,Atropello a animales sueltos,FLUIDA,NINGUNA MEDIDA,Equino
2009360002980,2009,9,06:00,MARTES,Pontevedra,Galicia,,Salvaterra de Miño,1,0,0,1,2,CARRETERA,VÍAS INTERURBANAS,PO-510,TITULARIDAD AUTONÓMICA,VÍA CONVENCIONAL,EN X Ó +,,SIN DATO,SOLO MARCAS VIALES,SECA Y LIMPIA,NOCHE: SIN ILUMINACIÓN,BUEN TIEMPO,SIN RESTRICCIÓN,CAMBIO DE RASANTE,N,Otro tipo de accidente,FLUIDA,NINGUNA MEDIDA,Jabalí
2010360004220,2010,12,23:00,MIÉRCOLES,Pontevedra,Galicia,,Salvaterra de Miño,1,0,0,1,1,CARRETERA,VÍAS INTERURBANAS,PO-403,TITULARIDAD AUTONÓMICA,VÍA CONVENCIONAL,EN X Ó +,,SIN DATO,NINGUNA (SOLO NORMA),SECA Y LIMPIA,NOCHE: ILUMINACIÓN INSUFICIENTE,BUEN TIEMPO,SIN RESTRICCIÓN,NINGUNA,S,Salida de la vía por la izquierda sin colisión (Con vuelco),FLUIDA,NINGUNA MEDIDA,Canino
2011360000129,2011,1,21:00,LUNES,Pontevedra,Galicia,,Salvaterra de Miño,2,0,0,2,1,CARRETERA,VÍAS INTERURBANAS,PO-403,TITULARIDAD AUTONÓMICA,VÍA CONVENCIONAL,EN T Ó Y,,SIN DATO,NINGUNA (SOLO NORMA),MOJADA,NOCHE: SIN ILUMINACIÓN,LLOVIZNANDO,SIN RESTRICCIÓN,NINGUNA,N,Atropello a animales sueltos,FLUIDA,NINGUNA MEDIDA,Jabalí
2011360002204,2011,7,16:00,SÁBADO,Pontevedra,Galicia,,Salvaterra de Miño,1,0,0,1,1,CARRETERA,VÍAS INTERURBANAS,,TITULARIDAD MUNICIPAL,CAMINO VECINAL,ENLACE DE ENTRADA,,SIN DATO,NINGUNA (SOLO NORMA),SECA Y LIMPIA,PLENO DÍA,BUEN TIEMPO,SIN RESTRICCIÓN,NINGUNA,N,Salida de la vía por la izquierda sin colisión (Con despeñamiento),FLUIDA,NINGUNA MEDIDA,Felino
2012360003251,2012,11,19:00,MARTES,Pontevedra,Galicia,,Salvaterra de Miño,1,0,0,1,1,CARRETERA,VÍAS INTERURBANAS,PO-403,TITULARIDAD AUTONÓMICA,VÍA CONVENCIONAL,EN T Ó Y,,SIN DATO,NINGUNA (SOLO NORMA),SECA Y LIMPIA,NOCHE: ILUMINACIÓN INSUFICIENTE,BUEN TIEMPO,SIN RESTRICCIÓN,NINGUNA,N,Atropello a animales sueltos,FLUIDA,NINGUNA MEDIDA,Jabalí
2013360003491,2013,12,21:00,JUEVES,Pontevedra,Galicia,,Salvaterra de Miño,1,0,1,0,2,CARRETERA,VÍAS INTERURBANAS,PO-510,TITULARIDAD AUTONÓMICA,VÍA CONVENCIONAL,EN X Ó +,,SIN DATO,NINGUNA (SOLO NORMA),SECA Y LIMPIA,NOCHE: SIN ILUMINACIÓN,BUEN TIEMPO,CONFIGURACIÓN DEL TERRENO,NINGUNA,N,Atropello a animales sueltos,FLUIDA,NINGUNA MEDIDA,Jabalí
2008360001917,2008,6,01:00,SÁBADO,Pontevedra,Galicia,,Sanxenxo,1,0,0,1,1,CARRETERA,VÍAS INTERURBANAS,PO-308,TITULARIDAD AUTONÓMICA,VÍA CONVENCIONAL,EN X Ó +,,SIN DATO,NINGUNA (SOLO NORMA),SECA Y LIMPIA,NOCHE: ILUMINACIÓN SUFICIENTE,BUEN TIEMPO,SIN RESTRICCIÓN,NINGUNA,N,Atropello a animales sueltos,FLUIDA,NINGUNA MEDIDA,Canino
2012360002457,2012,9,22:00,MIÉRCOLES,Pontevedra,Galicia,,Sanxenxo,1,0,0,1,1,CARRETERA,VÍAS INTERURBANAS,EP-9207,"TITULARIDAD PROVINCIAL (DIPUTACIÓN, CABILDO O CONSELL)",VÍA CONVENCIONAL,,EN T Ó Y,PASO PARA PEATONES O ISLETAS EN CENTRO DE VÍA PRINCIPAL,PASO PARA PEATONES,SECA Y LIMPIA,NOCHE: ILUMINACIÓN SUFICIENTE,BUEN TIEMPO,SIN RESTRICCIÓN,NINGUNA,N,Atropello a animales sueltos,FLUIDA,NINGUNA MEDIDA,Canino
2012360002219,2012,8,22:00,LUNES,Pontevedra,Galicia,,Sanxenxo,1,0,0,1,1,CARRETERA,VÍAS INTERURBANAS,PO-308,TITULARIDAD AUTONÓMICA,VÍA CONVENCIONAL,EN T Ó Y,,SIN DATO,NINGUNA (SOLO NORMA),MOJADA,NOCHE: ILUMINACIÓN SUFICIENTE,LLOVIZNANDO,SIN RESTRICCIÓN,NINGUNA,S,Atropello a animales sueltos,FLUIDA,NINGUNA MEDIDA,Canino
2009360002935,2009,9,10:00,SÁBADO,Pontevedra,Galicia,,Silleda,1,0,0,1,1,CARRETERA,VÍAS INTERURBANAS,SC/PO,TITULARIDAD MUNICIPAL,CAMINO VECINAL,EN X Ó +,,SIN DATO,NINGUNA (SOLO NORMA),MOJADA,PLENO DÍA,NIEBLA LIGERA,FACTORES ATMOSFÉRICOS,NINGUNA,N,Salida de la vía por la derecha sin colisión (Con despeñamiento),FLUIDA,NINGUNA MEDIDA,Vacuno
2012360000243,2012,1,04:00,LUNES,Pontevedra,Galicia,,Silleda,2,0,0,2,1,CARRETERA,VÍAS INTERURBANAS,N-525,TITULARIDAD ESTATAL,VÍA CONVENCIONAL,EN X Ó +,,SIN DATO,NINGUNA (SOLO NORMA),SECA Y LIMPIA,NOCHE: ILUMINACIÓN INSUFICIENTE,BUEN TIEMPO,CONFIGURACIÓN DEL TERRENO,NINGUNA,N,Atropello a animales sueltos,FLUIDA,NINGUNA MEDIDA,Canino
2008360003452,2008,10,18:00,DOMINGO,Pontevedra,Galicia,,Tomiño,1,0,0,1,1,CARRETERA,VÍAS INTERURBANAS,PO-552,TITULARIDAD AUTONÓMICA,VÍA CONVENCIONAL,EN T Ó Y,,SIN DATO,NINGUNA (SOLO NORMA),SECA Y LIMPIA,CREPÚSCULO,BUEN TIEMPO,SIN RESTRICCIÓN,NINGUNA,N,Atropello a animales sueltos,FLUIDA,NINGUNA MEDIDA,Animal no identificado
2009360001573,2009,5,22:00,LUNES,Pontevedra,Galicia,,Tomiño,1,0,0,1,1,CARRETERA,VÍAS INTERURBANAS,PO-344,TITULARIDAD AUTONÓMICA,VÍA CONVENCIONAL,EN T Ó Y,,SIN DATO,SOLO MARCAS VIALES,SECA Y LIMPIA,NOCHE: ILUMINACIÓN SUFICIENTE,BUEN TIEMPO,SIN RESTRICCIÓN,NINGUNA,N,Atropello a animales sueltos,FLUIDA,NINGUNA MEDIDA,Canino
2010360001434,2010,5,00:00,DOMINGO,Pontevedra,Galicia,,Tomiño,3,0,0,3,1,CARRETERA,VÍAS INTERURBANAS,PO-350,TITULARIDAD AUTONÓMICA,VÍA CONVENCIONAL,EN T Ó Y,,SIN DATO,NINGUNA (SOLO NORMA),SECA Y LIMPIA,NOCHE: ILUMINACIÓN INSUFICIENTE,BUEN TIEMPO,SIN RESTRICCIÓN,NINGUNA,N,Salida de la vía por la izquierda con colisión (Choque con cuneta o bordillo),FLUIDA,NINGUNA MEDIDA,Canino
2011360002627,2011,8,05:00,LUNES,Pontevedra,Galicia,,Tomiño,1,0,0,1,1,CARRETERA,VÍAS INTERURBANAS,PO-344,TITULARIDAD AUTONÓMICA,VÍA CONVENCIONAL,EN T Ó Y,,SIN DATO,NINGUNA (SOLO NORMA),SECA Y LIMPIA,NOCHE: SIN ILUMINACIÓN,BUEN TIEMPO,SIN RESTRICCIÓN,NINGUNA,N,Atropello a animales sueltos,FLUIDA,NINGUNA MEDIDA,Equino
2011360000723,2011,3,22:00,MIÉRCOLES,Pontevedra,Galicia,,Tomiño,1,0,0,1,1,CARRETERA,VÍAS INTERURBANAS,PO-344,TITULARIDAD AUTONÓMICA,VÍA CONVENCIONAL,EN X Ó +,,SIN DATO,SOLO MARCAS VIALES,SECA Y LIMPIA,NOCHE: ILUMINACIÓN INSUFICIENTE,BUEN TIEMPO,SIN RESTRICCIÓN,NINGUNA,N,Atropello a animales sueltos,FLUIDA,NINGUNA MEDIDA,Caprino
2012360001413,2012,5,22:00,JUEVES,Pontevedra,Galicia,,Tomiño,1,0,0,1,1,CARRETERA,VÍAS INTERURBANAS,PO-350,TITULARIDAD AUTONÓMICA,VÍA CONVENCIONAL,EN T Ó Y,,SIN DATO,NINGUNA (SOLO NORMA),SECA Y LIMPIA,CREPÚSCULO,BUEN TIEMPO,SIN RESTRICCIÓN,NINGUNA,N,Atropello a animales sueltos,FLUIDA,NINGUNA MEDIDA,Canino
2012360000326,2012,1,06:00,LUNES,Pontevedra,Galicia,,Tomiño,1,0,0,1,1,CARRETERA,VÍAS INTERURBANAS,PO-552,TITULARIDAD AUTONÓMICA,VÍA CONVENCIONAL,EN T Ó Y,,SIN DATO,NINGUNA (SOLO NORMA),SECA Y LIMPIA,NOCHE: ILUMINACIÓN INSUFICIENTE,BUEN TIEMPO,SIN RESTRICCIÓN,NINGUNA,N,Atropello a animales sueltos,FLUIDA,NINGUNA MEDIDA,Jabalí
2012360002446,2012,9,00:00,MIÉRCOLES,Pontevedra,Galicia,,Tui,1,0,0,1,1,CARRETERA,VÍAS INTERURBANAS,A-55,TITULARIDAD ESTATAL,AUTOVÍA,EN X Ó +,,SIN DATO,NINGUNA (SOLO NORMA),SECA Y LIMPIA,NOCHE: SIN ILUMINACIÓN,BUEN TIEMPO,CONFIGURACIÓN DEL TERRENO,NINGUNA,N,Atropello a animales sueltos,FLUIDA,NINGUNA MEDIDA,Jabalí
2009360002219,2009,7,22:00,SÁBADO,Pontevedra,Galicia,,Valga,1,0,1,0,1,CARRETERA,VÍAS INTERURBANAS,N-550,TITULARIDAD ESTATAL,VÍA CONVENCIONAL,EN T Ó Y,,SIN DATO,NINGUNA (SOLO NORMA),SECA Y LIMPIA,CREPÚSCULO,BUEN TIEMPO,SIN RESTRICCIÓN,OTRA,N,Atropello a animales sueltos,FLUIDA,NINGUNA MEDIDA,Canino
2009360000366,2009,1,00:00,VIERNES,Pontevedra,Galicia,,Valga,1,0,0,1,1,CARRETERA,VÍAS INTERURBANAS,AP-9,TITULARIDAD ESTATAL,AUTOPISTA,EN X Ó +,,SIN DATO,NINGUNA (SOLO NORMA),MOJADA,NOCHE: ILUMINACIÓN INSUFICIENTE,LLOVIZNANDO,SIN RESTRICCIÓN,NINGUNA,N,Salida de la vía por la derecha con colisión (Otro tipo de choque),FLUIDA,NINGUNA MEDIDA,Animal no identificado
2010360003242,2010,10,06:00,MIÉRCOLES,Pontevedra,Galicia,,Valga,1,0,0,1,1,CARRETERA,VÍAS INTERURBANAS,PO-548,TITULARIDAD AUTONÓMICA,VÍA CONVENCIONAL,EN X Ó +,,SIN DATO,NINGUNA (SOLO NORMA),MOJADA,NOCHE: SIN ILUMINACIÓN,LLOVIZNANDO,CONFIGURACIÓN DEL TERRENO,NINGUNA,N,Salida de la vía por la izquierda sin colisión (En llano),FLUIDA,NINGUNA MEDIDA,Canino
2008360000386,2008,1,07:00,MIÉRCOLES,Pontevedra,Galicia,,Vigo,1,0,0,1,1,CARRETERA,VÍAS INTERURBANAS,PO-331,TITULARIDAD AUTONÓMICA,VÍA CONVENCIONAL,EN X Ó +,,SIN DATO,SOLO MARCAS VIALES,SECA Y LIMPIA,NOCHE: ILUMINACIÓN INSUFICIENTE,BUEN TIEMPO,SIN RESTRICCIÓN,NINGUNA,N,Atropello a animales sueltos,FLUIDA,NINGUNA MEDIDA,Equino
2009360000689,2009,2,22:00,MARTES,Pontevedra,Galicia,,Vigo,2,0,0,2,4,CARRETERA,VÍAS INTERURBANAS,AP-9,TITULARIDAD ESTATAL,AUTOPISTA,EN X Ó +,,SIN DATO,NINGUNA (SOLO NORMA),SECA Y LIMPIA,NOCHE: ILUMINACIÓN INSUFICIENTE,BUEN TIEMPO,SIN RESTRICCIÓN,NINGUNA,N,Atropello a animales sueltos,FLUIDA,NINGUNA MEDIDA,Jabalí
2010360000305,2010,1,19:00,SÁBADO,Pontevedra,Galicia,,Vigo,3,0,0,3,1,CARRETERA,VÍAS INTERURBANAS,EP-2005,"TITULARIDAD PROVINCIAL (DIPUTACIÓN, CABILDO O CONSELL)",VÍA CONVENCIONAL,EN T Ó Y,,SIN DATO,NINGUNA (SOLO NORMA),MOJADA,NOCHE: ILUMINACIÓN INSUFICIENTE,NIEBLA LIGERA,FACTORES ATMOSFÉRICOS,NINGUNA,N,Salida de la vía por la derecha con colisión (Choque con árbol o poste),FLUIDA,NINGUNA MEDIDA,Animal no identificado
2010360004000,2010,11,23:00,LUNES,Pontevedra,Galicia,,Vigo,1,0,0,1,1,CARRETERA,VÍAS INTERURBANAS,VG-20,TITULARIDAD ESTATAL,AUTOVÍA,EN T Ó Y,,SIN DATO,SOLO MARCAS VIALES,MOJADA,NOCHE: ILUMINACIÓN SUFICIENTE,NIEBLA LIGERA,FACTORES ATMOSFÉRICOS,NINGUNA,N,Atropello a animales sueltos,FLUIDA,NINGUNA MEDIDA,Canino
2011360003383,2011,11,15:00,MARTES,Pontevedra,Galicia,,Vigo,3,0,0,3,3,CARRETERA,VÍAS INTERURBANAS,PO-325,TITULARIDAD AUTONÓMICA,VÍA CONVENCIONAL,EN T Ó Y,,SIN DATO,NINGUNA (SOLO NORMA),MOJADA,PLENO DÍA,VIENTO FUERTE,SIN RESTRICCIÓN,NINGUNA,N,Colisión de vehículos en marcha (Alcance),FLUIDA,NINGUNA MEDIDA,Canino