ID_ACCIDENTE,ANIO,MES,HORA,DIASEMANA,PROVINCIA,COMUNIDAD_AUTONOMA,ISLA,MUNICIPIO,TOT_VICTIMAS,TOT_MUERTOS,TOT_HERIDOS_GRAVES,TOT_HERIDOS_LEVES,TOT_VEHICULOS_IMPLICADOS,ZONA,ZONA_AGRUPADA,CARRETERA,RED_CARRETERA,TIPO_VIA,TRAZADO_NO_INTERSEC,TIPO_INTERSEC,ACOND_CALZADA,PRIORIDAD,SUPERFICIE_CALZADA,LUMINOSIDAD,FACTORES_ATMOSFERICOS,VISIBILIDAD_RESTRINGIDA,OTRA_CIRCUNSTANCIA,ACERAS,TIPO_ACCIDENTE,DENSIDAD_CIRCULACION,MEDIDAS_ESPECIALES,COD_ANIMAL
2013360000817,2013,3,06:20,DOMINGO,Pontevedra,Galicia,,Vigo,4,0,0,4,1,CARRETERA,VÍAS INTERURBANAS,A-52,TITULARIDAD ESTATAL,AUTOVÍA,EN T Ó Y,,SIN DATO,NINGUNA (SOLO NORMA),MOJADA,NOCHE: SIN ILUMINACIÓN,NIEBLA LIGERA,SIN RESTRICCIÓN,NINGUNA,N,Atropello a animales sueltos,FLUIDA,NINGUNA MEDIDA,Canino
2013360002190,2013,8,00:30,DOMINGO,Pontevedra,Galicia,,Vigo,3,0,0,3,2,CARRETERA,VÍAS INTERURBANAS,AG-57,TITULARIDAD AUTONÓMICA,AUTOPISTA,EN X Ó +,,SIN DATO,NINGUNA (SOLO NORMA),SECA Y LIMPIA,NOCHE: SIN ILUMINACIÓN,BUEN TIEMPO,SIN RESTRICCIÓN,NINGUNA,N,Atropello a animales sueltos,FLUIDA,NINGUNA MEDIDA,Canino
2013360000496,2013,2,21:31,MARTES,Pontevedra,Galicia,,Vigo,3,0,0,3,2,CARRETERA,VÍAS INTERURBANAS,A-55,TITULARIDAD ESTATAL,AUTOVÍA,EN T Ó Y,,SIN DATO,NINGUNA (SOLO NORMA),MOJADA,NOCHE: ILUMINACIÓN INSUFICIENTE,LLOVIZNANDO,SIN RESTRICCIÓN,NINGUNA,N,Colisión de vehículos en marcha (Alcance),FLUIDA,NINGUNA MEDIDA,Canino
2013360000563,2013,2,06:35,MARTES,Pontevedra,Galicia,,Vigo,2,0,0,2,3,CARRETERA,VÍAS INTERURBANAS,VG-20,TITULARIDAD ESTATAL,AUTOVÍA,EN X Ó +,,SIN DATO,NINGUNA (SOLO NORMA),SECA Y LIMPIA,NOCHE: ILUMINACIÓN INSUFICIENTE,BUEN TIEMPO,SIN RESTRICCIÓN,NINGUNA,N,Colisión de vehículo con obstáculo en calzada (Otro objeto o material),FLUIDA,NINGUNA MEDIDA,Canino
2011360003999,2011,12,23:00,MIÉRCOLES,Pontevedra,Galicia,,Vilaboa,1,0,0,1,1,CARRETERA,VÍAS INTERURBANAS,N-550,TITULARIDAD ESTATAL,VÍA CONVENCIONAL,EN T Ó Y,,SIN DATO,NINGUNA (SOLO NORMA),SECA Y LIMPIA,NOCHE: ILUMINACIÓN INSUFICIENTE,BUEN TIEMPO,SIN RESTRICCIÓN,NINGUNA,N,Atropello a animales sueltos,FLUIDA,NINGUNA MEDIDA,Jabalí
2011360001252,2011,4,02:00,DOMINGO,Pontevedra,Galicia,,Vilaboa,1,0,0,1,1,CARRETERA,VÍAS INTERURBANAS,EP-0002,"TITULARIDAD PROVINCIAL (DIPUTACIÓN, CABILDO O CONSELL)",VÍA CONVENCIONAL,EN T Ó Y,,SIN DATO,NINGUNA (SOLO NORMA),SECA Y LIMPIA,NOCHE: ILUMINACIÓN SUFICIENTE,BUEN TIEMPO,SIN RESTRICCIÓN,NINGUNA,N,Atropello a animales sueltos,FLUIDA,NINGUNA MEDIDA,Canino
2013360001921,2013,7,11:10,MARTES,Pontevedra,Galicia,,Vilaboa,1,0,0,1,1,CARRETERA,VÍAS INTERURBANAS,N-550,TITULARIDAD ESTATAL,VÍA CONVENCIONAL,EN T Ó Y,,SIN DATO,NINGUNA (SOLO NORMA),SECA Y LIMPIA,PLENO DÍA,BUEN TIEMPO,SIN RESTRICCIÓN,NINGUNA,N,Atropello a animales sueltos,FLUIDA,NINGUNA MEDIDA,Canino
2013360003489,2013,12,12:30,VIERNES,Pontevedra,Galicia,,Vilaboa,1,0,0,1,3,CARRETERA,VÍAS INTERURBANAS,EP-0103,"TITULARIDAD PROVINCIAL (DIPUTACIÓN, CABILDO O CONSELL)",VÍA CONVENCIONAL,EN T Ó Y,,SIN DATO,NINGUNA (SOLO NORMA),SECA Y LIMPIA,PLENO DÍA,BUEN TIEMPO,SIN RESTRICCIÓN,NINGUNA,N,Atropello a animales sueltos,FLUIDA,NINGUNA MEDIDA,Jabalí
2011360002969,2011,9,23:00,VIERNES,Pontevedra,Galicia,,Vila de Cruces,1,0,0,1,1,CARRETERA,VÍAS INTERURBANAS,PO-960,TITULARIDAD AUTONÓMICA,VÍA CONVENCIONAL,EN T Ó Y,,SIN DATO,NINGUNA (SOLO NORMA),SECA Y LIMPIA,NOCHE: SIN ILUMINACIÓN,BUEN TIEMPO,VEGETACIÓN,NINGUNA,N,Atropello a animales sueltos,FLUIDA,NINGUNA MEDIDA,Jabalí
2010360004266,2010,12,03:00,SÁBADO,Pontevedra,Galicia,,Vilagarcía de Arousa,1,0,0,1,1,CARRETERA,VÍAS INTERURBANAS,PO-305,TITULARIDAD AUTONÓMICA,VÍA CONVENCIONAL,EN X Ó +,,SIN DATO,NINGUNA (SOLO NORMA),SECA Y LIMPIA,NOCHE: SIN ILUMINACIÓN,BUEN TIEMPO,SIN RESTRICCIÓN,NINGUNA,N,Atropello a animales sueltos,FLUIDA,NINGUNA MEDIDA,Canino
2013360002504,2013,9,18:45,MIÉRCOLES,Pontevedra,Galicia,,Vilagarcía de Arousa,1,0,0,1,1,CARRETERA,VÍAS INTERURBANAS,PO-301,TITULARIDAD AUTONÓMICA,VÍA CONVENCIONAL,EN T Ó Y,,SIN DATO,NINGUNA (SOLO NORMA),SECA Y LIMPIA,PLENO DÍA,BUEN TIEMPO,SIN RESTRICCIÓN,NINGUNA,N,Atropello a animales sueltos,FLUIDA,NINGUNA MEDIDA,Jabalí
2011360001093,2011,4,23:00,LUNES,Pontevedra,Galicia,,Vilanova de Arousa,1,0,0,1,1,CARRETERA,VÍAS INTERURBANAS,PO-549,TITULARIDAD AUTONÓMICA,VÍA CONVENCIONAL,EN T Ó Y,,SIN DATO,NINGUNA (SOLO NORMA),SECA Y LIMPIA,NOCHE: ILUMINACIÓN SUFICIENTE,BUEN TIEMPO,SIN RESTRICCIÓN,NINGUNA,N,Atropello a animales sueltos,FLUIDA,NINGUNA MEDIDA,Canino
2008370001135,2008,10,16:00,VIERNES,Salamanca,Castilla y León,,Alba de Tormes,1,0,1,0,1,CARRETERA,VÍAS INTERURBANAS,SA-114,TITULARIDAD AUTONÓMICA,VÍA CONVENCIONAL,EN T Ó Y,,SIN DATO,NINGUNA (SOLO NORMA),SECA Y LIMPIA,PLENO DÍA,BUEN TIEMPO,SIN RESTRICCIÓN,NINGUNA,N,Vuelco en la calzada,FLUIDA,NINGUNA MEDIDA,Felino
2012370001472,2012,12,19:00,VIERNES,Salamanca,Castilla y León,,,1,0,0,1,1,CARRETERA,VÍAS INTERURBANAS,SA-213,"TITULARIDAD PROVINCIAL (DIPUTACIÓN, CABILDO O CONSELL)",VÍA CONVENCIONAL,,EN X Ó +,NADA ESPECIAL,OTRA SEÑAL,SECA Y LIMPIA,NOCHE: ILUMINACIÓN INSUFICIENTE,BUEN TIEMPO,CONFIGURACIÓN DEL TERRENO,ESTRECHAMIENTO,N,Atropello a animales sueltos,FLUIDA,NINGUNA MEDIDA,Equino
2010370000899,2010,8,17:00,JUEVES,Salamanca,Castilla y León,,,1,1,0,0,1,CARRETERA,VÍAS INTERURBANAS,SA-200,TITULARIDAD AUTONÓMICA,VÍA CONVENCIONAL,EN T Ó Y,,SIN DATO,NINGUNA (SOLO NORMA),SECA Y LIMPIA,PLENO DÍA,BUEN TIEMPO,SIN RESTRICCIÓN,NINGUNA,N,Otro tipo de accidente,FLUIDA,NINGUNA MEDIDA,Ave
2011370000352,2011,4,14:00,LUNES,Salamanca,Castilla y León,,,1,0,0,1,1,CARRETERA,VÍAS INTERURBANAS,DSA-663,"TITULARIDAD PROVINCIAL (DIPUTACIÓN, CABILDO O CONSELL)",VÍA CONVENCIONAL,EN T Ó Y,,SIN DATO,NINGUNA (SOLO NORMA),SECA Y LIMPIA,PLENO DÍA,BUEN TIEMPO,SIN RESTRICCIÓN,NINGUNA,N,Atropello a animales sueltos,FLUIDA,NINGUNA MEDIDA,Ovino
2012370000086,2012,1,20:00,LUNES,Salamanca,Castilla y León,,,1,0,0,1,2,CARRETERA,VÍAS INTERURBANAS,DSA-650,OTRAS TITULARIDADES,VÍA CONVENCIONAL,EN T Ó Y,,SIN DATO,NINGUNA (SOLO NORMA),SECA Y LIMPIA,NOCHE: SIN ILUMINACIÓN,BUEN TIEMPO,SIN RESTRICCIÓN,NINGUNA,N,Atropello a animales sueltos,CONGESTIONADA,NINGUNA MEDIDA,Jabalí
2013370000915,2013,8,23:30,SÁBADO,Salamanca,Castilla y León,,Béjar,2,0,0,2,2,CARRETERA,VÍAS INTERURBANAS,N-630a,TITULARIDAD ESTATAL,VÍA CONVENCIONAL,ENLACE DE ENTRADA,,SIN DATO,NINGUNA (SOLO NORMA),SECA Y LIMPIA,NOCHE: SIN ILUMINACIÓN,BUEN TIEMPO,CONFIGURACIÓN DEL TERRENO,OTRA,N,Colisión de vehículos en marcha (Alcance),FLUIDA,NINGUNA MEDIDA,Jabalí
2011370000043,2011,1,20:00,MIÉRCOLES,Salamanca,Castilla y León,,,1,0,0,1,1,CARRETERA,VÍAS INTERURBANAS,N-630,TITULARIDAD ESTATAL,VÍA CONVENCIONAL,EN X Ó +,,SIN DATO,NINGUNA (SOLO NORMA),SECA Y LIMPIA,NOCHE: SIN ILUMINACIÓN,BUEN TIEMPO,CONFIGURACIÓN DEL TERRENO,NINGUNA,N,Atropello a animales sueltos,FLUIDA,NINGUNA MEDIDA,Vacuno
2013370000397,2013,3,23:30,DOMINGO,Salamanca,Castilla y León,,,1,0,0,1,1,CARRETERA,VÍAS INTERURBANAS,SA-201,TITULARIDAD AUTONÓMICA,VÍA CONVENCIONAL,EN X Ó +,,SIN DATO,NINGUNA (SOLO NORMA),MOJADA,NOCHE: ILUMINACIÓN INSUFICIENTE,LLOVIZNANDO,FACTORES ATMOSFÉRICOS,OBRAS,N,Atropello a animales sueltos,FLUIDA,NINGUNA MEDIDA,Liebre
2009370000525,2009,4,02:00,MARTES,Salamanca,Castilla y León,,,1,0,1,0,1,CARRETERA,VÍAS INTERURBANAS,SA-804,TITULARIDAD AUTONÓMICA,VÍA CONVENCIONAL,EN T Ó Y,,SIN DATO,NINGUNA (SOLO NORMA),SECA Y LIMPIA,NOCHE: SIN ILUMINACIÓN,BUEN TIEMPO,SIN RESTRICCIÓN,NINGUNA,N,Atropello a animales sueltos,FLUIDA,NINGUNA MEDIDA,Canino
2008370001112,2008,10,17:00,VIERNES,Salamanca,Castilla y León,,,1,0,0,1,2,CARRETERA,VÍAS INTERURBANAS,CL-510,TITULARIDAD AUTONÓMICA,VÍA CONVENCIONAL,EN T Ó Y,,SIN DATO,NINGUNA (SOLO NORMA),SECA Y LIMPIA,PLENO DÍA,BUEN TIEMPO,SIN RESTRICCIÓN,NINGUNA,N,Colisión de vehículos en marcha (Alcance),FLUIDA,NINGUNA MEDIDA,Canino
2010370001121,2010,9,20:00,MARTES,Salamanca,Castilla y León,,,1,0,0,1,1,CARRETERA,VÍAS INTERURBANAS,N-630,TITULARIDAD ESTATAL,VÍA CONVENCIONAL,EN T Ó Y,,SIN DATO,NINGUNA (SOLO NORMA),SECA Y LIMPIA,NOCHE: SIN ILUMINACIÓN,BUEN TIEMPO,SIN RESTRICCIÓN,NINGUNA,N,Salida de la vía por la derecha con colisión (Choque con cuneta o bordillo),FLUIDA,NINGUNA MEDIDA,Animal no identificado
2010370000796,2010,7,01:00,DOMINGO,Salamanca,Castilla y León,,,1,0,0,1,1,CARRETERA,VÍAS INTERURBANAS,,"TITULARIDAD PROVINCIAL (DIPUTACIÓN, CABILDO O CONSELL)",CAMINO VECINAL,EN T Ó Y,,SIN DATO,NINGUNA (SOLO NORMA),GRAVILLA SUELTA,NOCHE: SIN ILUMINACIÓN,BUEN TIEMPO,SIN RESTRICCIÓN,OBRAS,N,Atropello a animales sueltos,FLUIDA,NINGUNA MEDIDA,Jabalí
2010370001277,2010,11,19:00,JUEVES,Salamanca,Castilla y León,,,1,0,0,1,1,CARRETERA,VÍAS INTERURBANAS,A-62,TITULARIDAD ESTATAL,AUTOVÍA,EN X Ó +,,SIN DATO,NINGUNA (SOLO NORMA),SECA Y LIMPIA,NOCHE: SIN ILUMINACIÓN,BUEN TIEMPO,SIN RESTRICCIÓN,NINGUNA,N,Atropello a animales sueltos,FLUIDA,NINGUNA MEDIDA,Canino
2011370001321,2011,11,09:00,VIERNES,Salamanca,Castilla y León,,,2,0,0,2,1,CARRETERA,VÍAS INTERURBANAS,N-620,TITULARIDAD ESTATAL,VÍA CONVENCIONAL,EN T Ó Y,,SIN DATO,NINGUNA (SOLO NORMA),SECA Y LIMPIA,PLENO DÍA,BUEN TIEMPO,SIN RESTRICCIÓN,NINGUNA,N,Salida de la vía por la derecha con colisión (Otro tipo de choque),FLUIDA,NINGUNA MEDIDA,Canino
2011370000565,2011,6,20:00,LUNES,Salamanca,Castilla y León,,,1,0,1,0,1,CARRETERA,VÍAS INTERURBANAS,N-620,TITULARIDAD ESTATAL,VÍA CONVENCIONAL,EN T Ó Y,,SIN DATO,NINGUNA (SOLO NORMA),SECA Y LIMPIA,PLENO DÍA,BUEN TIEMPO,SIN RESTRICCIÓN,NINGUNA,N,Atropello a animales sueltos,FLUIDA,NINGUNA MEDIDA,Canino
2012370001131,2012,10,11:00,VIERNES,Salamanca,Castilla y León,,,1,0,0,1,1,CARRETERA,VÍAS INTERURBANAS,N-620,TITULARIDAD ESTATAL,VÍA CONVENCIONAL,EN T Ó Y,,SIN DATO,NINGUNA (SOLO NORMA),SECA Y LIMPIA,PLENO DÍA,BUEN TIEMPO,SIN RESTRICCIÓN,NINGUNA,N,Otro tipo de accidente,FLUIDA,NINGUNA MEDIDA,Canino
2011370001266,2011,11,15:00,MIÉRCOLES,Salamanca,Castilla y León,,,1,0,0,1,1,CARRETERA,VÍAS INTERURBANAS,CL-517,TITULARIDAD AUTONÓMICA,VÍA CONVENCIONAL,EN T Ó Y,,SIN DATO,NINGUNA (SOLO NORMA),MOJADA,PLENO DÍA,LLOVIZNANDO,SIN RESTRICCIÓN,NINGUNA,N,Salida de la vía por la izquierda con colisión (Choque con cuneta o bordillo),FLUIDA,NINGUNA MEDIDA,Animal no identificado
2008370000332,2008,3,20:00,DOMINGO,Salamanca,Castilla y León,,,2,0,0,2,1,CARRETERA,VÍAS INTERURBANAS,SA-104,TITULARIDAD AUTONÓMICA,VÍA CONVENCIONAL,EN T Ó Y,,SIN DATO,NINGUNA (SOLO NORMA),SECA Y LIMPIA,NOCHE: SIN ILUMINACIÓN,BUEN TIEMPO,SIN RESTRICCIÓN,NINGUNA,N,Atropello a animales sueltos,FLUIDA,NINGUNA MEDIDA,Vacuno
2009370000893,2009,8,00:00,SÁBADO,Salamanca,Castilla y León,,,1,0,0,1,1,CARRETERA,VÍAS INTERURBANAS,SA-104,TITULARIDAD AUTONÓMICA,VÍA CONVENCIONAL,EN T Ó Y,,SIN DATO,NINGUNA (SOLO NORMA),SECA Y LIMPIA,NOCHE: SIN ILUMINACIÓN,BUEN TIEMPO,SIN RESTRICCIÓN,NINGUNA,N,Otro tipo de accidente,FLUIDA,NINGUNA MEDIDA,Animal no identificado
2011370001101,2011,10,22:00,VIERNES,Salamanca,Castilla y León,,Ciudad Rodrigo,1,0,0,1,2,CARRETERA,VÍAS INTERURBANAS,A-62,TITULARIDAD ESTATAL,AUTOVÍA,EN T Ó Y,,SIN DATO,NINGUNA (SOLO NORMA),SECA Y LIMPIA,NOCHE: ILUMINACIÓN INSUFICIENTE,BUEN TIEMPO,OTRA_CAUSA,NINGUNA,N,Colisión de vehículo con obstáculo en calzada (Vehículo estacionado o averiado),FLUIDA,NINGUNA MEDIDA,Zorro
2012370000017,2012,1,06:00,VIERNES,Salamanca,Castilla y León,,Ciudad Rodrigo,2,0,1,1,1,CARRETERA,VÍAS INTERURBANAS,CL-526,TITULARIDAD AUTONÓMICA,VÍA CONVENCIONAL,EN T Ó Y,,SIN DATO,NINGUNA (SOLO NORMA),SECA Y LIMPIA,NOCHE: SIN ILUMINACIÓN,NIEBLA INTENSA,FACTORES ATMOSFÉRICOS,NINGUNA,N,Atropello a animales sueltos,FLUIDA,NINGUNA MEDIDA,Equino
2013370000504,2013,5,06:30,DOMINGO,Salamanca,Castilla y León,,Ciudad Rodrigo,1,0,0,1,1,CARRETERA,VÍAS INTERURBANAS,A-62,TITULARIDAD ESTATAL,AUTOVÍA,EN T Ó Y,,SIN DATO,NINGUNA (SOLO NORMA),SECA Y LIMPIA,NOCHE: SIN ILUMINACIÓN,BUEN TIEMPO,SIN RESTRICCIÓN,NINGUNA,N,Atropello a animales sueltos,FLUIDA,NINGUNA MEDIDA,Canino
2010370000150,2010,1,07:00,DOMINGO,Salamanca,Castilla y León,,,1,0,0,1,1,CARRETERA,VÍAS INTERURBANAS,CL-517,TITULARIDAD AUTONÓMICA,VÍA CONVENCIONAL,EN T Ó Y,,SIN DATO,NINGUNA (SOLO NORMA),SECA Y LIMPIA,CREPÚSCULO,BUEN TIEMPO,SIN RESTRICCIÓN,NINGUNA,N,Salida de la vía por la derecha sin colisión (Con vuelco),FLUIDA,NINGUNA MEDIDA,Vacuno
2011370001454,2011,12,19:00,DOMINGO,Salamanca,Castilla y León,,,1,0,0,1,1,CARRETERA,VÍAS INTERURBANAS,CV-040,"TITULARIDAD PROVINCIAL (DIPUTACIÓN, CABILDO O CONSELL)",VÍA CONVENCIONAL,EN T Ó Y,,SIN DATO,NINGUNA (SOLO NORMA),SECA Y LIMPIA,NOCHE: SIN ILUMINACIÓN,BUEN TIEMPO,SIN RESTRICCIÓN,NINGUNA,N,Atropello a animales sueltos,FLUIDA,NINGUNA MEDIDA,Canino
2013370001378,2013,11,21:10,SÁBADO,Salamanca,Castilla y León,,,1,0,0,1,1,CARRETERA,VÍAS INTERURBANAS,A-50,TITULARIDAD ESTATAL,AUTOVÍA,EN T Ó Y,,SIN DATO,SOLO MARCAS VIALES,MOJADA,NOCHE: SIN ILUMINACIÓN,LLUVIA FUERTE,FACTORES ATMOSFÉRICOS,NINGUNA,N,Atropello a animales sueltos,FLUIDA,NINGUNA MEDIDA,Jabalí
2009370000175,2009,1,20:00,MARTES,Salamanca,Castilla y León,,,1,0,0,1,1,CARRETERA,VÍAS INTERURBANAS,N-620,TITULARIDAD ESTATAL,VÍA CONVENCIONAL,EN T Ó Y,,SIN DATO,NINGUNA (SOLO NORMA),MOJADA,NOCHE: SIN ILUMINACIÓN,NEVANDO,FACTORES ATMOSFÉRICOS,NINGUNA,N,Atropello a animales sueltos,FLUIDA,NINGUNA MEDIDA,Equino
2013370000050,2013,1,13:00,VIERNES,Salamanca,Castilla y León,,,2,0,1,1,2,CARRETERA,VÍAS INTERURBANAS,A-62,TITULARIDAD ESTATAL,AUTOVÍA,EN X Ó +,,SIN DATO,NINGUNA (SOLO NORMA),SECA Y LIMPIA,PLENO DÍA,BUEN TIEMPO,SIN RESTRICCIÓN,NINGUNA,N,Atropello a animales sueltos,FLUIDA,NINGUNA MEDIDA,Canino
2012370000663,2012,6,18:00,DOMINGO,Salamanca,Castilla y León,,,1,0,0,1,1,CARRETERA,VÍAS INTERURBANAS,CP-001,"TITULARIDAD PROVINCIAL (DIPUTACIÓN, CABILDO O CONSELL)",VÍA CONVENCIONAL,EN T Ó Y,,SIN DATO,NINGUNA (SOLO NORMA),SECA Y LIMPIA,PLENO DÍA,BUEN TIEMPO,SIN RESTRICCIÓN,NINGUNA,N,Salida de la vía por la derecha con colisión (Choque con cuneta o bordillo),FLUIDA,NINGUNA MEDIDA,Animal no identificado
2009370000216,2009,2,06:00,LUNES,Salamanca,Castilla y León,,,1,0,0,1,1,CARRETERA,VÍAS INTERURBANAS,CV-175,"TITULARIDAD PROVINCIAL (DIPUTACIÓN, CABILDO O CONSELL)",VÍA CONVENCIONAL,EN T Ó Y,,SIN DATO,NINGUNA (SOLO NORMA),SECA Y LIMPIA,NOCHE: ILUMINACIÓN INSUFICIENTE,NIEBLA LIGERA,FACTORES ATMOSFÉRICOS,NINGUNA,N,Atropello a animales sueltos,FLUIDA,NINGUNA MEDIDA,Vacuno
2012370001091,2012,9,03:00,MARTES,Salamanca,Castilla y León,,,1,0,0,1,1,CARRETERA,VÍAS INTERURBANAS,SA-113,TITULARIDAD AUTONÓMICA,VÍA CONVENCIONAL,EN X Ó +,,SIN DATO,NINGUNA (SOLO NORMA),SECA Y LIMPIA,NOCHE: SIN ILUMINACIÓN,BUEN TIEMPO,SIN RESTRICCIÓN,NINGUNA,N,Atropello a animales sueltos,FLUIDA,NINGUNA MEDIDA,Jabalí
2010370000481,2010,4,13:00,SÁBADO,Salamanca,Castilla y León,,Guijuelo,1,0,0,1,1,CARRETERA,VÍAS INTERURBANAS,A-66,TITULARIDAD ESTATAL,AUTOVÍA,EN T Ó Y,,SIN DATO,NINGUNA (SOLO NORMA),SECA Y LIMPIA,PLENO DÍA,BUEN TIEMPO,SIN RESTRICCIÓN,NINGUNA,N,Colisión de vehículo con obstáculo en calzada (Valla de defensa),FLUIDA,NINGUNA MEDIDA,Canino
2008370000178,2008,2,15:00,MIÉRCOLES,Salamanca,Castilla y León,,,1,0,1,0,1,CARRETERA,VÍAS INTERURBANAS,CV-04,"TITULARIDAD PROVINCIAL (DIPUTACIÓN, CABILDO O CONSELL)",CAMINO VECINAL,EN X Ó +,,SIN DATO,NINGUNA (SOLO NORMA),SECA Y LIMPIA,PLENO DÍA,BUEN TIEMPO,SIN RESTRICCIÓN,NINGUNA,N,Salida de la vía por la izquierda sin colisión (Con vuelco),FLUIDA,NINGUNA MEDIDA,Animal no identificado
2009370001048,2009,9,07:00,MARTES,Salamanca,Castilla y León,,,1,0,0,1,1,CARRETERA,VÍAS INTERURBANAS,CM-319,TITULARIDAD MUNICIPAL,CAMINO VECINAL,EN X Ó +,,SIN DATO,NINGUNA (SOLO NORMA),SECA Y LIMPIA,NOCHE: ILUMINACIÓN SUFICIENTE,BUEN TIEMPO,SIN RESTRICCIÓN,NINGUNA,N,Atropello a animales sueltos,FLUIDA,NINGUNA MEDIDA,Equino
2008370001007,2008,9,21:00,MARTES,Salamanca,Castilla y León,,,2,0,0,2,1,CARRETERA,VÍAS INTERURBANAS,CL-510,TITULARIDAD AUTONÓMICA,VÍA CONVENCIONAL,EN T Ó Y,,SIN DATO,NINGUNA (SOLO NORMA),SECA Y LIMPIA,NOCHE: SIN ILUMINACIÓN,BUEN TIEMPO,SIN RESTRICCIÓN,NINGUNA,N,Atropello a animales sueltos,FLUIDA,NINGUNA MEDIDA,Vacuno
2011370000979,2011,9,21:00,MIÉRCOLES,Salamanca,Castilla y León,,,2,0,1,1,1,CARRETERA,VÍAS INTERURBANAS,CL-510,TITULARIDAD AUTONÓMICA,VÍA CONVENCIONAL,EN T Ó Y,,SIN DATO,NINGUNA (SOLO NORMA),SECA Y LIMPIA,NOCHE: SIN ILUMINACIÓN,BUEN TIEMPO,SIN RESTRICCIÓN,NINGUNA,N,Atropello a animales sueltos,FLUIDA,NINGUNA MEDIDA,Equino
2012370000025,2012,1,05:00,LUNES,Salamanca,Castilla y León,,,1,0,0,1,1,CARRETERA,VÍAS INTERURBANAS,SA-300,TITULARIDAD AUTONÓMICA,VÍA CONVENCIONAL,EN T Ó Y,,SIN DATO,NINGUNA (SOLO NORMA),SECA Y LIMPIA,NOCHE: SIN ILUMINACIÓN,NIEBLA INTENSA,SIN RESTRICCIÓN,NINGUNA,N,Atropello a animales sueltos,FLUIDA,NINGUNA MEDIDA,Vacuno
2011370000248,2011,2,20:00,SÁBADO,Salamanca,Castilla y León,,,1,0,0,1,2,CARRETERA,VÍAS INTERURBANAS,SA-300,TITULARIDAD AUTONÓMICA,VÍA CONVENCIONAL,EN T Ó Y,,SIN DATO,NINGUNA (SOLO NORMA),SECA Y LIMPIA,NOCHE: ILUMINACIÓN INSUFICIENTE,BUEN TIEMPO,SIN RESTRICCIÓN,NINGUNA,N,Colisión de vehículos en marcha (Frontal),FLUIDA,NINGUNA MEDIDA,Jabalí
2012370001133,2012,10,19:00,SÁBADO,Salamanca,Castilla y León,,,1,0,0,1,1,CARRETERA,VÍAS INTERURBANAS,CM-105,"TITULARIDAD PROVINCIAL (DIPUTACIÓN, CABILDO O CONSELL)",VÍA CONVENCIONAL,EN T Ó Y,,SIN DATO,NINGUNA (SOLO NORMA),SECA Y LIMPIA,PLENO DÍA,BUEN TIEMPO,SIN RESTRICCIÓN,NINGUNA,N,Atropello a animal conducido o en rebaño,FLUIDA,NINGUNA MEDIDA,Equino
2011370000400,2011,4,22:00,JUEVES,Salamanca,Castilla y León,,,1,0,0,1,1,CARRETERA,VÍAS INTERURBANAS,N-501,TITULARIDAD ESTATAL,VÍA CONVENCIONAL,EN T Ó Y,,SIN DATO,NINGUNA (SOLO NORMA),MOJADA,NOCHE: SIN ILUMINACIÓN,LLOVIZNANDO,SIN RESTRICCIÓN,NINGUNA,N,Atropello a animales sueltos,FLUIDA,NINGUNA MEDIDA,Jabalí
2010370000768,2010,7,18:00,DOMINGO,Salamanca,Castilla y León,,,1,0,0,1,1,CARRETERA,VÍAS INTERURBANAS,,TITULARIDAD MUNICIPAL,CAMINO VECINAL,EN X Ó +,,SIN DATO,NINGUNA (SOLO NORMA),SECA Y LIMPIA,PLENO DÍA,BUEN TIEMPO,SIN RESTRICCIÓN,NINGUNA,N,Atropello a animales sueltos,FLUIDA,NINGUNA MEDIDA,Canino
2013370001583,2013,12,19:45,DOMINGO,Salamanca,Castilla y León,,,1,0,0,1,1,CARRETERA,VÍAS INTERURBANAS,N-630,TITULARIDAD ESTATAL,VÍA CONVENCIONAL,EN T Ó Y,,SIN DATO,NINGUNA (SOLO NORMA),SECA Y LIMPIA,NOCHE: ILUMINACIÓN INSUFICIENTE,BUEN TIEMPO,SIN RESTRICCIÓN,NINGUNA,N,Atropello a animales sueltos,FLUIDA,NINGUNA MEDIDA,Canino
2008370000652,2008,6,13:00,LUNES,Salamanca,Castilla y León,,,2,0,0,2,1,CARRETERA,VÍAS INTERURBANAS,N-630,TITULARIDAD ESTATAL,VÍA CONVENCIONAL,EN X Ó +,,SIN DATO,NINGUNA (SOLO NORMA),SECA Y LIMPIA,PLENO DÍA,BUEN TIEMPO,SIN RESTRICCIÓN,NINGUNA,N,Salida de la vía por la izquierda con colisión (Choque con cuneta o bordillo),FLUIDA,NINGUNA MEDIDA,Canino