ID_ACCIDENTE,ANIO,MES,HORA,DIASEMANA,PROVINCIA,COMUNIDAD_AUTONOMA,ISLA,MUNICIPIO,TOT_VICTIMAS,TOT_MUERTOS,TOT_HERIDOS_GRAVES,TOT_HERIDOS_LEVES,TOT_VEHICULOS_IMPLICADOS,ZONA,ZONA_AGRUPADA,CARRETERA,RED_CARRETERA,TIPO_VIA,TRAZADO_NO_INTERSEC,TIPO_INTERSEC,ACOND_CALZADA,PRIORIDAD,SUPERFICIE_CALZADA,LUMINOSIDAD,FACTORES_ATMOSFERICOS,VISIBILIDAD_RESTRINGIDA,OTRA_CIRCUNSTANCIA,ACERAS,TIPO_ACCIDENTE,DENSIDAD_CIRCULACION,MEDIDAS_ESPECIALES,COD_ANIMAL
2009370001204,2009,11,18:00,JUEVES,Salamanca,Castilla y León,,,1,0,0,1,1,CARRETERA,VÍAS INTERURBANAS,CL-512,TITULARIDAD AUTONÓMICA,VÍA CONVENCIONAL,EN T Ó Y,,SIN DATO,NINGUNA (SOLO NORMA),SECA Y LIMPIA,NOCHE: SIN ILUMINACIÓN,BUEN TIEMPO,SIN RESTRICCIÓN,NINGUNA,N,Atropello a animales sueltos,FLUIDA,NINGUNA MEDIDA,Jabalí
2011370001302,2011,11,21:00,DOMINGO,Salamanca,Castilla y León,,,1,0,0,1,1,CARRETERA,VÍAS INTERURBANAS,N-630,TITULARIDAD ESTATAL,VÍA CONVENCIONAL,EN X Ó +,,SIN DATO,NINGUNA (SOLO NORMA),SECA Y LIMPIA,NOCHE: SIN ILUMINACIÓN,BUEN TIEMPO,SIN RESTRICCIÓN,NINGUNA,N,Atropello a animales sueltos,FLUIDA,NINGUNA MEDIDA,Jabalí
2013370000353,2013,3,21:15,SÁBADO,Salamanca,Castilla y León,,,2,0,0,2,1,CARRETERA,VÍAS INTERURBANAS,N-630,TITULARIDAD ESTATAL,VÍA CONVENCIONAL,EN T Ó Y,,SIN DATO,NINGUNA (SOLO NORMA),SECA Y LIMPIA,NOCHE: SIN ILUMINACIÓN,BUEN TIEMPO,SIN RESTRICCIÓN,NINGUNA,N,Atropello a animales sueltos,FLUIDA,NINGUNA MEDIDA,Canino
2013370000624,2013,5,05:05,VIERNES,Salamanca,Castilla y León,,,1,0,0,1,1,CARRETERA,VÍAS INTERURBANAS,N-630,TITULARIDAD ESTATAL,VÍA CONVENCIONAL,EN X Ó +,,SIN DATO,SOLO MARCAS VIALES,SECA Y LIMPIA,NOCHE: SIN ILUMINACIÓN,BUEN TIEMPO,CONFIGURACIÓN DEL TERRENO,NINGUNA,N,Atropello a animales sueltos,FLUIDA,NINGUNA MEDIDA,Vacuno
2012370001094,2012,9,06:00,MARTES,Salamanca,Castilla y León,,,1,0,0,1,1,CARRETERA,VÍAS INTERURBANAS,N-620,TITULARIDAD ESTATAL,VÍA CONVENCIONAL,EN T Ó Y,,SIN DATO,NINGUNA (SOLO NORMA),MOJADA,NOCHE: SIN ILUMINACIÓN,LLOVIZNANDO,FACTORES ATMOSFÉRICOS,NINGUNA,N,Atropello a animales sueltos,FLUIDA,NINGUNA MEDIDA,Zorro
2013370001199,2013,10,22:45,MARTES,Salamanca,Castilla y León,,,1,0,0,1,1,CARRETERA,VÍAS INTERURBANAS,N-630,TITULARIDAD ESTATAL,VÍA CONVENCIONAL,EN T Ó Y,,SIN DATO,NINGUNA (SOLO NORMA),SECA Y LIMPIA,NOCHE: SIN ILUMINACIÓN,BUEN TIEMPO,SIN RESTRICCIÓN,NINGUNA,N,Atropello a animales sueltos,FLUIDA,NINGUNA MEDIDA,Vacuno
2012370000950,2012,8,05:00,SÁBADO,Salamanca,Castilla y León,,,5,0,1,4,3,CARRETERA,VÍAS INTERURBANAS,SA-104,TITULARIDAD AUTONÓMICA,VÍA CONVENCIONAL,EN T Ó Y,,SIN DATO,SOLO MARCAS VIALES,SECA Y LIMPIA,NOCHE: SIN ILUMINACIÓN,BUEN TIEMPO,CONFIGURACIÓN DEL TERRENO,NINGUNA,N,Atropello a animales sueltos,FLUIDA,NINGUNA MEDIDA,Vacuno
2011370000538,2011,6,07:00,MARTES,Salamanca,Castilla y León,,,1,0,0,1,1,CARRETERA,VÍAS INTERURBANAS,SA-322,"TITULARIDAD PROVINCIAL (DIPUTACIÓN, CABILDO O CONSELL)",VÍA CONVENCIONAL,EN T Ó Y,,SIN DATO,NINGUNA (SOLO NORMA),SECA Y LIMPIA,PLENO DÍA,BUEN TIEMPO,SIN RESTRICCIÓN,NINGUNA,N,Atropello a animales sueltos,FLUIDA,NINGUNA MEDIDA,Corzo
2013370000140,2013,1,20:40,MARTES,Salamanca,Castilla y León,,,1,0,0,1,1,CARRETERA,VÍAS INTERURBANAS,SA-211,TITULARIDAD AUTONÓMICA,VÍA CONVENCIONAL,EN T Ó Y,,SIN DATO,NINGUNA (SOLO NORMA),SECA Y LIMPIA,NOCHE: SIN ILUMINACIÓN,BUEN TIEMPO,SIN RESTRICCIÓN,NINGUNA,N,Atropello a animales sueltos,FLUIDA,NINGUNA MEDIDA,Vacuno
2008370001352,2008,2,23:00,LUNES,Salamanca,Castilla y León,,Salamanca,1,0,0,1,1,ZONA URBANA,VÍAS URBANAS,,TITULARIDAD MUNICIPAL,OTRO TIPO,EN T Ó Y,,SIN DATO,PASO PARA PEATONES,SECA Y LIMPIA,NOCHE: ILUMINACIÓN SUFICIENTE,BUEN TIEMPO,SIN RESTRICCIÓN,NINGUNA,S,Atropello a animales sueltos,FLUIDA,NINGUNA MEDIDA,Canino
2009370000116,2008,9,19:00,VIERNES,Salamanca,Castilla y León,,Salamanca,1,0,1,0,1,ZONA URBANA,VÍAS URBANAS,,TITULARIDAD MUNICIPAL,OTRO TIPO,EN T Ó Y,,SIN DATO,NINGUNA (SOLO NORMA),SECA Y LIMPIA,PLENO DÍA,BUEN TIEMPO,SIN RESTRICCIÓN,NINGUNA,S,Atropello a animales sueltos,FLUIDA,NINGUNA MEDIDA,Canino
2010370001102,2010,7,22:00,JUEVES,Salamanca,Castilla y León,,Salamanca,1,0,1,0,1,ZONA URBANA,VÍAS URBANAS,,TITULARIDAD MUNICIPAL,OTRO TIPO,EN T Ó Y,,SIN DATO,NINGUNA (SOLO NORMA),SECA Y LIMPIA,NOCHE: ILUMINACIÓN SUFICIENTE,BUEN TIEMPO,SIN RESTRICCIÓN,NINGUNA,N,Atropello a animales sueltos,FLUIDA,NINGUNA MEDIDA,Canino
2009370000792,2009,6,00:00,LUNES,Salamanca,Castilla y León,,,1,0,0,1,1,CARRETERA,VÍAS INTERURBANAS,A-62,TITULARIDAD ESTATAL,AUTOVÍA,EN T Ó Y,,SIN DATO,NINGUNA (SOLO NORMA),SECA Y LIMPIA,NOCHE: SIN ILUMINACIÓN,BUEN TIEMPO,SIN RESTRICCIÓN,NINGUNA,N,Otro tipo de accidente,FLUIDA,NINGUNA MEDIDA,Zorro
2010370000717,2010,6,23:00,SÁBADO,Salamanca,Castilla y León,,,3,0,1,2,2,CARRETERA,VÍAS INTERURBANAS,SA-324,TITULARIDAD AUTONÓMICA,VÍA CONVENCIONAL,EN T Ó Y,,SIN DATO,NINGUNA (SOLO NORMA),SECA Y LIMPIA,NOCHE: SIN ILUMINACIÓN,BUEN TIEMPO,SIN RESTRICCIÓN,CAMBIO DE RASANTE,N,Atropello a animales sueltos,FLUIDA,NINGUNA MEDIDA,Equino
2010370000143,2010,1,09:00,VIERNES,Salamanca,Castilla y León,,,2,0,0,2,1,CARRETERA,VÍAS INTERURBANAS,CL-512,TITULARIDAD AUTONÓMICA,VÍA CONVENCIONAL,GIRATORIA,,SIN DATO,NINGUNA (SOLO NORMA),MOJADA,PLENO DÍA,NIEBLA LIGERA,SIN RESTRICCIÓN,NINGUNA,N,Atropello a animales sueltos,FLUIDA,NINGUNA MEDIDA,Tejón
2012370000807,2012,7,02:00,LUNES,Salamanca,Castilla y León,,Santa Marta de Tormes,1,0,0,1,2,CARRETERA,VÍAS INTERURBANAS,A-50,TITULARIDAD ESTATAL,AUTOVÍA,,ENLACE DE ENTRADA,OTRO TIPO,NINGUNA (SOLO NORMA),SECA Y LIMPIA,NOCHE: SIN ILUMINACIÓN,BUEN TIEMPO,SIN RESTRICCIÓN,NINGUNA,N,Atropello a animales sueltos,FLUIDA,NINGUNA MEDIDA,Equino
2009370001198,2009,11,20:00,DOMINGO,Salamanca,Castilla y León,,,2,0,0,2,1,CARRETERA,VÍAS INTERURBANAS,SA-102,TITULARIDAD AUTONÓMICA,VÍA CONVENCIONAL,EN T Ó Y,,SIN DATO,NINGUNA (SOLO NORMA),SECA Y LIMPIA,NOCHE: SIN ILUMINACIÓN,BUEN TIEMPO,SIN RESTRICCIÓN,NINGUNA,N,Atropello a animales sueltos,FLUIDA,NINGUNA MEDIDA,Jabalí
2011370000283,2011,3,21:00,LUNES,Salamanca,Castilla y León,,,3,0,1,2,2,CARRETERA,VÍAS INTERURBANAS,SA-102,TITULARIDAD AUTONÓMICA,VÍA CONVENCIONAL,EN T Ó Y,,SIN DATO,NINGUNA (SOLO NORMA),MOJADA,NOCHE: SIN ILUMINACIÓN,LLUVIA FUERTE,FACTORES ATMOSFÉRICOS,NINGUNA,N,Atropello a animales sueltos,FLUIDA,NINGUNA MEDIDA,Equino
2010370000261,2010,2,19:00,VIERNES,Salamanca,Castilla y León,,,1,1,0,0,1,CARRETERA,VÍAS INTERURBANAS,CV-149,"TITULARIDAD PROVINCIAL (DIPUTACIÓN, CABILDO O CONSELL)",CAMINO VECINAL,EN T Ó Y,,SIN DATO,NINGUNA (SOLO NORMA),SECA Y LIMPIA,CREPÚSCULO,BUEN TIEMPO,SIN RESTRICCIÓN,NINGUNA,N,Atropello a conductor de animales,FLUIDA,NINGUNA MEDIDA,Ovino
2011370000024,2011,1,21:00,MARTES,Salamanca,Castilla y León,,,1,0,0,1,1,CARRETERA,VÍAS INTERURBANAS,SA-102,TITULARIDAD AUTONÓMICA,VÍA CONVENCIONAL,EN T Ó Y,,SIN DATO,NINGUNA (SOLO NORMA),SECA Y LIMPIA,NOCHE: SIN ILUMINACIÓN,BUEN TIEMPO,SIN RESTRICCIÓN,NINGUNA,N,Atropello a animales sueltos,FLUIDA,NINGUNA MEDIDA,Jabalí
2011370001396,2011,12,19:00,MARTES,Salamanca,Castilla y León,,,2,0,0,2,2,CARRETERA,VÍAS INTERURBANAS,SA-210,TITULARIDAD AUTONÓMICA,VÍA CONVENCIONAL,EN T Ó Y,,SIN DATO,NINGUNA (SOLO NORMA),SECA Y LIMPIA,NOCHE: SIN ILUMINACIÓN,BUEN TIEMPO,OTRA_CAUSA,NINGUNA,N,Colisión de vehículos en marcha (Alcance),FLUIDA,NINGUNA MEDIDA,Jabalí
2013370000944,2013,8,01:50,VIERNES,Salamanca,Castilla y León,,,1,0,0,1,1,CARRETERA,VÍAS INTERURBANAS,A-66,TITULARIDAD ESTATAL,AUTOVÍA,EN T Ó Y,,SIN DATO,NINGUNA (SOLO NORMA),SECA Y LIMPIA,NOCHE: SIN ILUMINACIÓN,BUEN TIEMPO,SIN RESTRICCIÓN,NINGUNA,N,Atropello a animales sueltos,FLUIDA,NINGUNA MEDIDA,Zorro
2010370000859,2010,7,02:00,DOMINGO,Salamanca,Castilla y León,,,1,0,0,1,1,CARRETERA,VÍAS INTERURBANAS,CV-143,"TITULARIDAD PROVINCIAL (DIPUTACIÓN, CABILDO O CONSELL)",CAMINO VECINAL,EN T Ó Y,,SIN DATO,NINGUNA (SOLO NORMA),SECA Y LIMPIA,NOCHE: SIN ILUMINACIÓN,BUEN TIEMPO,SIN RESTRICCIÓN,NINGUNA,N,Atropello a animal conducido o en rebaño,FLUIDA,NINGUNA MEDIDA,Ovino
2012370001058,2012,9,21:00,VIERNES,Salamanca,Castilla y León,,,1,1,0,0,1,CARRETERA,VÍAS INTERURBANAS,SA-220,TITULARIDAD AUTONÓMICA,VÍA CONVENCIONAL,EN T Ó Y,,SIN DATO,NINGUNA (SOLO NORMA),SECA Y LIMPIA,CREPÚSCULO,BUEN TIEMPO,SIN RESTRICCIÓN,NINGUNA,N,Atropello a animales sueltos,FLUIDA,NINGUNA MEDIDA,Vacuno
2011370000102,2011,1,18:00,MIÉRCOLES,Salamanca,Castilla y León,,,2,0,0,2,1,CARRETERA,VÍAS INTERURBANAS,,"TITULARIDAD PROVINCIAL (DIPUTACIÓN, CABILDO O CONSELL)",CAMINO VECINAL,EN T Ó Y,,SIN DATO,PASO PARA PEATONES,SECA Y LIMPIA,CREPÚSCULO,BUEN TIEMPO,SIN RESTRICCIÓN,NINGUNA,N,Atropello a animal conducido o en rebaño,FLUIDA,NINGUNA MEDIDA,Equino
2010370000816,2010,7,22:00,MARTES,Salamanca,Castilla y León,,,1,0,0,1,1,CARRETERA,VÍAS INTERURBANAS,SA-100,"TITULARIDAD PROVINCIAL (DIPUTACIÓN, CABILDO O CONSELL)",VÍA CONVENCIONAL,,EN T Ó Y,NADA ESPECIAL,NINGUNA (SOLO NORMA),SECA Y LIMPIA,NOCHE: SIN ILUMINACIÓN,BUEN TIEMPO,SIN RESTRICCIÓN,NINGUNA,N,Atropello a animales sueltos,FLUIDA,NINGUNA MEDIDA,Vacuno
2013370000929,2013,8,21:50,LUNES,Salamanca,Castilla y León,,,1,0,0,1,1,CARRETERA,VÍAS INTERURBANAS,SA-210,TITULARIDAD AUTONÓMICA,VÍA CONVENCIONAL,EN T Ó Y,,SIN DATO,NINGUNA (SOLO NORMA),SECA Y LIMPIA,NOCHE: SIN ILUMINACIÓN,BUEN TIEMPO,SIN RESTRICCIÓN,NINGUNA,N,Atropello a animales sueltos,FLUIDA,NINGUNA MEDIDA,Jabalí
2013370000133,2013,1,22:30,SÁBADO,Salamanca,Castilla y León,,,2,0,0,2,1,CARRETERA,VÍAS INTERURBANAS,SA-205,TITULARIDAD AUTONÓMICA,VÍA CONVENCIONAL,EN T Ó Y,,SIN DATO,NINGUNA (SOLO NORMA),SECA Y LIMPIA,NOCHE: SIN ILUMINACIÓN,BUEN TIEMPO,SIN RESTRICCIÓN,NINGUNA,N,Atropello a animales sueltos,FLUIDA,NINGUNA MEDIDA,Jabalí
2011370000658,2011,7,20:00,JUEVES,Salamanca,Castilla y León,,,1,0,0,1,1,CARRETERA,VÍAS INTERURBANAS,SA-601,TITULARIDAD AUTONÓMICA,VÍA CONVENCIONAL,EN X Ó +,,SIN DATO,NINGUNA (SOLO NORMA),SECA Y LIMPIA,PLENO DÍA,BUEN TIEMPO,SIN RESTRICCIÓN,NINGUNA,N,Atropello a animales sueltos,FLUIDA,NINGUNA MEDIDA,Animal no identificado
2011370000044,2011,1,23:00,SÁBADO,Salamanca,Castilla y León,,,1,0,0,1,1,CARRETERA,VÍAS INTERURBANAS,SA-325,TITULARIDAD AUTONÓMICA,VÍA CONVENCIONAL,EN X Ó +,,SIN DATO,NINGUNA (SOLO NORMA),MOJADA,NOCHE: ILUMINACIÓN INSUFICIENTE,NIEBLA INTENSA,FACTORES ATMOSFÉRICOS,NINGUNA,N,Atropello a animales sueltos,FLUIDA,NINGUNA MEDIDA,Vacuno
2008370001021,2008,9,21:00,DOMINGO,Salamanca,Castilla y León,,,1,0,0,1,1,CARRETERA,VÍAS INTERURBANAS,CL-517,TITULARIDAD AUTONÓMICA,VÍA CONVENCIONAL,EN T Ó Y,,SIN DATO,NINGUNA (SOLO NORMA),SECA Y LIMPIA,NOCHE: SIN ILUMINACIÓN,BUEN TIEMPO,CONFIGURACIÓN DEL TERRENO,NINGUNA,N,Atropello a animales sueltos,FLUIDA,NINGUNA MEDIDA,Porcino
2009370000569,2009,4,12:00,SÁBADO,Salamanca,Castilla y León,,,1,0,0,1,1,CARRETERA,VÍAS INTERURBANAS,SA-302,TITULARIDAD AUTONÓMICA,VÍA CONVENCIONAL,EN T Ó Y,,SIN DATO,NINGUNA (SOLO NORMA),SECA Y LIMPIA,PLENO DÍA,BUEN TIEMPO,SIN RESTRICCIÓN,NINGUNA,N,Atropello a animales sueltos,FLUIDA,NINGUNA MEDIDA,Ovino
2010370000226,2010,2,06:00,MIÉRCOLES,Salamanca,Castilla y León,,,1,0,0,1,1,CARRETERA,VÍAS INTERURBANAS,SA-302,TITULARIDAD AUTONÓMICA,VÍA CONVENCIONAL,EN T Ó Y,,SIN DATO,NINGUNA (SOLO NORMA),MOJADA,NOCHE: SIN ILUMINACIÓN,LLUVIA FUERTE,CONFIGURACIÓN DEL TERRENO,NINGUNA,N,Atropello a animales sueltos,FLUIDA,NINGUNA MEDIDA,Jabalí
2011370001502,2011,12,21:00,DOMINGO,Salamanca,Castilla y León,,,1,0,0,1,1,CARRETERA,VÍAS INTERURBANAS,SA-320,TITULARIDAD AUTONÓMICA,VÍA CONVENCIONAL,EN X Ó +,,SIN DATO,NINGUNA (SOLO NORMA),SECA Y LIMPIA,NOCHE: SIN ILUMINACIÓN,BUEN TIEMPO,CONFIGURACIÓN DEL TERRENO,CAMBIO DE RASANTE,N,Atropello a animales sueltos,FLUIDA,NINGUNA MEDIDA,Vacuno
2008381000843,2008,5,09:00,MARTES,S.C.Tenerife,Canarias,TENERIFE,Arico,2,0,0,2,6,CARRETERA,VÍAS INTERURBANAS,TF-1,"TITULARIDAD PROVINCIAL (DIPUTACIÓN, CABILDO O CONSELL)",AUTOPISTA,EN T Ó Y,,SIN DATO,NINGUNA (SOLO NORMA),SECA Y LIMPIA,PLENO DÍA,BUEN TIEMPO,SIN RESTRICCIÓN,NINGUNA,N,Colisión de vehículos en marcha (Múltiple o en caravana),FLUIDA,NINGUNA MEDIDA,Canino
2009381001710,2009,10,05:00,VIERNES,S.C.Tenerife,Canarias,TENERIFE,Arico,1,0,0,1,1,CARRETERA,VÍAS INTERURBANAS,TF-1,"TITULARIDAD PROVINCIAL (DIPUTACIÓN, CABILDO O CONSELL)",AUTOPISTA,EN T Ó Y,,SIN DATO,NINGUNA (SOLO NORMA),SECA Y LIMPIA,NOCHE: SIN ILUMINACIÓN,BUEN TIEMPO,SIN RESTRICCIÓN,NINGUNA,N,Atropello a animales sueltos,FLUIDA,NINGUNA MEDIDA,Ave
2010381001681,2010,10,22:00,VIERNES,S.C.Tenerife,Canarias,TENERIFE,Arico,1,0,0,1,1,CARRETERA,VÍAS INTERURBANAS,TF-629,"TITULARIDAD PROVINCIAL (DIPUTACIÓN, CABILDO O CONSELL)",VÍA CONVENCIONAL,ENLACE DE ENTRADA,,SIN DATO,SOLO MARCAS VIALES,SECA Y LIMPIA,NOCHE: SIN ILUMINACIÓN,BUEN TIEMPO,SIN RESTRICCIÓN,NINGUNA,N,Salida de la vía por la derecha con colisión (Choque con muro o edifício),FLUIDA,NINGUNA MEDIDA,Canino
2009381000318,2009,2,23:00,DOMINGO,S.C.Tenerife,Canarias,TENERIFE,Arona,1,0,0,1,1,CARRETERA,VÍAS INTERURBANAS,TF-653,"TITULARIDAD PROVINCIAL (DIPUTACIÓN, CABILDO O CONSELL)",VÍA CONVENCIONAL,EN T Ó Y,,SIN DATO,NINGUNA (SOLO NORMA),SECA Y LIMPIA,NOCHE: SIN ILUMINACIÓN,BUEN TIEMPO,SIN RESTRICCIÓN,NINGUNA,N,Salida de la vía por la izquierda con colisión (Choque con muro o edifício),FLUIDA,NINGUNA MEDIDA,Animal no identificado
2009381002082,2009,12,11:00,DOMINGO,S.C.Tenerife,Canarias,TENERIFE,Arona,1,0,0,1,2,CARRETERA,VÍAS INTERURBANAS,TF-1,"TITULARIDAD PROVINCIAL (DIPUTACIÓN, CABILDO O CONSELL)",AUTOPISTA,EN X Ó +,,SIN DATO,NINGUNA (SOLO NORMA),SECA Y LIMPIA,PLENO DÍA,BUEN TIEMPO,SIN RESTRICCIÓN,NINGUNA,N,Colisión de vehículos en marcha (Alcance),FLUIDA,NINGUNA MEDIDA,Canino
2010381000458,2010,3,12:00,LUNES,S.C.Tenerife,Canarias,TENERIFE,Arona,1,0,0,1,1,CARRETERA,VÍAS INTERURBANAS,TF-66,"TITULARIDAD PROVINCIAL (DIPUTACIÓN, CABILDO O CONSELL)",VÍA CONVENCIONAL,EN T Ó Y,,SIN DATO,NINGUNA (SOLO NORMA),SECA Y LIMPIA,PLENO DÍA,BUEN TIEMPO,SIN RESTRICCIÓN,NINGUNA,N,Atropello a animales sueltos,FLUIDA,NINGUNA MEDIDA,Canino
2011381001775,2011,11,03:00,JUEVES,S.C.Tenerife,Canarias,TENERIFE,Arona,1,0,1,0,1,CARRETERA,VÍAS INTERURBANAS,TF-1,"TITULARIDAD PROVINCIAL (DIPUTACIÓN, CABILDO O CONSELL)",AUTOPISTA,EN X Ó +,,SIN DATO,NINGUNA (SOLO NORMA),SECA Y LIMPIA,NOCHE: ILUMINACIÓN SUFICIENTE,BUEN TIEMPO,SIN RESTRICCIÓN,NINGUNA,N,Atropello a animales sueltos,FLUIDA,NINGUNA MEDIDA,Animal no identificado
2013381001376,2013,9,15:15,LUNES,S.C.Tenerife,Canarias,TENERIFE,Arona,1,0,0,1,1,CARRETERA,VÍAS INTERURBANAS,TF-1,"TITULARIDAD PROVINCIAL (DIPUTACIÓN, CABILDO O CONSELL)",AUTOPISTA,EN T Ó Y,,SIN DATO,NINGUNA (SOLO NORMA),SECA Y LIMPIA,PLENO DÍA,BUEN TIEMPO,SIN RESTRICCIÓN,NINGUNA,N,Atropello a animales sueltos,FLUIDA,NINGUNA MEDIDA,Ave
2010381000223,2010,2,04:00,JUEVES,S.C.Tenerife,Canarias,TENERIFE,Buenavista del Norte,2,0,0,2,1,CARRETERA,VÍAS INTERURBANAS,TF-42,"TITULARIDAD PROVINCIAL (DIPUTACIÓN, CABILDO O CONSELL)",VÍA CONVENCIONAL,EN T Ó Y,,SIN DATO,NINGUNA (SOLO NORMA),SECA Y LIMPIA,NOCHE: ILUMINACIÓN INSUFICIENTE,BUEN TIEMPO,SIN RESTRICCIÓN,NINGUNA,S,Salida de la vía por la izquierda con colisión (Choque con muro o edifício),FLUIDA,NINGUNA MEDIDA,Canino
2009381000863,2009,5,13:00,SÁBADO,S.C.Tenerife,Canarias,TENERIFE,Candelaria,1,0,0,1,1,CARRETERA,VÍAS INTERURBANAS,TF-247,"TITULARIDAD PROVINCIAL (DIPUTACIÓN, CABILDO O CONSELL)",VÍA CONVENCIONAL,EN X Ó +,,SIN DATO,NINGUNA (SOLO NORMA),SECA Y LIMPIA,PLENO DÍA,BUEN TIEMPO,SIN RESTRICCIÓN,NINGUNA,N,Atropello a animales sueltos,FLUIDA,NINGUNA MEDIDA,Gato Montés
2008381001939,2008,11,05:00,LUNES,S.C.Tenerife,Canarias,TENERIFE,Granadilla de Abona,1,0,0,1,1,CARRETERA,VÍAS INTERURBANAS,TF-1,"TITULARIDAD PROVINCIAL (DIPUTACIÓN, CABILDO O CONSELL)",AUTOPISTA,EN T Ó Y,,SIN DATO,NINGUNA (SOLO NORMA),SECA Y LIMPIA,NOCHE: SIN ILUMINACIÓN,BUEN TIEMPO,SIN RESTRICCIÓN,OBRAS,N,Atropello a animales sueltos,FLUIDA,NINGUNA MEDIDA,Canino
2009381001203,2009,7,10:00,JUEVES,S.C.Tenerife,Canarias,TENERIFE,Granadilla de Abona,1,0,0,1,1,CARRETERA,VÍAS INTERURBANAS,TF-1,"TITULARIDAD PROVINCIAL (DIPUTACIÓN, CABILDO O CONSELL)",AUTOPISTA,EN T Ó Y,,SIN DATO,SOLO MARCAS VIALES,SECA Y LIMPIA,PLENO DÍA,BUEN TIEMPO,SIN RESTRICCIÓN,NINGUNA,N,Atropello a animales sueltos,FLUIDA,NINGUNA MEDIDA,Canino
2010381000139,2010,1,12:00,SÁBADO,S.C.Tenerife,Canarias,TENERIFE,Granadilla de Abona,1,0,0,1,2,CARRETERA,VÍAS INTERURBANAS,TF-21,"TITULARIDAD PROVINCIAL (DIPUTACIÓN, CABILDO O CONSELL)",VÍA CONVENCIONAL,EN X Ó +,,SIN DATO,NINGUNA (SOLO NORMA),SECA Y LIMPIA,PLENO DÍA,BUEN TIEMPO,SIN RESTRICCIÓN,NINGUNA,N,Colisión de vehículos en marcha (Lateral),FLUIDA,NINGUNA MEDIDA,Canino
2011381001463,2011,9,00:00,MIÉRCOLES,S.C.Tenerife,Canarias,TENERIFE,Granadilla de Abona,1,0,0,1,2,CARRETERA,VÍAS INTERURBANAS,TF-1,"TITULARIDAD PROVINCIAL (DIPUTACIÓN, CABILDO O CONSELL)",AUTOPISTA,EN T Ó Y,,SIN DATO,NINGUNA (SOLO NORMA),SECA Y LIMPIA,NOCHE: SIN ILUMINACIÓN,BUEN TIEMPO,SIN RESTRICCIÓN,NINGUNA,N,Colisión de vehículos en marcha (Alcance),FLUIDA,NINGUNA MEDIDA,Canino
2012381001814,2012,11,09:00,VIERNES,S.C.Tenerife,Canarias,TENERIFE,Granadilla de Abona,1,0,0,1,1,CARRETERA,VÍAS INTERURBANAS,TF-1,"TITULARIDAD PROVINCIAL (DIPUTACIÓN, CABILDO O CONSELL)",AUTOPISTA,EN T Ó Y,,SIN DATO,NINGUNA (SOLO NORMA),SECA Y LIMPIA,PLENO DÍA,BUEN TIEMPO,SIN RESTRICCIÓN,NINGUNA,N,Atropello a animales sueltos,DENSA,NINGUNA MEDIDA,Ave
2012381001134,2012,7,11:00,SÁBADO,S.C.Tenerife,Canarias,TENERIFE,Granadilla de Abona,1,0,0,1,2,CARRETERA,VÍAS INTERURBANAS,TF-1,"TITULARIDAD PROVINCIAL (DIPUTACIÓN, CABILDO O CONSELL)",AUTOPISTA,EN T Ó Y,,SIN DATO,NINGUNA (SOLO NORMA),SECA Y LIMPIA,PLENO DÍA,BUEN TIEMPO,SIN RESTRICCIÓN,NINGUNA,N,Colisión de vehículos en marcha (Alcance),FLUIDA,NINGUNA MEDIDA,Canino
2013381001277,2013,9,06:50,LUNES,S.C.Tenerife,Canarias,TENERIFE,Granadilla de Abona,1,0,0,1,1,CARRETERA,VÍAS INTERURBANAS,TF-647,"TITULARIDAD PROVINCIAL (DIPUTACIÓN, CABILDO O CONSELL)",VÍA CONVENCIONAL,EN T Ó Y,,SIN DATO,NINGUNA (SOLO NORMA),SECA Y LIMPIA,NOCHE: SIN ILUMINACIÓN,BUEN TIEMPO,SIN RESTRICCIÓN,NINGUNA,N,Salida de la vía por la derecha sin colisión (Con vuelco),FLUIDA,NINGUNA MEDIDA,Canino
2008381001279,2008,7,12:00,LUNES,S.C.Tenerife,Canarias,TENERIFE,Güímar,1,0,0,1,1,CARRETERA,VÍAS INTERURBANAS,TF-1,"TITULARIDAD PROVINCIAL (DIPUTACIÓN, CABILDO O CONSELL)",AUTOPISTA,EN T Ó Y,,SIN DATO,NINGUNA (SOLO NORMA),SECA Y LIMPIA,PLENO DÍA,BUEN TIEMPO,SIN RESTRICCIÓN,NINGUNA,N,Atropello a animales sueltos,FLUIDA,NINGUNA MEDIDA,Canino
2010381001189,2010,8,11:00,MARTES,S.C.Tenerife,Canarias,TENERIFE,Güímar,1,0,0,1,1,CARRETERA,VÍAS INTERURBANAS,TF-1,"TITULARIDAD PROVINCIAL (DIPUTACIÓN, CABILDO O CONSELL)",AUTOPISTA,EN T Ó Y,,SIN DATO,SOLO MARCAS VIALES,SECA Y LIMPIA,PLENO DÍA,BUEN TIEMPO,SIN RESTRICCIÓN,NINGUNA,N,Salida de la vía por la derecha sin colisión (Con vuelco),FLUIDA,NINGUNA MEDIDA,Animal no identificado