ID_ACCIDENTE,ANIO,MES,HORA,DIASEMANA,PROVINCIA,COMUNIDAD_AUTONOMA,ISLA,MUNICIPIO,TOT_VICTIMAS,TOT_MUERTOS,TOT_HERIDOS_GRAVES,TOT_HERIDOS_LEVES,TOT_VEHICULOS_IMPLICADOS,ZONA,ZONA_AGRUPADA,CARRETERA,RED_CARRETERA,TIPO_VIA,TRAZADO_NO_INTERSEC,TIPO_INTERSEC,ACOND_CALZADA,PRIORIDAD,SUPERFICIE_CALZADA,LUMINOSIDAD,FACTORES_ATMOSFERICOS,VISIBILIDAD_RESTRINGIDA,OTRA_CIRCUNSTANCIA,ACERAS,TIPO_ACCIDENTE,DENSIDAD_CIRCULACION,MEDIDAS_ESPECIALES,COD_ANIMAL
2010381000299,2010,2,10:00,MARTES,S.C.Tenerife,Canarias,TENERIFE,Güímar,1,0,0,1,1,CARRETERA,VÍAS INTERURBANAS,TF-1,"TITULARIDAD PROVINCIAL (DIPUTACIÓN, CABILDO O CONSELL)",AUTOPISTA,EN T Ó Y,,SIN DATO,NINGUNA (SOLO NORMA),SECA Y LIMPIA,PLENO DÍA,BUEN TIEMPO,SIN RESTRICCIÓN,NINGUNA,N,Salida de la vía por la izquierda con colisión (Choque con muro o edifício),FLUIDA,NINGUNA MEDIDA,Animal no identificado
2008381001345,2008,8,10:00,MIÉRCOLES,S.C.Tenerife,Canarias,TENERIFE,San Cristóbal de La Laguna,1,0,0,1,1,CARRETERA,VÍAS INTERURBANAS,TF-5,"TITULARIDAD PROVINCIAL (DIPUTACIÓN, CABILDO O CONSELL)",AUTOPISTA,EN X Ó +,,SIN DATO,NINGUNA (SOLO NORMA),SECA Y LIMPIA,PLENO DÍA,BUEN TIEMPO,SIN RESTRICCIÓN,NINGUNA,N,Atropello a animales sueltos,DENSA,NINGUNA MEDIDA,Canino
2009381051449,2009,11,20:00,VIERNES,S.C.Tenerife,Canarias,TENERIFE,San Cristóbal de La Laguna,1,0,0,1,1,TRAVESÍA,VÍAS URBANAS,,"TITULARIDAD PROVINCIAL (DIPUTACIÓN, CABILDO O CONSELL)",OTRO TIPO,,EN T Ó Y,SIN DATO,OTRA SEÑAL,SECA Y LIMPIA,NOCHE: ILUMINACIÓN SUFICIENTE,BUEN TIEMPO,DESLUMBRAMIENTO,SIN DATO,N,Atropello a animales sueltos,FLUIDA,NINGUNA MEDIDA,Animal no identificado
2009381050950,2009,8,04:00,DOMINGO,S.C.Tenerife,Canarias,TENERIFE,San Cristóbal de La Laguna,1,0,1,0,1,CARRETERA,VÍAS INTERURBANAS,BU-P-7442,"TITULARIDAD PROVINCIAL (DIPUTACIÓN, CABILDO O CONSELL)",OTRO TIPO,EN T Ó Y,,SIN DATO,NINGUNA (SOLO NORMA),SECA Y LIMPIA,NOCHE: ILUMINACIÓN INSUFICIENTE,BUEN TIEMPO,CONFIGURACIÓN DEL TERRENO,SIN DATO,S,Atropello a animales sueltos,FLUIDA,NINGUNA MEDIDA,Animal no identificado
2010381000865,2010,5,20:00,MIÉRCOLES,S.C.Tenerife,Canarias,TENERIFE,San Cristóbal de La Laguna,1,0,1,0,2,CARRETERA,VÍAS INTERURBANAS,TF-12,"TITULARIDAD PROVINCIAL (DIPUTACIÓN, CABILDO O CONSELL)",VÍA CONVENCIONAL,,EN X Ó +,NADA ESPECIAL,NINGUNA (SOLO NORMA),SECA Y LIMPIA,PLENO DÍA,BUEN TIEMPO,SIN RESTRICCIÓN,NINGUNA,N,Atropello a animales sueltos,FLUIDA,NINGUNA MEDIDA,Canino
2011381050134,2011,2,10:00,MIÉRCOLES,S.C.Tenerife,Canarias,TENERIFE,San Cristóbal de La Laguna,1,0,1,0,1,TRAVESÍA,VÍAS URBANAS,,TITULARIDAD MUNICIPAL,OTRO TIPO,EN T Ó Y,,SIN DATO,OTRA SEÑAL,SECA Y LIMPIA,PLENO DÍA,BUEN TIEMPO,SIN RESTRICCIÓN,SIN DATO,N,Atropello a animales sueltos,FLUIDA,NINGUNA MEDIDA,Animal no identificado
2011381051126,2011,11,18:00,SÁBADO,S.C.Tenerife,Canarias,TENERIFE,San Cristóbal de La Laguna,1,0,0,1,1,ZONA URBANA,VÍAS URBANAS,,TITULARIDAD MUNICIPAL,OTRO TIPO,EN T Ó Y,,SIN DATO,OTRA SEÑAL,MOJADA,NOCHE: SIN ILUMINACIÓN,LLOVIZNANDO,SIN RESTRICCIÓN,SIN DATO,S,Atropello a animales sueltos,FLUIDA,NINGUNA MEDIDA,Animal no identificado
2013381001762,2013,11,18:00,JUEVES,S.C.Tenerife,Canarias,TENERIFE,San Cristóbal de La Laguna,1,0,0,1,1,CARRETERA,VÍAS INTERURBANAS,TF-12,"TITULARIDAD PROVINCIAL (DIPUTACIÓN, CABILDO O CONSELL)",VÍA CONVENCIONAL,EN X Ó +,,SIN DATO,SOLO MARCAS VIALES,SECA Y LIMPIA,CREPÚSCULO,BUEN TIEMPO,SIN RESTRICCIÓN,NINGUNA,N,Atropello a animales sueltos,FLUIDA,NINGUNA MEDIDA,Canino
2012381002035,2012,12,12:00,SÁBADO,S.C.Tenerife,Canarias,TENERIFE,"Orotava, La",1,0,0,1,1,CARRETERA,VÍAS INTERURBANAS,TF-21,"TITULARIDAD PROVINCIAL (DIPUTACIÓN, CABILDO O CONSELL)",VÍA CONVENCIONAL,EN T Ó Y,,SIN DATO,NINGUNA (SOLO NORMA),SECA Y LIMPIA,PLENO DÍA,BUEN TIEMPO,SIN RESTRICCIÓN,NINGUNA,S,Atropello a animales sueltos,FLUIDA,NINGUNA MEDIDA,Ave
2008381001439,2008,8,11:00,LUNES,S.C.Tenerife,Canarias,TENERIFE,"Realejos, Los",1,0,0,1,1,CARRETERA,VÍAS INTERURBANAS,TF-5,"TITULARIDAD PROVINCIAL (DIPUTACIÓN, CABILDO O CONSELL)",VÍA CONVENCIONAL,EN X Ó +,,SIN DATO,SOLO MARCAS VIALES,SECA Y LIMPIA,PLENO DÍA,BUEN TIEMPO,SIN RESTRICCIÓN,NINGUNA,N,Atropello a animales sueltos,FLUIDA,NINGUNA MEDIDA,Canino
2009381001629,2009,10,07:00,DOMINGO,S.C.Tenerife,Canarias,TENERIFE,"Realejos, Los",1,0,0,1,1,CARRETERA,VÍAS INTERURBANAS,TF-5,"TITULARIDAD PROVINCIAL (DIPUTACIÓN, CABILDO O CONSELL)",AUTOPISTA,EN T Ó Y,,SIN DATO,NINGUNA (SOLO NORMA),SECA Y LIMPIA,NOCHE: SIN ILUMINACIÓN,BUEN TIEMPO,SIN RESTRICCIÓN,NINGUNA,N,Salida de la vía por la izquierda con colisión (Choque con muro o edifício),FLUIDA,NINGUNA MEDIDA,Canino
2010381001740,2010,10,10:00,DOMINGO,S.C.Tenerife,Canarias,TENERIFE,San Miguel de Abona,1,0,0,1,1,CARRETERA,VÍAS INTERURBANAS,TF-65,"TITULARIDAD PROVINCIAL (DIPUTACIÓN, CABILDO O CONSELL)",VÍA CONVENCIONAL,EN T Ó Y,,SIN DATO,NINGUNA (SOLO NORMA),SECA Y LIMPIA,PLENO DÍA,BUEN TIEMPO,SIN RESTRICCIÓN,NINGUNA,N,Atropello a animales sueltos,FLUIDA,NINGUNA MEDIDA,Canino
2012381000870,2012,5,06:00,LUNES,S.C.Tenerife,Canarias,TENERIFE,San Miguel de Abona,1,0,0,1,1,CARRETERA,VÍAS INTERURBANAS,TF-1,"TITULARIDAD PROVINCIAL (DIPUTACIÓN, CABILDO O CONSELL)",AUTOPISTA,EN T Ó Y,,SIN DATO,NINGUNA (SOLO NORMA),SECA Y LIMPIA,NOCHE: SIN ILUMINACIÓN,BUEN TIEMPO,SIN RESTRICCIÓN,NINGUNA,N,Salida de la vía por la izquierda con colisión (Choque con muro o edifício),FLUIDA,NINGUNA MEDIDA,Conejo
201438035000018,2013,12,13:00,MARTES,S.C.Tenerife,Canarias,TENERIFE,San Miguel de Abona,1,0,0,1,2,ZONA URBANA,VÍAS URBANAS,,TITULARIDAD MUNICIPAL,OTRO TIPO,,,SIN DATO,SIN DATO,SECA Y LIMPIA,PLENO DÍA,BUEN TIEMPO,SIN DATO,SIN DATO,,Colisión de vehículos en marcha (Frontolateral),DENSA,SIN DATO,Animal no identificado
2009381001205,2009,7,09:00,SÁBADO,S.C.Tenerife,Canarias,TENERIFE,Santa Cruz de Tenerife,1,0,0,1,2,CARRETERA,VÍAS INTERURBANAS,TF-1,"TITULARIDAD PROVINCIAL (DIPUTACIÓN, CABILDO O CONSELL)",AUTOPISTA,EN T Ó Y,,SIN DATO,NINGUNA (SOLO NORMA),SECA Y LIMPIA,PLENO DÍA,BUEN TIEMPO,SIN RESTRICCIÓN,OBRAS,N,Colisión de vehículos en marcha (Alcance),FLUIDA,NINGUNA MEDIDA,Animal no identificado
2009381001459,2009,9,22:00,SÁBADO,S.C.Tenerife,Canarias,TENERIFE,Santa Cruz de Tenerife,1,0,0,1,1,CARRETERA,VÍAS INTERURBANAS,TF-1,"TITULARIDAD PROVINCIAL (DIPUTACIÓN, CABILDO O CONSELL)",AUTOPISTA,EN T Ó Y,,SIN DATO,NINGUNA (SOLO NORMA),SECA Y LIMPIA,CREPÚSCULO,BUEN TIEMPO,SIN RESTRICCIÓN,NINGUNA,N,Atropello a animales sueltos,FLUIDA,NINGUNA MEDIDA,Ave
201338038001303,2013,1,14:50,JUEVES,S.C.Tenerife,Canarias,TENERIFE,Santa Cruz de Tenerife,1,0,0,1,1,ZONA URBANA,VÍAS URBANAS,,TITULARIDAD MUNICIPAL,OTRO TIPO,,,SIN DATO,SIN DATO,SECA Y LIMPIA,PLENO DÍA,OTRO,SIN DATO,SIN DATO,,Otro tipo de accidente,SIN DATO,SIN DATO,Canino
2010381000884,2010,6,05:00,VIERNES,S.C.Tenerife,Canarias,TENERIFE,Santa Úrsula,1,0,1,0,1,CARRETERA,VÍAS INTERURBANAS,TF-5,"TITULARIDAD PROVINCIAL (DIPUTACIÓN, CABILDO O CONSELL)",AUTOPISTA,EN X Ó +,,SIN DATO,NINGUNA (SOLO NORMA),SECA Y LIMPIA,NOCHE: ILUMINACIÓN INSUFICIENTE,BUEN TIEMPO,SIN RESTRICCIÓN,NINGUNA,N,Atropello a animales sueltos,FLUIDA,NINGUNA MEDIDA,Canino
2012381000346,2012,2,16:00,DOMINGO,S.C.Tenerife,Canarias,TENERIFE,Santa Úrsula,4,0,0,4,3,CARRETERA,VÍAS INTERURBANAS,TF-5,"TITULARIDAD PROVINCIAL (DIPUTACIÓN, CABILDO O CONSELL)",AUTOPISTA,EN T Ó Y,,SIN DATO,NINGUNA (SOLO NORMA),SECA Y LIMPIA,PLENO DÍA,BUEN TIEMPO,SIN RESTRICCIÓN,NINGUNA,N,Atropello a animales sueltos,FLUIDA,NINGUNA MEDIDA,Canino
2013390002307,2013,12,15:25,LUNES,Cantabria,Cantabria,,,1,0,0,1,1,CARRETERA,VÍAS INTERURBANAS,CA-258,TITULARIDAD AUTONÓMICA,VÍA CONVENCIONAL,EN X Ó +,,SIN DATO,NINGUNA (SOLO NORMA),SECA Y LIMPIA,PLENO DÍA,BUEN TIEMPO,SIN RESTRICCIÓN,NINGUNA,N,Atropello a animales sueltos,FLUIDA,NINGUNA MEDIDA,Caprino
2011390001339,2011,7,00:00,LUNES,Cantabria,Cantabria,,,1,0,0,1,1,CARRETERA,VÍAS INTERURBANAS,A-67,TITULARIDAD ESTATAL,AUTOVÍA,EN T Ó Y,,SIN DATO,NINGUNA (SOLO NORMA),MOJADA,NOCHE: ILUMINACIÓN INSUFICIENTE,LLOVIZNANDO,SIN RESTRICCIÓN,NINGUNA,N,Colisión de vehículo con obstáculo en calzada (Valla de defensa),FLUIDA,NINGUNA MEDIDA,Animal no identificado
2012390000558,2012,3,19:00,MARTES,Cantabria,Cantabria,,,1,0,0,1,1,ZONA URBANA,VÍAS URBANAS,,TITULARIDAD MUNICIPAL,OTRO TIPO,EN T Ó Y,,SIN DATO,NINGUNA (SOLO NORMA),SECA Y LIMPIA,PLENO DÍA,BUEN TIEMPO,SIN RESTRICCIÓN,NINGUNA,N,Atropello a animales sueltos,FLUIDA,NINGUNA MEDIDA,Canino
2009390002671,2009,12,07:00,LUNES,Cantabria,Cantabria,,,1,0,0,1,1,CARRETERA,VÍAS INTERURBANAS,CA-148,TITULARIDAD AUTONÓMICA,VÍA CONVENCIONAL,EN T Ó Y,,SIN DATO,NINGUNA (SOLO NORMA),SECA Y LIMPIA,NOCHE: ILUMINACIÓN INSUFICIENTE,BUEN TIEMPO,SIN RESTRICCIÓN,NINGUNA,N,Atropello a animales sueltos,FLUIDA,NINGUNA MEDIDA,Vacuno
2012390001313,2012,7,12:00,MIÉRCOLES,Cantabria,Cantabria,,,1,0,0,1,1,CARRETERA,VÍAS INTERURBANAS,CA-141,TITULARIDAD AUTONÓMICA,VÍA CONVENCIONAL,EN T Ó Y,,SIN DATO,NINGUNA (SOLO NORMA),SECA Y LIMPIA,PLENO DÍA,BUEN TIEMPO,SIN RESTRICCIÓN,NINGUNA,N,Atropello a animales sueltos,FLUIDA,NINGUNA MEDIDA,Jabalí
2009390001879,2009,9,08:00,JUEVES,Cantabria,Cantabria,,,1,0,0,1,1,CARRETERA,VÍAS INTERURBANAS,CA-265,TITULARIDAD AUTONÓMICA,VÍA CONVENCIONAL,EN X Ó +,,SIN DATO,NINGUNA (SOLO NORMA),SECA Y LIMPIA,PLENO DÍA,BUEN TIEMPO,SIN RESTRICCIÓN,NINGUNA,N,Salida de la vía por la derecha con colisión (Choque con muro o edifício),FLUIDA,NINGUNA MEDIDA,Vacuno
2010390001863,2010,9,16:00,JUEVES,Cantabria,Cantabria,,,1,0,0,1,1,CARRETERA,VÍAS INTERURBANAS,CA-261,TITULARIDAD AUTONÓMICA,VÍA CONVENCIONAL,ENLACE DE ENTRADA,,SIN DATO,NINGUNA (SOLO NORMA),SECA Y LIMPIA,PLENO DÍA,BUEN TIEMPO,SIN RESTRICCIÓN,NINGUNA,N,Atropello a animales sueltos,FLUIDA,NINGUNA MEDIDA,Ovino
2009390000041,2009,1,21:00,SÁBADO,Cantabria,Cantabria,,,3,0,0,3,3,CARRETERA,VÍAS INTERURBANAS,N-634,TITULARIDAD ESTATAL,VÍA CONVENCIONAL,ENLACE DE ENTRADA,,SIN DATO,NINGUNA (SOLO NORMA),SECA Y LIMPIA,NOCHE: SIN ILUMINACIÓN,BUEN TIEMPO,SIN RESTRICCIÓN,NINGUNA,N,Atropello a animales sueltos,FLUIDA,NINGUNA MEDIDA,Jabalí
2011390002309,2011,12,18:00,MIÉRCOLES,Cantabria,Cantabria,,,1,0,0,1,1,CARRETERA,VÍAS INTERURBANAS,N-611,TITULARIDAD ESTATAL,VÍA CONVENCIONAL,EN T Ó Y,,SIN DATO,NINGUNA (SOLO NORMA),SECA Y LIMPIA,NOCHE: SIN ILUMINACIÓN,BUEN TIEMPO,SIN RESTRICCIÓN,NINGUNA,N,Atropello a animales sueltos,FLUIDA,NINGUNA MEDIDA,Vacuno
2011390000781,2011,4,19:00,JUEVES,Cantabria,Cantabria,,,1,0,0,1,1,CARRETERA,VÍAS INTERURBANAS,CA-455,TITULARIDAD AUTONÓMICA,VÍA CONVENCIONAL,EN T Ó Y,,SIN DATO,NINGUNA (SOLO NORMA),SECA Y LIMPIA,PLENO DÍA,BUEN TIEMPO,SIN RESTRICCIÓN,NINGUNA,N,Atropello a animales sueltos,FLUIDA,NINGUNA MEDIDA,Canino
2013390000503,2013,3,00:20,LUNES,Cantabria,Cantabria,,Cabezón de la Sal,1,0,0,1,1,CARRETERA,VÍAS INTERURBANAS,A-8,TITULARIDAD ESTATAL,AUTOVÍA,EN X Ó +,,SIN DATO,NINGUNA (SOLO NORMA),SECA Y LIMPIA,NOCHE: SIN ILUMINACIÓN,BUEN TIEMPO,SIN RESTRICCIÓN,NINGUNA,N,Atropello a animales sueltos,FLUIDA,NINGUNA MEDIDA,Jabalí
2013390000121,2013,1,18:30,VIERNES,Cantabria,Cantabria,,,1,0,0,1,1,CARRETERA,VÍAS INTERURBANAS,CA-180,TITULARIDAD AUTONÓMICA,VÍA CONVENCIONAL,EN X Ó +,,SIN DATO,NINGUNA (SOLO NORMA),MOJADA,NOCHE: SIN ILUMINACIÓN,LLUVIA FUERTE,SIN RESTRICCIÓN,NINGUNA,N,Atropello a animales sueltos,FLUIDA,NINGUNA MEDIDA,Equino
2011390001226,2011,7,16:00,JUEVES,Cantabria,Cantabria,,Camargo,3,0,0,3,1,CARRETERA,VÍAS INTERURBANAS,N-623,TITULARIDAD ESTATAL,VÍA CONVENCIONAL,EN T Ó Y,,SIN DATO,SOLO MARCAS VIALES,SECA Y LIMPIA,PLENO DÍA,BUEN TIEMPO,SIN RESTRICCIÓN,NINGUNA,N,Atropello a animales sueltos,FLUIDA,NINGUNA MEDIDA,Canino
2009390001778,2009,8,11:00,MIÉRCOLES,Cantabria,Cantabria,,,1,0,0,1,1,CARRETERA,VÍAS INTERURBANAS,CA-280,TITULARIDAD AUTONÓMICA,VÍA CONVENCIONAL,EN T Ó Y,,SIN DATO,NINGUNA (SOLO NORMA),SECA Y LIMPIA,PLENO DÍA,BUEN TIEMPO,SIN RESTRICCIÓN,NINGUNA,N,Atropello a animales sueltos,FLUIDA,NINGUNA MEDIDA,Canino
2009390001651,2009,8,21:00,SÁBADO,Cantabria,Cantabria,,,3,0,2,1,1,CARRETERA,VÍAS INTERURBANAS,CA-171,TITULARIDAD AUTONÓMICA,VÍA CONVENCIONAL,EN X Ó +,,SIN DATO,NINGUNA (SOLO NORMA),MOJADA,NOCHE: SIN ILUMINACIÓN,LLOVIZNANDO,SIN RESTRICCIÓN,NINGUNA,N,Atropello a animales sueltos,FLUIDA,NINGUNA MEDIDA,Vacuno
2009390002265,2009,11,22:00,MARTES,Cantabria,Cantabria,,,1,0,0,1,1,CARRETERA,VÍAS INTERURBANAS,CA-171,TITULARIDAD AUTONÓMICA,VÍA CONVENCIONAL,EN T Ó Y,,SIN DATO,NINGUNA (SOLO NORMA),SECA Y LIMPIA,NOCHE: SIN ILUMINACIÓN,BUEN TIEMPO,SIN RESTRICCIÓN,NINGUNA,N,Atropello a animales sueltos,FLUIDA,NINGUNA MEDIDA,Vacuno
2010390002735,2010,12,00:00,MARTES,Cantabria,Cantabria,,,2,0,0,2,1,CARRETERA,VÍAS INTERURBANAS,CA-171,TITULARIDAD AUTONÓMICA,VÍA CONVENCIONAL,EN T Ó Y,,SIN DATO,NINGUNA (SOLO NORMA),SECA Y LIMPIA,NOCHE: SIN ILUMINACIÓN,BUEN TIEMPO,SIN RESTRICCIÓN,NINGUNA,N,Atropello a animales sueltos,FLUIDA,NINGUNA MEDIDA,Equino
2009390000224,2009,2,19:00,DOMINGO,Cantabria,Cantabria,,Castro-Urdiales,2,0,0,2,2,CARRETERA,VÍAS INTERURBANAS,A-8,TITULARIDAD ESTATAL,AUTOVÍA,EN T Ó Y,,SIN DATO,NINGUNA (SOLO NORMA),SECA Y LIMPIA,NOCHE: ILUMINACIÓN INSUFICIENTE,BUEN TIEMPO,SIN RESTRICCIÓN,NINGUNA,N,Salida de la vía por la izquierda con colisión (Choque con muro o edifício),FLUIDA,NINGUNA MEDIDA,Animal no identificado
2011390000038,2011,1,05:00,JUEVES,Cantabria,Cantabria,,Castro-Urdiales,2,0,0,2,1,CARRETERA,VÍAS INTERURBANAS,A-8,TITULARIDAD ESTATAL,AUTOVÍA,,EN T Ó Y,NADA ESPECIAL,NINGUNA (SOLO NORMA),SECA Y LIMPIA,NOCHE: SIN ILUMINACIÓN,BUEN TIEMPO,SIN RESTRICCIÓN,NINGUNA,N,Atropello a animales sueltos,FLUIDA,NINGUNA MEDIDA,Vacuno
2012390000559,2012,3,18:00,JUEVES,Cantabria,Cantabria,,Castro-Urdiales,1,0,0,1,1,CARRETERA,VÍAS INTERURBANAS,N-634,TITULARIDAD ESTATAL,VÍA CONVENCIONAL,EN T Ó Y,,SIN DATO,NINGUNA (SOLO NORMA),SECA Y LIMPIA,PLENO DÍA,BUEN TIEMPO,SIN RESTRICCIÓN,NINGUNA,N,Atropello a animales sueltos,FLUIDA,NINGUNA MEDIDA,Canino
2013390001006,2013,6,22:10,LUNES,Cantabria,Cantabria,,Castro-Urdiales,1,0,0,1,1,CARRETERA,VÍAS INTERURBANAS,CA-520,TITULARIDAD AUTONÓMICA,VÍA CONVENCIONAL,GIRATORIA,,SIN DATO,NINGUNA (SOLO NORMA),SECA Y LIMPIA,CREPÚSCULO,BUEN TIEMPO,SIN RESTRICCIÓN,NINGUNA,N,Salida de la vía por la izquierda con colisión (Otro tipo de choque),FLUIDA,NINGUNA MEDIDA,Vacuno
2008390002457,2008,11,21:00,MIÉRCOLES,Cantabria,Cantabria,,"Corrales de Buelna, Los",1,0,0,1,1,CARRETERA,VÍAS INTERURBANAS,A-67,TITULARIDAD ESTATAL,AUTOVÍA,EN T Ó Y,,SIN DATO,NINGUNA (SOLO NORMA),MOJADA,NOCHE: ILUMINACIÓN INSUFICIENTE,BUEN TIEMPO,SIN RESTRICCIÓN,NINGUNA,N,Atropello a animales sueltos,FLUIDA,NINGUNA MEDIDA,Animal no identificado
2009390001794,2009,8,21:00,VIERNES,Cantabria,Cantabria,,"Corrales de Buelna, Los",1,0,0,1,1,ZONA URBANA,VÍAS URBANAS,,TITULARIDAD MUNICIPAL,VÍA CONVENCIONAL,EN T Ó Y,,SIN DATO,NINGUNA (SOLO NORMA),SECA Y LIMPIA,NOCHE: SIN ILUMINACIÓN,BUEN TIEMPO,SIN RESTRICCIÓN,NINGUNA,N,Atropello a animales sueltos,FLUIDA,NINGUNA MEDIDA,Equino
2009390002593,2009,12,22:00,SÁBADO,Cantabria,Cantabria,,,1,0,0,1,1,CARRETERA,VÍAS INTERURBANAS,CA-284,TITULARIDAD AUTONÓMICA,VÍA CONVENCIONAL,EN T Ó Y,,SIN DATO,NINGUNA (SOLO NORMA),SECA Y LIMPIA,NOCHE: ILUMINACIÓN INSUFICIENTE,BUEN TIEMPO,SIN RESTRICCIÓN,NINGUNA,N,Atropello a animales sueltos,FLUIDA,NINGUNA MEDIDA,Equino
2010390000978,2010,5,08:00,MARTES,Cantabria,Cantabria,,,1,0,0,1,1,CARRETERA,VÍAS INTERURBANAS,A-67,TITULARIDAD ESTATAL,AUTOVÍA,EN T Ó Y,,SIN DATO,NINGUNA (SOLO NORMA),SECA Y LIMPIA,PLENO DÍA,BUEN TIEMPO,SIN RESTRICCIÓN,NINGUNA,N,Atropello a animales sueltos,FLUIDA,NINGUNA MEDIDA,Vacuno
2010390001731,2010,8,21:00,DOMINGO,Cantabria,Cantabria,,,2,0,2,0,1,CARRETERA,VÍAS INTERURBANAS,N-611,TITULARIDAD ESTATAL,VÍA CONVENCIONAL,EN T Ó Y,,SIN DATO,NINGUNA (SOLO NORMA),SECA Y LIMPIA,CREPÚSCULO,BUEN TIEMPO,SIN RESTRICCIÓN,NINGUNA,N,Atropello a animales sueltos,FLUIDA,NINGUNA MEDIDA,Jabalí
2011390002261,2011,12,21:00,JUEVES,Cantabria,Cantabria,,,2,0,0,2,1,CARRETERA,VÍAS INTERURBANAS,CA-284,TITULARIDAD AUTONÓMICA,VÍA CONVENCIONAL,EN X Ó +,,SIN DATO,NINGUNA (SOLO NORMA),SECA Y LIMPIA,NOCHE: ILUMINACIÓN INSUFICIENTE,BUEN TIEMPO,SIN RESTRICCIÓN,NINGUNA,N,Atropello a animales sueltos,FLUIDA,NINGUNA MEDIDA,Equino
2011390000963,2011,5,02:00,LUNES,Cantabria,Cantabria,,,2,0,0,2,1,CARRETERA,VÍAS INTERURBANAS,CA-731,TITULARIDAD AUTONÓMICA,VÍA CONVENCIONAL,EN T Ó Y,,SIN DATO,NINGUNA (SOLO NORMA),SECA Y LIMPIA,NOCHE: SIN ILUMINACIÓN,BUEN TIEMPO,SIN RESTRICCIÓN,NINGUNA,N,Atropello a animales sueltos,FLUIDA,NINGUNA MEDIDA,Equino
2012390001814,2012,10,07:00,MIÉRCOLES,Cantabria,Cantabria,,,1,0,0,1,1,CARRETERA,VÍAS INTERURBANAS,CA-284,TITULARIDAD AUTONÓMICA,VÍA CONVENCIONAL,EN T Ó Y,,SIN DATO,NINGUNA (SOLO NORMA),SECA Y LIMPIA,NOCHE: ILUMINACIÓN INSUFICIENTE,BUEN TIEMPO,SIN RESTRICCIÓN,NINGUNA,N,Atropello a animales sueltos,FLUIDA,NINGUNA MEDIDA,Equino
2012390002117,2012,11,18:00,JUEVES,Cantabria,Cantabria,,,1,0,0,1,1,CARRETERA,VÍAS INTERURBANAS,CA-284,TITULARIDAD AUTONÓMICA,VÍA CONVENCIONAL,EN T Ó Y,,SIN DATO,NINGUNA (SOLO NORMA),MOJADA,NOCHE: SIN ILUMINACIÓN,BUEN TIEMPO,SIN RESTRICCIÓN,OTRA,N,Atropello a animales sueltos,FLUIDA,NINGUNA MEDIDA,Equino
2012390002251,2012,12,07:00,MIÉRCOLES,Cantabria,Cantabria,,,1,0,0,1,1,CARRETERA,VÍAS INTERURBANAS,CA-171,TITULARIDAD AUTONÓMICA,VÍA CONVENCIONAL,EN T Ó Y,,SIN DATO,NINGUNA (SOLO NORMA),MOJADA,NOCHE: SIN ILUMINACIÓN,BUEN TIEMPO,SIN RESTRICCIÓN,NINGUNA,N,Atropello a animales sueltos,FLUIDA,NINGUNA MEDIDA,Equino
2013390000509,2013,3,02:40,LUNES,Cantabria,Cantabria,,,2,0,0,2,2,CARRETERA,VÍAS INTERURBANAS,A-67,TITULARIDAD ESTATAL,AUTOVÍA,EN X Ó +,,SIN DATO,NINGUNA (SOLO NORMA),UMBRÍA,NOCHE: SIN ILUMINACIÓN,BUEN TIEMPO,SIN RESTRICCIÓN,NINGUNA,N,Atropello a animales sueltos,FLUIDA,NINGUNA MEDIDA,Equino
2010390001581,2010,8,10:00,SÁBADO,Cantabria,Cantabria,,,2,0,1,1,2,CARRETERA,VÍAS INTERURBANAS,CA-261,TITULARIDAD AUTONÓMICA,VÍA CONVENCIONAL,GIRATORIA,,SIN DATO,NINGUNA (SOLO NORMA),SECA Y LIMPIA,PLENO DÍA,BUEN TIEMPO,SIN RESTRICCIÓN,NINGUNA,N,Otro tipo de accidente,FLUIDA,NINGUNA MEDIDA,Canino
2012390001211,2012,7,19:00,LUNES,Cantabria,Cantabria,,,3,0,0,3,1,CARRETERA,VÍAS INTERURBANAS,CA-651,TITULARIDAD AUTONÓMICA,VÍA CONVENCIONAL,EN X Ó +,,SIN DATO,NINGUNA (SOLO NORMA),MOJADA,PLENO DÍA,LLOVIZNANDO,SIN RESTRICCIÓN,NINGUNA,N,Atropello a animales sueltos,FLUIDA,NINGUNA MEDIDA,Vacuno
2008390001645,2008,8,20:00,SÁBADO,Cantabria,Cantabria,,,2,0,0,2,1,CARRETERA,VÍAS INTERURBANAS,A-8,TITULARIDAD ESTATAL,AUTOVÍA,ENLACE DE ENTRADA,,SIN DATO,NINGUNA (SOLO NORMA),SECA Y LIMPIA,PLENO DÍA,BUEN TIEMPO,SIN RESTRICCIÓN,NINGUNA,N,Salida de la vía por la derecha con colisión (Choque con muro o edifício),FLUIDA,NINGUNA MEDIDA,Ave