ID_ACCIDENTE,ANIO,MES,HORA,DIASEMANA,PROVINCIA,COMUNIDAD_AUTONOMA,ISLA,MUNICIPIO,TOT_VICTIMAS,TOT_MUERTOS,TOT_HERIDOS_GRAVES,TOT_HERIDOS_LEVES,TOT_VEHICULOS_IMPLICADOS,ZONA,ZONA_AGRUPADA,CARRETERA,RED_CARRETERA,TIPO_VIA,TRAZADO_NO_INTERSEC,TIPO_INTERSEC,ACOND_CALZADA,PRIORIDAD,SUPERFICIE_CALZADA,LUMINOSIDAD,FACTORES_ATMOSFERICOS,VISIBILIDAD_RESTRINGIDA,OTRA_CIRCUNSTANCIA,ACERAS,TIPO_ACCIDENTE,DENSIDAD_CIRCULACION,MEDIDAS_ESPECIALES,COD_ANIMAL
2010390002013,2010,9,20:00,MIÉRCOLES,Cantabria,Cantabria,,,2,0,1,1,1,CARRETERA,VÍAS INTERURBANAS,CA-843,TITULARIDAD AUTONÓMICA,VÍA CONVENCIONAL,EN T Ó Y,,SIN DATO,NINGUNA (SOLO NORMA),SECA Y LIMPIA,NOCHE: SIN ILUMINACIÓN,BUEN TIEMPO,SIN RESTRICCIÓN,NINGUNA,N,Atropello a animales sueltos,FLUIDA,NINGUNA MEDIDA,Vacuno
2011390000650,2011,4,14:00,SÁBADO,Cantabria,Cantabria,,,1,0,0,1,1,CARRETERA,VÍAS INTERURBANAS,CA-131,TITULARIDAD AUTONÓMICA,VÍA CONVENCIONAL,EN X Ó +,,SIN DATO,NINGUNA (SOLO NORMA),SECA Y LIMPIA,PLENO DÍA,BUEN TIEMPO,SIN RESTRICCIÓN,NINGUNA,N,Salida de la vía por la derecha con colisión (Choque con cuneta o bordillo),FLUIDA,NINGUNA MEDIDA,Animal no identificado
2012390000970,2012,5,11:00,SÁBADO,Cantabria,Cantabria,,,1,0,1,0,1,CARRETERA,VÍAS INTERURBANAS,CA-264,TITULARIDAD AUTONÓMICA,VÍA CONVENCIONAL,ENLACE DE ENTRADA,,SIN DATO,NINGUNA (SOLO NORMA),SECA Y LIMPIA,PLENO DÍA,BUEN TIEMPO,SIN RESTRICCIÓN,FUERTE DESCENSO,N,Atropello a animales sueltos,FLUIDA,NINGUNA MEDIDA,Felino
2013390000218,2013,1,12:45,JUEVES,Cantabria,Cantabria,,Torrelavega,1,0,0,1,1,CARRETERA,VÍAS INTERURBANAS,CA-282,TITULARIDAD AUTONÓMICA,VÍA CONVENCIONAL,EN X Ó +,,SIN DATO,NINGUNA (SOLO NORMA),SECA Y LIMPIA,PLENO DÍA,BUEN TIEMPO,SIN RESTRICCIÓN,NINGUNA,N,Atropello a animales sueltos,FLUIDA,NINGUNA MEDIDA,Caprino
2013390000343,2013,2,20:40,VIERNES,Cantabria,Cantabria,,,4,0,0,4,1,CARRETERA,VÍAS INTERURBANAS,CA-135,TITULARIDAD AUTONÓMICA,VÍA CONVENCIONAL,EN X Ó +,,SIN DATO,NINGUNA (SOLO NORMA),MOJADA,NOCHE: SIN ILUMINACIÓN,BUEN TIEMPO,SIN RESTRICCIÓN,OBRAS,N,Atropello a animales sueltos,FLUIDA,NINGUNA MEDIDA,Vacuno
2010390000503,2010,3,20:00,MIÉRCOLES,Cantabria,Cantabria,,,1,0,0,1,1,CARRETERA,VÍAS INTERURBANAS,N-611,TITULARIDAD ESTATAL,VÍA CONVENCIONAL,EN X Ó +,,SIN DATO,NINGUNA (SOLO NORMA),MOJADA,NOCHE: SIN ILUMINACIÓN,NEVANDO,FACTORES ATMOSFÉRICOS,NINGUNA,N,Atropello a animales sueltos,FLUIDA,NINGUNA MEDIDA,Equino
2010390002733,2010,12,12:00,MIÉRCOLES,Cantabria,Cantabria,,,1,0,0,1,1,CARRETERA,VÍAS INTERURBANAS,CA-284,TITULARIDAD AUTONÓMICA,VÍA CONVENCIONAL,EN T Ó Y,,SIN DATO,NINGUNA (SOLO NORMA),SECA Y LIMPIA,PLENO DÍA,BUEN TIEMPO,SIN RESTRICCIÓN,NINGUNA,N,Atropello a animales sueltos,FLUIDA,NINGUNA MEDIDA,Ciervo
2012390001885,2012,10,21:00,DOMINGO,Cantabria,Cantabria,,,1,0,1,0,1,CARRETERA,VÍAS INTERURBANAS,CA-284,TITULARIDAD AUTONÓMICA,VÍA CONVENCIONAL,EN T Ó Y,,SIN DATO,NINGUNA (SOLO NORMA),SECA Y LIMPIA,NOCHE: SIN ILUMINACIÓN,BUEN TIEMPO,SIN RESTRICCIÓN,NINGUNA,N,Atropello a animales sueltos,FLUIDA,NINGUNA MEDIDA,Vacuno
2010390000936,2010,5,00:00,MIÉRCOLES,Cantabria,Cantabria,,,2,0,0,2,2,CARRETERA,VÍAS INTERURBANAS,A-67,TITULARIDAD ESTATAL,AUTOVÍA,EN X Ó +,,SIN DATO,NINGUNA (SOLO NORMA),SECA Y LIMPIA,NOCHE: SIN ILUMINACIÓN,LLOVIZNANDO,SIN RESTRICCIÓN,NINGUNA,N,Atropello a animales sueltos,FLUIDA,NINGUNA MEDIDA,Equino
2012390002049,2012,11,07:00,MIÉRCOLES,Cantabria,Cantabria,,,1,0,0,1,1,CARRETERA,VÍAS INTERURBANAS,CA-744,TITULARIDAD AUTONÓMICA,VÍA CONVENCIONAL,EN X Ó +,,SIN DATO,NINGUNA (SOLO NORMA),MOJADA,PLENO DÍA,LLOVIZNANDO,SIN RESTRICCIÓN,NINGUNA,N,Atropello a animales sueltos,FLUIDA,NINGUNA MEDIDA,Vacuno
2012390001730,2012,10,06:00,LUNES,Cantabria,Cantabria,,,1,0,0,1,1,CARRETERA,VÍAS INTERURBANAS,N-611,TITULARIDAD ESTATAL,VÍA CONVENCIONAL,EN T Ó Y,,SIN DATO,NINGUNA (SOLO NORMA),SECA Y LIMPIA,NOCHE: SIN ILUMINACIÓN,BUEN TIEMPO,FACTORES ATMOSFÉRICOS,NINGUNA,N,Atropello a animales sueltos,FLUIDA,NINGUNA MEDIDA,Ciervo
2013390000797,2013,5,01:55,SÁBADO,Cantabria,Cantabria,,,1,0,0,1,1,CARRETERA,VÍAS INTERURBANAS,A-67,TITULARIDAD ESTATAL,AUTOVÍA,,ENLACE DE ENTRADA,NADA ESPECIAL,NINGUNA (SOLO NORMA),SECA Y LIMPIA,NOCHE: ILUMINACIÓN INSUFICIENTE,NIEBLA LIGERA,SIN RESTRICCIÓN,NINGUNA,N,Salida de la vía por la derecha con colisión (Otro tipo de choque),FLUIDA,NINGUNA MEDIDA,Animal no identificado
2012390001790,2012,10,17:00,SÁBADO,Cantabria,Cantabria,,,1,0,0,1,1,CARRETERA,VÍAS INTERURBANAS,CA-274,TITULARIDAD AUTONÓMICA,VÍA CONVENCIONAL,EN T Ó Y,,SIN DATO,NINGUNA (SOLO NORMA),SECA Y LIMPIA,PLENO DÍA,BUEN TIEMPO,SIN RESTRICCIÓN,NINGUNA,N,Atropello a animales sueltos,FLUIDA,NINGUNA MEDIDA,Corzo
2009390002740,2009,12,12:00,DOMINGO,Cantabria,Cantabria,,,1,0,1,0,1,CARRETERA,VÍAS INTERURBANAS,N-621,TITULARIDAD ESTATAL,VÍA CONVENCIONAL,EN T Ó Y,,SIN DATO,NINGUNA (SOLO NORMA),SECA Y LIMPIA,PLENO DÍA,BUEN TIEMPO,SIN RESTRICCIÓN,NINGUNA,N,Atropello a animales sueltos,FLUIDA,NINGUNA MEDIDA,Canino
2009390000793,2009,4,04:00,SÁBADO,Cantabria,Cantabria,,,1,0,0,1,1,CARRETERA,VÍAS INTERURBANAS,A-8,TITULARIDAD ESTATAL,AUTOVÍA,EN X Ó +,,SIN DATO,NINGUNA (SOLO NORMA),SECA Y LIMPIA,NOCHE: ILUMINACIÓN SUFICIENTE,BUEN TIEMPO,SIN RESTRICCIÓN,OTRA,N,Atropello a animales sueltos,FLUIDA,NINGUNA MEDIDA,Corzo
2011390001162,2011,6,01:00,DOMINGO,Cantabria,Cantabria,,,1,0,0,1,1,CARRETERA,VÍAS INTERURBANAS,N-634,TITULARIDAD ESTATAL,VÍA CONVENCIONAL,EN T Ó Y,,SIN DATO,SOLO MARCAS VIALES,SECA Y LIMPIA,NOCHE: SIN ILUMINACIÓN,BUEN TIEMPO,SIN RESTRICCIÓN,NINGUNA,N,Atropello a animales sueltos,FLUIDA,NINGUNA MEDIDA,Canino
2009390001612,2009,8,23:00,VIERNES,Cantabria,Cantabria,,,1,0,0,1,2,CARRETERA,VÍAS INTERURBANAS,CA-270,TITULARIDAD AUTONÓMICA,VÍA CONVENCIONAL,GIRATORIA,,SIN DATO,NINGUNA (SOLO NORMA),SECA Y LIMPIA,NOCHE: SIN ILUMINACIÓN,BUEN TIEMPO,SIN RESTRICCIÓN,NINGUNA,N,Atropello a animales sueltos,FLUIDA,NINGUNA MEDIDA,Vacuno
2011390001948,2011,10,21:00,SÁBADO,Cantabria,Cantabria,,,1,0,0,1,1,CARRETERA,VÍAS INTERURBANAS,CA-143,TITULARIDAD AUTONÓMICA,VÍA CONVENCIONAL,EN T Ó Y,,SIN DATO,SOLO MARCAS VIALES,SECA Y LIMPIA,NOCHE: ILUMINACIÓN INSUFICIENTE,BUEN TIEMPO,SIN RESTRICCIÓN,NINGUNA,N,Atropello a animales sueltos,FLUIDA,NINGUNA MEDIDA,Jabalí
2008390000180,2008,1,18:00,SÁBADO,Cantabria,Cantabria,,,1,0,0,1,1,CARRETERA,VÍAS INTERURBANAS,CA-268,TITULARIDAD AUTONÓMICA,VÍA CONVENCIONAL,GIRATORIA,,SIN DATO,NINGUNA (SOLO NORMA),SECA Y LIMPIA,PLENO DÍA,BUEN TIEMPO,SIN RESTRICCIÓN,NINGUNA,N,Salida de la vía por la izquierda sin colisión (Con vuelco),FLUIDA,NINGUNA MEDIDA,Ave
2013400000678,2013,6,14:00,DOMINGO,Segovia,Castilla y León,,,2,0,0,2,1,CARRETERA,VÍAS INTERURBANAS,SG-945,TITULARIDAD AUTONÓMICA,VÍA CONVENCIONAL,EN T Ó Y,,SIN DATO,NINGUNA (SOLO NORMA),SECA Y LIMPIA,PLENO DÍA,BUEN TIEMPO,SIN RESTRICCIÓN,NINGUNA,N,Atropello a animales sueltos,FLUIDA,NINGUNA MEDIDA,Corzo
2011400000728,2011,10,07:00,VIERNES,Segovia,Castilla y León,,,1,0,1,0,1,CARRETERA,VÍAS INTERURBANAS,SG-P-3421,"TITULARIDAD PROVINCIAL (DIPUTACIÓN, CABILDO O CONSELL)",VÍA CONVENCIONAL,EN T Ó Y,,SIN DATO,NINGUNA (SOLO NORMA),SECA Y LIMPIA,CREPÚSCULO,BUEN TIEMPO,SIN RESTRICCIÓN,NINGUNA,N,Salida de la vía por la derecha sin colisión (Con vuelco),FLUIDA,NINGUNA MEDIDA,Liebre
2012400000287,2012,3,22:00,SÁBADO,Segovia,Castilla y León,,"Espinar, El",3,0,0,3,3,CARRETERA,VÍAS INTERURBANAS,N-VI,TITULARIDAD ESTATAL,VÍA CONVENCIONAL,EN T Ó Y,,SIN DATO,NINGUNA (SOLO NORMA),OTRO TIPO,NOCHE: ILUMINACIÓN INSUFICIENTE,BUEN TIEMPO,SIN RESTRICCIÓN,NINGUNA,N,Colisión de vehículos en marcha (Múltiple o en caravana),FLUIDA,NINGUNA MEDIDA,Jabalí
2013400000937,2013,8,00:25,JUEVES,Segovia,Castilla y León,,,1,0,0,1,1,CARRETERA,VÍAS INTERURBANAS,N-110,TITULARIDAD ESTATAL,VÍA CONVENCIONAL,EN T Ó Y,,SIN DATO,SOLO MARCAS VIALES,SECA Y LIMPIA,NOCHE: SIN ILUMINACIÓN,BUEN TIEMPO,SIN RESTRICCIÓN,NINGUNA,N,Atropello a animales sueltos,FLUIDA,NINGUNA MEDIDA,Canino
2012400000950,2012,8,05:00,MIÉRCOLES,Segovia,Castilla y León,,,1,0,0,1,1,CARRETERA,VÍAS INTERURBANAS,N-110,TITULARIDAD ESTATAL,VÍA CONVENCIONAL,EN T Ó Y,,SIN DATO,NINGUNA (SOLO NORMA),SECA Y LIMPIA,NOCHE: ILUMINACIÓN INSUFICIENTE,BUEN TIEMPO,SIN RESTRICCIÓN,NINGUNA,N,Atropello a animales sueltos,FLUIDA,NINGUNA MEDIDA,Corzo
2008400000697,2008,8,06:00,LUNES,Segovia,Castilla y León,,,1,0,0,1,1,CARRETERA,VÍAS INTERURBANAS,SG-222,TITULARIDAD AUTONÓMICA,VÍA CONVENCIONAL,EN T Ó Y,,SIN DATO,NINGUNA (SOLO NORMA),SECA Y LIMPIA,NOCHE: SIN ILUMINACIÓN,BUEN TIEMPO,SIN RESTRICCIÓN,NINGUNA,N,Atropello a animal conducido o en rebaño,FLUIDA,NINGUNA MEDIDA,Ovino
2008400000886,2008,11,00:00,JUEVES,Segovia,Castilla y León,,,1,0,0,1,1,CARRETERA,VÍAS INTERURBANAS,SG-V-3214,"TITULARIDAD PROVINCIAL (DIPUTACIÓN, CABILDO O CONSELL)",VÍA CONVENCIONAL,ENLACE DE SALIDA,,SIN DATO,NINGUNA (SOLO NORMA),SECA Y LIMPIA,NOCHE: SIN ILUMINACIÓN,BUEN TIEMPO,CONFIGURACIÓN DEL TERRENO,NINGUNA,N,Salida de la vía por la izquierda sin colisión (Con vuelco),FLUIDA,NINGUNA MEDIDA,Liebre
2009400000526,2009,8,22:00,SÁBADO,Segovia,Castilla y León,,,3,0,3,0,1,CARRETERA,VÍAS INTERURBANAS,N-603,TITULARIDAD ESTATAL,VÍA CONVENCIONAL,EN T Ó Y,,SIN DATO,NINGUNA (SOLO NORMA),SECA Y LIMPIA,NOCHE: SIN ILUMINACIÓN,BUEN TIEMPO,SIN RESTRICCIÓN,NINGUNA,N,Salida de la vía por la derecha sin colisión (Con despeñamiento),FLUIDA,NINGUNA MEDIDA,Ovino
2012400000251,2012,3,06:00,VIERNES,Segovia,Castilla y León,,,2,0,0,2,3,CARRETERA,VÍAS INTERURBANAS,N-603,TITULARIDAD ESTATAL,VÍA CONVENCIONAL,EN T Ó Y,,SIN DATO,NINGUNA (SOLO NORMA),SECA Y LIMPIA,PLENO DÍA,BUEN TIEMPO,SIN RESTRICCIÓN,NINGUNA,N,Atropello a animales sueltos,FLUIDA,NINGUNA MEDIDA,Vacuno
2010400000871,2010,10,20:00,DOMINGO,Segovia,Castilla y León,,,2,0,0,2,1,CARRETERA,VÍAS INTERURBANAS,N-110,TITULARIDAD ESTATAL,VÍA CONVENCIONAL,EN T Ó Y,,SIN DATO,NINGUNA (SOLO NORMA),SECA Y LIMPIA,NOCHE: ILUMINACIÓN INSUFICIENTE,BUEN TIEMPO,SIN RESTRICCIÓN,NINGUNA,N,Atropello a animales sueltos,FLUIDA,NINGUNA MEDIDA,Equino
2012400001496,2012,12,23:00,JUEVES,Segovia,Castilla y León,,,1,0,0,1,1,CARRETERA,VÍAS INTERURBANAS,N-VI,TITULARIDAD ESTATAL,VÍA CONVENCIONAL,EN T Ó Y,,SIN DATO,NINGUNA (SOLO NORMA),SECA Y LIMPIA,NOCHE: SIN ILUMINACIÓN,BUEN TIEMPO,SIN RESTRICCIÓN,NINGUNA,N,Atropello a animales sueltos,FLUIDA,NINGUNA MEDIDA,Vacuno
2013400001213,2013,10,22:20,MARTES,Segovia,Castilla y León,,,1,0,0,1,2,CARRETERA,VÍAS INTERURBANAS,N-603,TITULARIDAD ESTATAL,VÍA CONVENCIONAL,EN X Ó +,,SIN DATO,NINGUNA (SOLO NORMA),SECA Y LIMPIA,NOCHE: SIN ILUMINACIÓN,BUEN TIEMPO,SIN RESTRICCIÓN,NINGUNA,N,Atropello a animales sueltos,FLUIDA,NINGUNA MEDIDA,Jabalí
2008400000606,2008,7,14:00,VIERNES,Segovia,Castilla y León,,,2,0,0,2,1,CARRETERA,VÍAS INTERURBANAS,SG-P-6121,"TITULARIDAD PROVINCIAL (DIPUTACIÓN, CABILDO O CONSELL)",VÍA CONVENCIONAL,,EN X Ó +,OTRO TIPO,"SEÑAL DE ""CEDA EL PASO""",SECA Y LIMPIA,PLENO DÍA,BUEN TIEMPO,SIN RESTRICCIÓN,NINGUNA,N,Colisión de vehículo con obstáculo en calzada (Valla de defensa),FLUIDA,NINGUNA MEDIDA,Canino
2009400000086,2009,2,07:00,LUNES,Segovia,Castilla y León,,,1,0,1,0,2,CARRETERA,VÍAS INTERURBANAS,SG-P-6121,"TITULARIDAD PROVINCIAL (DIPUTACIÓN, CABILDO O CONSELL)",VÍA CONVENCIONAL,EN T Ó Y,,SIN DATO,NINGUNA (SOLO NORMA),MOJADA,NOCHE: ILUMINACIÓN INSUFICIENTE,BUEN TIEMPO,SIN RESTRICCIÓN,NINGUNA,N,Atropello a animales sueltos,FLUIDA,NINGUNA MEDIDA,Equino
2010400001105,2010,12,12:00,MARTES,Segovia,Castilla y León,,,1,0,1,0,2,TRAVESÍA,VÍAS URBANAS,99,OTRAS TITULARIDADES,VÍA CONVENCIONAL,EN T Ó Y,,SIN DATO,NINGUNA (SOLO NORMA),MOJADA,PLENO DÍA,LLOVIZNANDO,SIN RESTRICCIÓN,NINGUNA,N,Atropello a animal conducido o en rebaño,FLUIDA,NINGUNA MEDIDA,Equino
2011400000028,2011,1,22:00,VIERNES,Segovia,Castilla y León,,,1,0,1,0,3,CARRETERA,VÍAS INTERURBANAS,SG-P-6121,"TITULARIDAD PROVINCIAL (DIPUTACIÓN, CABILDO O CONSELL)",VÍA CONVENCIONAL,EN T Ó Y,,SIN DATO,NINGUNA (SOLO NORMA),SECA Y LIMPIA,NOCHE: SIN ILUMINACIÓN,BUEN TIEMPO,SIN RESTRICCIÓN,NINGUNA,N,Atropello a animales sueltos,FLUIDA,NINGUNA MEDIDA,Equino
2013400000746,2013,6,00:15,MARTES,Segovia,Castilla y León,,,1,0,0,1,1,CARRETERA,VÍAS INTERURBANAS,SG-P-6121,"TITULARIDAD PROVINCIAL (DIPUTACIÓN, CABILDO O CONSELL)",VÍA CONVENCIONAL,EN T Ó Y,,SIN DATO,NINGUNA (SOLO NORMA),SECA Y LIMPIA,NOCHE: SIN ILUMINACIÓN,BUEN TIEMPO,SIN RESTRICCIÓN,NINGUNA,N,Atropello a animales sueltos,FLUIDA,NINGUNA MEDIDA,Equino
2008400001046,2008,12,19:00,MARTES,Segovia,Castilla y León,,,2,0,0,2,1,CARRETERA,VÍAS INTERURBANAS,SG-V-2346,"TITULARIDAD PROVINCIAL (DIPUTACIÓN, CABILDO O CONSELL)",VÍA CONVENCIONAL,EN T Ó Y,,SIN DATO,NINGUNA (SOLO NORMA),SECA Y LIMPIA,NOCHE: SIN ILUMINACIÓN,BUEN TIEMPO,SIN RESTRICCIÓN,NINGUNA,N,Atropello a animales sueltos,FLUIDA,NINGUNA MEDIDA,Vacuno
2012400000262,2012,3,20:00,SÁBADO,Segovia,Castilla y León,,,1,0,0,1,1,CARRETERA,VÍAS INTERURBANAS,SG-112,TITULARIDAD AUTONÓMICA,VÍA CONVENCIONAL,EN T Ó Y,,SIN DATO,NINGUNA (SOLO NORMA),SECA Y LIMPIA,NOCHE: SIN ILUMINACIÓN,BUEN TIEMPO,SIN RESTRICCIÓN,NINGUNA,N,Atropello a animales sueltos,FLUIDA,NINGUNA MEDIDA,Corzo
2013400000058,2013,1,17:15,VIERNES,Segovia,Castilla y León,,,1,0,0,1,1,CARRETERA,VÍAS INTERURBANAS,N-110,TITULARIDAD ESTATAL,VÍA CONVENCIONAL,EN T Ó Y,,SIN DATO,NINGUNA (SOLO NORMA),SECA Y LIMPIA,PLENO DÍA,BUEN TIEMPO,SIN RESTRICCIÓN,NINGUNA,N,Atropello a animales sueltos,FLUIDA,NINGUNA MEDIDA,Corzo
2008400000595,2008,7,09:00,VIERNES,Segovia,Castilla y León,,Real Sitio de San Ildefonso,1,0,0,1,1,CARRETERA,VÍAS INTERURBANAS,SG-615,TITULARIDAD AUTONÓMICA,VÍA CONVENCIONAL,GIRATORIA,,SIN DATO,NINGUNA (SOLO NORMA),SECA Y LIMPIA,PLENO DÍA,BUEN TIEMPO,CONFIGURACIÓN DEL TERRENO,NINGUNA,N,Atropello a animales sueltos,FLUIDA,NINGUNA MEDIDA,Corzo
2010400000654,2010,8,06:00,DOMINGO,Segovia,Castilla y León,,Real Sitio de San Ildefonso,1,0,0,1,1,CARRETERA,VÍAS INTERURBANAS,SG-F-7133,TITULARIDAD ESTATAL,VÍA CONVENCIONAL,EN T Ó Y,,SIN DATO,NINGUNA (SOLO NORMA),SECA Y LIMPIA,NOCHE: SIN ILUMINACIÓN,BUEN TIEMPO,SIN RESTRICCIÓN,NINGUNA,N,Atropello a animales sueltos,FLUIDA,NINGUNA MEDIDA,Vacuno
2011400000698,2011,10,00:00,DOMINGO,Segovia,Castilla y León,,Real Sitio de San Ildefonso,1,0,0,1,1,CARRETERA,VÍAS INTERURBANAS,SG-P-6121,"TITULARIDAD PROVINCIAL (DIPUTACIÓN, CABILDO O CONSELL)",VÍA CONVENCIONAL,EN T Ó Y,,SIN DATO,NINGUNA (SOLO NORMA),SECA Y LIMPIA,NOCHE: SIN ILUMINACIÓN,BUEN TIEMPO,SIN RESTRICCIÓN,NINGUNA,N,Atropello a animales sueltos,FLUIDA,NINGUNA MEDIDA,Equino
2013400001118,2013,9,04:30,SÁBADO,Segovia,Castilla y León,,Segovia,1,0,0,1,1,ZONA URBANA,VÍAS URBANAS,,TITULARIDAD MUNICIPAL,OTRO TIPO,GIRATORIA,,SIN DATO,NINGUNA (SOLO NORMA),SECA Y LIMPIA,NOCHE: ILUMINACIÓN INSUFICIENTE,BUEN TIEMPO,SIN RESTRICCIÓN,NINGUNA,S,Atropello a animales sueltos,FLUIDA,NINGUNA MEDIDA,Canino
2008400000059,2008,1,20:00,LUNES,Segovia,Castilla y León,,,1,0,0,1,1,CARRETERA,VÍAS INTERURBANAS,N-110,TITULARIDAD ESTATAL,VÍA CONVENCIONAL,EN T Ó Y,,SIN DATO,NINGUNA (SOLO NORMA),SECA Y LIMPIA,NOCHE: SIN ILUMINACIÓN,BUEN TIEMPO,SIN RESTRICCIÓN,NINGUNA,N,Atropello a animales sueltos,FLUIDA,NINGUNA MEDIDA,Jabalí
2012400000566,2012,5,22:00,DOMINGO,Segovia,Castilla y León,,,1,0,0,1,1,CARRETERA,VÍAS INTERURBANAS,N-110,TITULARIDAD ESTATAL,VÍA CONVENCIONAL,EN T Ó Y,,SIN DATO,NINGUNA (SOLO NORMA),SECA Y LIMPIA,NOCHE: SIN ILUMINACIÓN,BUEN TIEMPO,SIN RESTRICCIÓN,NINGUNA,N,Salida de la vía por la izquierda con colisión (Otro tipo de choque),FLUIDA,NINGUNA MEDIDA,Animal no identificado
2013400000904,2013,8,03:50,SÁBADO,Segovia,Castilla y León,,,1,0,0,1,1,CARRETERA,VÍAS INTERURBANAS,CL-603,TITULARIDAD AUTONÓMICA,VÍA CONVENCIONAL,EN X Ó +,,SIN DATO,NINGUNA (SOLO NORMA),SECA Y LIMPIA,NOCHE: SIN ILUMINACIÓN,BUEN TIEMPO,SIN RESTRICCIÓN,NINGUNA,N,Atropello a animales sueltos,FLUIDA,NINGUNA MEDIDA,Corzo
2011400000222,2011,4,13:00,LUNES,Segovia,Castilla y León,,,1,0,0,1,1,CARRETERA,VÍAS INTERURBANAS,SG-P-2322,"TITULARIDAD PROVINCIAL (DIPUTACIÓN, CABILDO O CONSELL)",VÍA CONVENCIONAL,EN X Ó +,,SIN DATO,NINGUNA (SOLO NORMA),SECA Y LIMPIA,PLENO DÍA,BUEN TIEMPO,SIN RESTRICCIÓN,NINGUNA,N,Atropello a animales sueltos,FLUIDA,NINGUNA MEDIDA,Canino
2011400000966,2011,12,16:00,LUNES,Segovia,Castilla y León,,,1,0,0,1,1,CARRETERA,VÍAS INTERURBANAS,SG-500,TITULARIDAD AUTONÓMICA,VÍA CONVENCIONAL,EN T Ó Y,,SIN DATO,NINGUNA (SOLO NORMA),SECA Y LIMPIA,PLENO DÍA,BUEN TIEMPO,SIN RESTRICCIÓN,NINGUNA,N,Atropello a animales sueltos,FLUIDA,NINGUNA MEDIDA,Vacuno
2009400000456,2009,7,22:00,VIERNES,Segovia,Castilla y León,,,1,0,1,0,1,CARRETERA,VÍAS INTERURBANAS,N-603,TITULARIDAD ESTATAL,VÍA CONVENCIONAL,EN T Ó Y,,SIN DATO,NINGUNA (SOLO NORMA),SECA Y LIMPIA,NOCHE: ILUMINACIÓN INSUFICIENTE,BUEN TIEMPO,SIN RESTRICCIÓN,NINGUNA,N,Atropello a animales sueltos,FLUIDA,NINGUNA MEDIDA,Vacuno
2013410000041,2012,11,21:00,JUEVES,Sevilla,Andalucía,,,2,0,0,2,1,CARRETERA,VÍAS INTERURBANAS,A-92,TITULARIDAD AUTONÓMICA,AUTOVÍA,EN X Ó +,,SIN DATO,NINGUNA (SOLO NORMA),SECA Y LIMPIA,NOCHE: SIN ILUMINACIÓN,BUEN TIEMPO,SIN RESTRICCIÓN,NINGUNA,N,Atropello a animales sueltos,FLUIDA,NINGUNA MEDIDA,Animal no identificado
2008410003924,2008,12,19:00,VIERNES,Sevilla,Andalucía,,Alcalá de Guadaíra,1,0,0,1,1,CARRETERA,VÍAS INTERURBANAS,A-8026,TITULARIDAD AUTONÓMICA,VÍA CONVENCIONAL,EN T Ó Y,,SIN DATO,NINGUNA (SOLO NORMA),SECA Y LIMPIA,NOCHE: SIN ILUMINACIÓN,BUEN TIEMPO,SIN RESTRICCIÓN,NINGUNA,N,Atropello a animales sueltos,FLUIDA,NINGUNA MEDIDA,Equino
2008410000001,2008,1,01:00,MARTES,Sevilla,Andalucía,,Alcalá de Guadaíra,1,0,0,1,1,CARRETERA,VÍAS INTERURBANAS,A-376,TITULARIDAD AUTONÓMICA,AUTOVÍA,EN T Ó Y,,SIN DATO,NINGUNA (SOLO NORMA),SECA Y LIMPIA,NOCHE: SIN ILUMINACIÓN,BUEN TIEMPO,SIN RESTRICCIÓN,NINGUNA,N,Salida de la vía por la derecha con colisión (Choque con cuneta o bordillo),FLUIDA,NINGUNA MEDIDA,Animal no identificado
2009410003388,2009,10,05:00,DOMINGO,Sevilla,Andalucía,,Alcalá de Guadaíra,4,0,1,3,2,CARRETERA,VÍAS INTERURBANAS,A-392,TITULARIDAD AUTONÓMICA,VÍA CONVENCIONAL,EN T Ó Y,,SIN DATO,NINGUNA (SOLO NORMA),SECA Y LIMPIA,NOCHE: SIN ILUMINACIÓN,BUEN TIEMPO,SIN RESTRICCIÓN,NINGUNA,N,Colisión de vehículos en marcha (Alcance),FLUIDA,NINGUNA MEDIDA,Equino
2009410000720,2009,2,20:00,MIÉRCOLES,Sevilla,Andalucía,,Alcalá de Guadaíra,1,0,1,0,1,CARRETERA,VÍAS INTERURBANAS,A-8026,TITULARIDAD AUTONÓMICA,VÍA CONVENCIONAL,EN T Ó Y,,SIN DATO,NINGUNA (SOLO NORMA),SECA Y LIMPIA,NOCHE: SIN ILUMINACIÓN,BUEN TIEMPO,SIN RESTRICCIÓN,NINGUNA,N,Atropello a animales sueltos,FLUIDA,NINGUNA MEDIDA,Canino