ID_ACCIDENTE,ANIO,MES,HORA,DIASEMANA,PROVINCIA,COMUNIDAD_AUTONOMA,ISLA,MUNICIPIO,TOT_VICTIMAS,TOT_MUERTOS,TOT_HERIDOS_GRAVES,TOT_HERIDOS_LEVES,TOT_VEHICULOS_IMPLICADOS,ZONA,ZONA_AGRUPADA,CARRETERA,RED_CARRETERA,TIPO_VIA,TRAZADO_NO_INTERSEC,TIPO_INTERSEC,ACOND_CALZADA,PRIORIDAD,SUPERFICIE_CALZADA,LUMINOSIDAD,FACTORES_ATMOSFERICOS,VISIBILIDAD_RESTRINGIDA,OTRA_CIRCUNSTANCIA,ACERAS,TIPO_ACCIDENTE,DENSIDAD_CIRCULACION,MEDIDAS_ESPECIALES,COD_ANIMAL
2009410001277,2009,4,22:00,MARTES,Sevilla,Andalucía,,Alcalá de Guadaíra,4,0,0,4,5,CARRETERA,VÍAS INTERURBANAS,A-92,TITULARIDAD AUTONÓMICA,AUTOVÍA,,ENLACE DE ENTRADA,NADA ESPECIAL,NINGUNA (SOLO NORMA),SECA Y LIMPIA,NOCHE: ILUMINACIÓN INSUFICIENTE,BUEN TIEMPO,SIN RESTRICCIÓN,NINGUNA,N,Colisión de vehículos en marcha (Múltiple o en caravana),FLUIDA,NINGUNA MEDIDA,Canino
2010410002822,2010,7,08:00,SÁBADO,Sevilla,Andalucía,,Alcalá de Guadaíra,2,0,0,2,1,CARRETERA,VÍAS INTERURBANAS,A-92,TITULARIDAD AUTONÓMICA,AUTOVÍA,EN X Ó +,,SIN DATO,NINGUNA (SOLO NORMA),SECA Y LIMPIA,PLENO DÍA,BUEN TIEMPO,SIN RESTRICCIÓN,NINGUNA,N,Salida de la vía por la derecha con colisión (Otro tipo de choque),DENSA,NINGUNA MEDIDA,Canino
2010410004615,2010,12,03:00,VIERNES,Sevilla,Andalucía,,Alcalá de Guadaíra,1,0,1,0,1,CARRETERA,VÍAS INTERURBANAS,A-8026,TITULARIDAD AUTONÓMICA,VÍA CONVENCIONAL,EN T Ó Y,,SIN DATO,NINGUNA (SOLO NORMA),SECA Y LIMPIA,NOCHE: SIN ILUMINACIÓN,BUEN TIEMPO,SIN RESTRICCIÓN,NINGUNA,N,Atropello a animales sueltos,FLUIDA,NINGUNA MEDIDA,Equino
2011410003077,2011,12,16:00,VIERNES,Sevilla,Andalucía,,Alcalá de Guadaíra,2,0,0,2,2,CARRETERA,VÍAS INTERURBANAS,A-92,TITULARIDAD AUTONÓMICA,AUTOVÍA,EN X Ó +,,SIN DATO,NINGUNA (SOLO NORMA),SECA Y LIMPIA,PLENO DÍA,BUEN TIEMPO,SIN RESTRICCIÓN,OTRA,N,Salida de la vía por la derecha con colisión (Otro tipo de choque),FLUIDA,NINGUNA MEDIDA,Canino
2012410003462,2012,9,05:00,SÁBADO,Sevilla,Andalucía,,Alcalá de Guadaíra,1,0,0,1,1,CARRETERA,VÍAS INTERURBANAS,A-360,TITULARIDAD AUTONÓMICA,VÍA CONVENCIONAL,GIRATORIA,,SIN DATO,SOLO MARCAS VIALES,SECA Y LIMPIA,NOCHE: SIN ILUMINACIÓN,BUEN TIEMPO,SIN RESTRICCIÓN,NINGUNA,N,Salida de la vía por la izquierda sin colisión (Con vuelco),FLUIDA,NINGUNA MEDIDA,Canino
2012410003575,2012,9,04:00,DOMINGO,Sevilla,Andalucía,,Alcalá de Guadaíra,1,0,1,0,1,CARRETERA,VÍAS INTERURBANAS,SE-40,TITULARIDAD ESTATAL,AUTOVÍA,EN T Ó Y,,SIN DATO,NINGUNA (SOLO NORMA),SECA Y LIMPIA,NOCHE: ILUMINACIÓN INSUFICIENTE,BUEN TIEMPO,SIN RESTRICCIÓN,NINGUNA,N,Atropello a animales sueltos,FLUIDA,NINGUNA MEDIDA,Equino
2012410004395,2012,12,17:00,SÁBADO,Sevilla,Andalucía,,Alcalá de Guadaíra,1,0,0,1,1,CARRETERA,VÍAS INTERURBANAS,A-92,TITULARIDAD AUTONÓMICA,AUTOVÍA,EN T Ó Y,,SIN DATO,NINGUNA (SOLO NORMA),SECA Y LIMPIA,PLENO DÍA,BUEN TIEMPO,SIN RESTRICCIÓN,NINGUNA,N,Atropello a animales sueltos,FLUIDA,NINGUNA MEDIDA,Canino
2013410003774,2013,11,17:00,VIERNES,Sevilla,Andalucía,,Alcalá de Guadaíra,2,0,0,2,2,ZONA URBANA,VÍAS URBANAS,,TITULARIDAD MUNICIPAL,OTRO TIPO,EN T Ó Y,,SIN DATO,PASO PARA PEATONES,SECA Y LIMPIA,PLENO DÍA,BUEN TIEMPO,SIN RESTRICCIÓN,NINGUNA,S,Colisión de vehículos en marcha (Alcance),FLUIDA,NINGUNA MEDIDA,Ave
2013410003697,2013,11,20:15,LUNES,Sevilla,Andalucía,,Alcalá de Guadaíra,1,0,0,1,1,CARRETERA,VÍAS INTERURBANAS,SE-3204,"TITULARIDAD PROVINCIAL (DIPUTACIÓN, CABILDO O CONSELL)",VÍA CONVENCIONAL,,EN T Ó Y,NADA ESPECIAL,NINGUNA (SOLO NORMA),SECA Y LIMPIA,NOCHE: ILUMINACIÓN INSUFICIENTE,BUEN TIEMPO,SIN RESTRICCIÓN,NINGUNA,N,Salida de la vía por la derecha sin colisión (Con vuelco),FLUIDA,NINGUNA MEDIDA,Canino
2010410000368,2010,1,12:00,DOMINGO,Sevilla,Andalucía,,Alcalá del Río,1,1,0,0,1,CARRETERA,VÍAS INTERURBANAS,A-8006,TITULARIDAD AUTONÓMICA,VÍA CONVENCIONAL,EN T Ó Y,,SIN DATO,NINGUNA (SOLO NORMA),SECA Y LIMPIA,PLENO DÍA,BUEN TIEMPO,SIN RESTRICCIÓN,NINGUNA,N,Atropello a animales sueltos,FLUIDA,NINGUNA MEDIDA,Canino
2010410003772,2010,10,07:00,MIÉRCOLES,Sevilla,Andalucía,,,2,0,1,1,1,CARRETERA,VÍAS INTERURBANAS,A-436,TITULARIDAD AUTONÓMICA,VÍA CONVENCIONAL,EN T Ó Y,,SIN DATO,NINGUNA (SOLO NORMA),SECA Y LIMPIA,NOCHE: SIN ILUMINACIÓN,BUEN TIEMPO,SIN RESTRICCIÓN,NINGUNA,N,Atropello a animales sueltos,FLUIDA,NINGUNA MEDIDA,Ave
2009410002489,2009,8,22:00,MIÉRCOLES,Sevilla,Andalucía,,"Algaba, La",1,0,0,1,1,CARRETERA,VÍAS INTERURBANAS,A-8006,TITULARIDAD AUTONÓMICA,VÍA CONVENCIONAL,EN T Ó Y,,SIN DATO,NINGUNA (SOLO NORMA),SECA Y LIMPIA,NOCHE: ILUMINACIÓN INSUFICIENTE,BUEN TIEMPO,SIN RESTRICCIÓN,NINGUNA,N,Salida de la vía por la derecha con colisión (Choque con cuneta o bordillo),FLUIDA,NINGUNA MEDIDA,Canino
2010410003711,2010,9,18:00,LUNES,Sevilla,Andalucía,,"Algaba, La",1,0,0,1,1,CARRETERA,VÍAS INTERURBANAS,A-8006,TITULARIDAD AUTONÓMICA,VÍA CONVENCIONAL,EN T Ó Y,,SIN DATO,NINGUNA (SOLO NORMA),SECA Y LIMPIA,PLENO DÍA,BUEN TIEMPO,SIN RESTRICCIÓN,NINGUNA,N,Atropello a animales sueltos,FLUIDA,NINGUNA MEDIDA,Canino
2011410002554,2011,11,21:00,MARTES,Sevilla,Andalucía,,Almensilla,1,0,0,1,1,CARRETERA,VÍAS INTERURBANAS,A-8052,TITULARIDAD AUTONÓMICA,VÍA CONVENCIONAL,EN T Ó Y,,SIN DATO,NINGUNA (SOLO NORMA),SECA Y LIMPIA,NOCHE: SIN ILUMINACIÓN,BUEN TIEMPO,SIN RESTRICCIÓN,NINGUNA,N,Atropello a animales sueltos,FLUIDA,NINGUNA MEDIDA,Canino
2012410004096,2012,11,21:00,SÁBADO,Sevilla,Andalucía,,Arahal,1,0,0,1,1,CARRETERA,VÍAS INTERURBANAS,SE-5204,"TITULARIDAD PROVINCIAL (DIPUTACIÓN, CABILDO O CONSELL)",VÍA CONVENCIONAL,EN X Ó +,,SIN DATO,NINGUNA (SOLO NORMA),SECA Y LIMPIA,NOCHE: ILUMINACIÓN INSUFICIENTE,BUEN TIEMPO,SIN RESTRICCIÓN,NINGUNA,N,Salida de la vía por la derecha sin colisión (Con vuelco),FLUIDA,NINGUNA MEDIDA,Conejo
2012410004417,2012,12,13:00,JUEVES,Sevilla,Andalucía,,Arahal,1,0,0,1,1,CARRETERA,VÍAS INTERURBANAS,A-8125,TITULARIDAD AUTONÓMICA,VÍA CONVENCIONAL,EN T Ó Y,,SIN DATO,NINGUNA (SOLO NORMA),SECA Y LIMPIA,PLENO DÍA,BUEN TIEMPO,SIN RESTRICCIÓN,NINGUNA,N,Atropello a animales sueltos,FLUIDA,NINGUNA MEDIDA,Canino
2010410000063,2010,1,20:00,JUEVES,Sevilla,Andalucía,,,1,0,0,1,1,CARRETERA,VÍAS INTERURBANAS,A-474,TITULARIDAD AUTONÓMICA,VÍA CONVENCIONAL,EN T Ó Y,,SIN DATO,NINGUNA (SOLO NORMA),SECA Y LIMPIA,NOCHE: SIN ILUMINACIÓN,BUEN TIEMPO,SIN RESTRICCIÓN,NINGUNA,N,Atropello a animales sueltos,FLUIDA,NINGUNA MEDIDA,Equino
2008410000380,2008,2,20:00,SÁBADO,Sevilla,Andalucía,,Aznalcóllar,1,0,1,0,1,CARRETERA,VÍAS INTERURBANAS,SE-4400,"TITULARIDAD PROVINCIAL (DIPUTACIÓN, CABILDO O CONSELL)",VÍA CONVENCIONAL,EN T Ó Y,,SIN DATO,NINGUNA (SOLO NORMA),SECA Y LIMPIA,NOCHE: SIN ILUMINACIÓN,BUEN TIEMPO,SIN RESTRICCIÓN,NINGUNA,N,Atropello a animal conducido o en rebaño,FLUIDA,NINGUNA MEDIDA,Ovino
2011410000083,2011,1,00:00,MARTES,Sevilla,Andalucía,,Aznalcóllar,4,0,0,4,1,CARRETERA,VÍAS INTERURBANAS,A-477,TITULARIDAD AUTONÓMICA,VÍA CONVENCIONAL,EN T Ó Y,,SIN DATO,SOLO MARCAS VIALES,SECA Y LIMPIA,NOCHE: SIN ILUMINACIÓN,BUEN TIEMPO,SIN RESTRICCIÓN,NINGUNA,N,Atropello a animales sueltos,FLUIDA,NINGUNA MEDIDA,Equino
2008410003738,2008,12,20:00,MARTES,Sevilla,Andalucía,,Benacazón,1,0,1,0,1,CARRETERA,VÍAS INTERURBANAS,A-473,TITULARIDAD AUTONÓMICA,VÍA CONVENCIONAL,EN T Ó Y,,SIN DATO,NINGUNA (SOLO NORMA),SECA Y LIMPIA,NOCHE: ILUMINACIÓN INSUFICIENTE,BUEN TIEMPO,SIN RESTRICCIÓN,NINGUNA,N,Atropello a animales sueltos,FLUIDA,NINGUNA MEDIDA,Equino
2011410002244,2011,10,15:00,DOMINGO,Sevilla,Andalucía,,Benacazón,1,0,1,0,1,CARRETERA,VÍAS INTERURBANAS,A-473,TITULARIDAD AUTONÓMICA,VÍA CONVENCIONAL,ENLACE DE SALIDA,,SIN DATO,NINGUNA (SOLO NORMA),SECA Y LIMPIA,PLENO DÍA,BUEN TIEMPO,SIN RESTRICCIÓN,NINGUNA,N,Salida de la vía por la izquierda con colisión (Choque con árbol o poste),FLUIDA,NINGUNA MEDIDA,Canino
2013410001243,2013,5,00:25,JUEVES,Sevilla,Andalucía,,Bollullos de la Mitación,1,0,0,1,1,CARRETERA,VÍAS INTERURBANAS,A-474,TITULARIDAD AUTONÓMICA,VÍA CONVENCIONAL,EN T Ó Y,,SIN DATO,NINGUNA (SOLO NORMA),SECA Y LIMPIA,NOCHE: SIN ILUMINACIÓN,BUEN TIEMPO,SIN RESTRICCIÓN,NINGUNA,N,Atropello a animales sueltos,FLUIDA,NINGUNA MEDIDA,Equino
2013410004079,2013,12,23:45,DOMINGO,Sevilla,Andalucía,,Bollullos de la Mitación,4,0,0,4,1,CARRETERA,VÍAS INTERURBANAS,A-474,TITULARIDAD AUTONÓMICA,VÍA CONVENCIONAL,EN T Ó Y,,SIN DATO,SOLO MARCAS VIALES,SECA Y LIMPIA,NOCHE: SIN ILUMINACIÓN,BUEN TIEMPO,SIN RESTRICCIÓN,NINGUNA,N,Atropello a animales sueltos,FLUIDA,NINGUNA MEDIDA,Equino
2009410000641,2009,2,02:00,LUNES,Sevilla,Andalucía,,Bormujos,1,0,0,1,2,CARRETERA,VÍAS INTERURBANAS,A-474,TITULARIDAD AUTONÓMICA,VÍA CONVENCIONAL,EN T Ó Y,,SIN DATO,NINGUNA (SOLO NORMA),SECA Y LIMPIA,NOCHE: SIN ILUMINACIÓN,BUEN TIEMPO,SIN RESTRICCIÓN,NINGUNA,N,Atropello a animales sueltos,FLUIDA,NINGUNA MEDIDA,Equino
2011410000938,2011,4,21:00,JUEVES,Sevilla,Andalucía,,Bormujos,2,0,0,2,1,CARRETERA,VÍAS INTERURBANAS,A-474,TITULARIDAD AUTONÓMICA,VÍA CONVENCIONAL,EN T Ó Y,,SIN DATO,NINGUNA (SOLO NORMA),SECA Y LIMPIA,NOCHE: SIN ILUMINACIÓN,BUEN TIEMPO,SIN RESTRICCIÓN,NINGUNA,N,Atropello a animales sueltos,FLUIDA,NINGUNA MEDIDA,Canino
2012410002427,2012,8,05:00,LUNES,Sevilla,Andalucía,,Bormujos,1,0,0,1,1,CARRETERA,VÍAS INTERURBANAS,A-474,TITULARIDAD AUTONÓMICA,VÍA CONVENCIONAL,,ENLACE DE ENTRADA,CARRIL CENTRAL DE ESPERA,NINGUNA (SOLO NORMA),SECA Y LIMPIA,NOCHE: SIN ILUMINACIÓN,BUEN TIEMPO,SIN RESTRICCIÓN,NINGUNA,N,Atropello a animales sueltos,FLUIDA,NINGUNA MEDIDA,Canino
2008410002219,2008,7,05:00,MARTES,Sevilla,Andalucía,,"Cabezas de San Juan, Las",1,1,0,0,1,CARRETERA,VÍAS INTERURBANAS,A-371,TITULARIDAD AUTONÓMICA,VÍA CONVENCIONAL,EN T Ó Y,,SIN DATO,NINGUNA (SOLO NORMA),SECA Y LIMPIA,NOCHE: SIN ILUMINACIÓN,BUEN TIEMPO,CONFIGURACIÓN DEL TERRENO,NINGUNA,N,Atropello a animales sueltos,FLUIDA,NINGUNA MEDIDA,Equino
2010410004393,2010,12,19:00,MIÉRCOLES,Sevilla,Andalucía,,"Cabezas de San Juan, Las",1,0,0,1,1,CARRETERA,VÍAS INTERURBANAS,A-471,TITULARIDAD AUTONÓMICA,VÍA CONVENCIONAL,EN T Ó Y,,SIN DATO,NINGUNA (SOLO NORMA),SECA Y LIMPIA,NOCHE: SIN ILUMINACIÓN,BUEN TIEMPO,SIN RESTRICCIÓN,NINGUNA,N,Atropello a animales sueltos,DENSA,NINGUNA MEDIDA,Equino
2010410004394,2010,12,19:00,MIÉRCOLES,Sevilla,Andalucía,,"Cabezas de San Juan, Las",1,0,0,1,1,CARRETERA,VÍAS INTERURBANAS,A-471,TITULARIDAD AUTONÓMICA,VÍA CONVENCIONAL,EN T Ó Y,,SIN DATO,SOLO MARCAS VIALES,MOJADA,NOCHE: SIN ILUMINACIÓN,LLOVIZNANDO,CONFIGURACIÓN DEL TERRENO,NINGUNA,N,Atropello a animales sueltos,FLUIDA,NINGUNA MEDIDA,Equino
2010410002954,2010,8,11:00,DOMINGO,Sevilla,Andalucía,,"Cabezas de San Juan, Las",3,0,0,3,2,CARRETERA,VÍAS INTERURBANAS,N-IV,TITULARIDAD ESTATAL,VÍA CONVENCIONAL,GIRATORIA,,SIN DATO,NINGUNA (SOLO NORMA),SECA Y LIMPIA,PLENO DÍA,BUEN TIEMPO,CONFIGURACIÓN DEL TERRENO,NINGUNA,N,Colisión de vehículos en marcha (Lateral),FLUIDA,NINGUNA MEDIDA,Conejo
2013410004175,2013,12,20:00,VIERNES,Sevilla,Andalucía,,"Cabezas de San Juan, Las",2,0,0,2,2,CARRETERA,VÍAS INTERURBANAS,SE-9017,OTRAS TITULARIDADES,VÍA CONVENCIONAL,EN T Ó Y,,SIN DATO,NINGUNA (SOLO NORMA),SECA Y LIMPIA,NOCHE: SIN ILUMINACIÓN,BUEN TIEMPO,SIN RESTRICCIÓN,NINGUNA,N,Atropello a animales sueltos,FLUIDA,NINGUNA MEDIDA,Equino
2013410001262,2013,5,01:10,LUNES,Sevilla,Andalucía,,"Cabezas de San Juan, Las",2,0,0,2,1,CARRETERA,VÍAS INTERURBANAS,SE-5209,"TITULARIDAD PROVINCIAL (DIPUTACIÓN, CABILDO O CONSELL)",VÍA CONVENCIONAL,EN T Ó Y,,SIN DATO,NINGUNA (SOLO NORMA),SECA Y LIMPIA,NOCHE: SIN ILUMINACIÓN,BUEN TIEMPO,SIN RESTRICCIÓN,NINGUNA,N,Atropello a animales sueltos,FLUIDA,NINGUNA MEDIDA,Equino
2010410001010,2010,3,13:00,MIÉRCOLES,Sevilla,Andalucía,,Camas,2,0,0,2,1,CARRETERA,VÍAS INTERURBANAS,N-630,TITULARIDAD ESTATAL,VÍA CONVENCIONAL,EN X Ó +,,SIN DATO,SOLO MARCAS VIALES,SECA Y LIMPIA,PLENO DÍA,BUEN TIEMPO,SIN RESTRICCIÓN,NINGUNA,N,Atropello a animales sueltos,FLUIDA,NINGUNA MEDIDA,Animal no identificado
2010410003816,2010,10,21:00,LUNES,Sevilla,Andalucía,,Camas,1,0,0,1,2,CARRETERA,VÍAS INTERURBANAS,SE-30,TITULARIDAD ESTATAL,AUTOVÍA,EN X Ó +,,SIN DATO,SOLO MARCAS VIALES,SECA Y LIMPIA,NOCHE: ILUMINACIÓN INSUFICIENTE,BUEN TIEMPO,SIN RESTRICCIÓN,NINGUNA,N,Colisión de vehículos en marcha (Alcance),FLUIDA,NINGUNA MEDIDA,Canino
2011410002771,2011,11,14:00,JUEVES,Sevilla,Andalucía,,Camas,1,0,0,1,1,CARRETERA,VÍAS INTERURBANAS,SE-30,TITULARIDAD ESTATAL,AUTOVÍA,EN T Ó Y,,SIN DATO,NINGUNA (SOLO NORMA),SECA Y LIMPIA,PLENO DÍA,BUEN TIEMPO,SIN RESTRICCIÓN,NINGUNA,N,Atropello a animales sueltos,FLUIDA,NINGUNA MEDIDA,Canino
2011410000120,2011,1,04:00,MIÉRCOLES,Sevilla,Andalucía,,Camas,1,0,0,1,1,CARRETERA,VÍAS INTERURBANAS,SE-30,TITULARIDAD ESTATAL,AUTOVÍA,EN T Ó Y,,SIN DATO,SOLO MARCAS VIALES,SECA Y LIMPIA,NOCHE: ILUMINACIÓN INSUFICIENTE,BUEN TIEMPO,SIN RESTRICCIÓN,NINGUNA,N,Atropello a animales sueltos,FLUIDA,NINGUNA MEDIDA,Equino
2012410003763,2012,10,21:00,MARTES,Sevilla,Andalucía,,Camas,2,0,1,1,1,CARRETERA,VÍAS INTERURBANAS,SE-3402,"TITULARIDAD PROVINCIAL (DIPUTACIÓN, CABILDO O CONSELL)",VÍA CONVENCIONAL,,EN X Ó +,NADA ESPECIAL,NINGUNA (SOLO NORMA),SECA Y LIMPIA,NOCHE: SIN ILUMINACIÓN,BUEN TIEMPO,SIN RESTRICCIÓN,NINGUNA,N,Atropello a animales sueltos,FLUIDA,NINGUNA MEDIDA,Equino
2010410004379,2010,12,20:00,LUNES,Sevilla,Andalucía,,Cantillana,2,0,0,2,1,CARRETERA,VÍAS INTERURBANAS,A-432,TITULARIDAD AUTONÓMICA,VÍA CONVENCIONAL,EN T Ó Y,,SIN DATO,SOLO MARCAS VIALES,SECA Y LIMPIA,NOCHE: SIN ILUMINACIÓN,BUEN TIEMPO,SIN RESTRICCIÓN,NINGUNA,N,Atropello a animales sueltos,FLUIDA,NINGUNA MEDIDA,Equino
2013410000001,2013,1,01:00,MARTES,Sevilla,Andalucía,,Cantillana,1,0,0,1,1,CARRETERA,VÍAS INTERURBANAS,A-432,TITULARIDAD AUTONÓMICA,VÍA CONVENCIONAL,ENLACE DE ENTRADA,,SIN DATO,NINGUNA (SOLO NORMA),MOJADA,NOCHE: SIN ILUMINACIÓN,LLOVIZNANDO,SIN RESTRICCIÓN,NINGUNA,N,Atropello a animales sueltos,FLUIDA,NINGUNA MEDIDA,Vacuno
2013410002046,2013,8,11:45,DOMINGO,Sevilla,Andalucía,,Cantillana,1,0,0,1,1,CARRETERA,VÍAS INTERURBANAS,SE-4101,"TITULARIDAD PROVINCIAL (DIPUTACIÓN, CABILDO O CONSELL)",VÍA CONVENCIONAL,EN T Ó Y,,SIN DATO,NINGUNA (SOLO NORMA),SECA Y LIMPIA,PLENO DÍA,BUEN TIEMPO,SIN RESTRICCIÓN,NINGUNA,N,Salida de la vía por la derecha con colisión (Otro tipo de choque),FLUIDA,NINGUNA MEDIDA,Animal no identificado
2013410004083,2013,12,01:30,LUNES,Sevilla,Andalucía,,Cantillana,2,0,1,1,1,CARRETERA,VÍAS INTERURBANAS,A-436,TITULARIDAD AUTONÓMICA,VÍA CONVENCIONAL,EN T Ó Y,,SIN DATO,NINGUNA (SOLO NORMA),SECA Y LIMPIA,NOCHE: SIN ILUMINACIÓN,BUEN TIEMPO,SIN RESTRICCIÓN,NINGUNA,N,Salida de la vía por la derecha con colisión (Choque con cuneta o bordillo),FLUIDA,NINGUNA MEDIDA,Canino
2009410004039,2009,12,08:00,VIERNES,Sevilla,Andalucía,,Carmona,1,0,0,1,1,CARRETERA,VÍAS INTERURBANAS,A-4,TITULARIDAD ESTATAL,AUTOVÍA,EN T Ó Y,,SIN DATO,NINGUNA (SOLO NORMA),MOJADA,PLENO DÍA,LLOVIZNANDO,SIN RESTRICCIÓN,NINGUNA,N,Salida de la vía por la izquierda sin colisión (Con vuelco),FLUIDA,NINGUNA MEDIDA,Canino
2009410003186,2009,9,23:00,LUNES,Sevilla,Andalucía,,Carmona,1,0,0,1,1,CARRETERA,VÍAS INTERURBANAS,A-92,TITULARIDAD AUTONÓMICA,AUTOVÍA,EN T Ó Y,,SIN DATO,NINGUNA (SOLO NORMA),SECA Y LIMPIA,NOCHE: SIN ILUMINACIÓN,BUEN TIEMPO,SIN RESTRICCIÓN,NINGUNA,N,Atropello a animales sueltos,FLUIDA,NINGUNA MEDIDA,Equino
2010410002585,2010,7,17:00,JUEVES,Sevilla,Andalucía,,Carmona,1,0,0,1,1,CARRETERA,VÍAS INTERURBANAS,A-8025,TITULARIDAD AUTONÓMICA,VÍA CONVENCIONAL,EN X Ó +,,SIN DATO,SOLO MARCAS VIALES,SECA Y LIMPIA,PLENO DÍA,BUEN TIEMPO,SIN RESTRICCIÓN,NINGUNA,N,Salida de la vía por la derecha sin colisión (Con vuelco),FLUIDA,NINGUNA MEDIDA,Canino
2010410000245,2010,1,19:00,VIERNES,Sevilla,Andalucía,,Carmona,1,0,0,1,1,CARRETERA,VÍAS INTERURBANAS,A-4,TITULARIDAD ESTATAL,AUTOVÍA,EN T Ó Y,,SIN DATO,NINGUNA (SOLO NORMA),SECA Y LIMPIA,NOCHE: ILUMINACIÓN INSUFICIENTE,BUEN TIEMPO,SIN RESTRICCIÓN,NINGUNA,N,Salida de la vía por la izquierda sin colisión (Con vuelco),FLUIDA,NINGUNA MEDIDA,Canino
2010410002912,2010,7,19:00,LUNES,Sevilla,Andalucía,,Carmona,3,0,0,3,1,CARRETERA,VÍAS INTERURBANAS,,TITULARIDAD MUNICIPAL,CAMINO VECINAL,,EN T Ó Y,NADA ESPECIAL,NINGUNA (SOLO NORMA),SECA Y LIMPIA,PLENO DÍA,BUEN TIEMPO,SIN RESTRICCIÓN,NINGUNA,N,Salida de la vía por la derecha con colisión (Choque con muro o edifício),FLUIDA,NINGUNA MEDIDA,Equino
2010410004504,2010,12,07:00,SÁBADO,Sevilla,Andalucía,,Carmona,2,0,0,2,1,CARRETERA,VÍAS INTERURBANAS,A-462,TITULARIDAD AUTONÓMICA,VÍA CONVENCIONAL,EN T Ó Y,,SIN DATO,NINGUNA (SOLO NORMA),MOJADA,NOCHE: SIN ILUMINACIÓN,LLOVIZNANDO,FACTORES ATMOSFÉRICOS,NINGUNA,N,Atropello a animales sueltos,FLUIDA,NINGUNA MEDIDA,Equino
2011410001098,2011,5,13:00,SÁBADO,Sevilla,Andalucía,,Carmona,2,0,0,2,1,CARRETERA,VÍAS INTERURBANAS,A-4,TITULARIDAD ESTATAL,AUTOVÍA,EN T Ó Y,,SIN DATO,NINGUNA (SOLO NORMA),SECA Y LIMPIA,PLENO DÍA,BUEN TIEMPO,SIN RESTRICCIÓN,NINGUNA,N,Salida de la vía por la derecha con colisión (Choque con cuneta o bordillo),FLUIDA,NINGUNA MEDIDA,Animal no identificado
2012410004125,2012,11,07:00,MIÉRCOLES,Sevilla,Andalucía,,Carmona,1,0,0,1,1,CARRETERA,VÍAS INTERURBANAS,A-457,TITULARIDAD AUTONÓMICA,VÍA CONVENCIONAL,EN T Ó Y,,SIN DATO,NINGUNA (SOLO NORMA),SECA Y LIMPIA,NOCHE: SIN ILUMINACIÓN,BUEN TIEMPO,SIN RESTRICCIÓN,NINGUNA,N,Atropello a animales sueltos,FLUIDA,NINGUNA MEDIDA,Canino
2013410003393,2013,11,23:50,JUEVES,Sevilla,Andalucía,,Carmona,1,0,0,1,1,CARRETERA,VÍAS INTERURBANAS,A-4,TITULARIDAD ESTATAL,AUTOPISTA,EN T Ó Y,,SIN DATO,NINGUNA (SOLO NORMA),SECA Y LIMPIA,NOCHE: ILUMINACIÓN INSUFICIENTE,BUEN TIEMPO,SIN RESTRICCIÓN,NINGUNA,N,Atropello a animales sueltos,FLUIDA,NINGUNA MEDIDA,Canino
2013410000047,2013,1,20:15,SÁBADO,Sevilla,Andalucía,,Carmona,1,0,0,1,3,CARRETERA,VÍAS INTERURBANAS,A-4,TITULARIDAD ESTATAL,AUTOVÍA,EN T Ó Y,,SIN DATO,NINGUNA (SOLO NORMA),SECA Y LIMPIA,NOCHE: ILUMINACIÓN INSUFICIENTE,BUEN TIEMPO,SIN RESTRICCIÓN,NINGUNA,N,Atropello a animales sueltos,FLUIDA,NINGUNA MEDIDA,Equino
2013410001870,2013,8,01:15,DOMINGO,Sevilla,Andalucía,,,2,0,0,2,1,CARRETERA,VÍAS INTERURBANAS,A-49,TITULARIDAD ESTATAL,AUTOPISTA,EN T Ó Y,,SIN DATO,NINGUNA (SOLO NORMA),SECA Y LIMPIA,NOCHE: SIN ILUMINACIÓN,BUEN TIEMPO,SIN RESTRICCIÓN,NINGUNA,N,Atropello a animales sueltos,FLUIDA,NINGUNA MEDIDA,Canino
2012410000217,2012,1,20:00,MIÉRCOLES,Sevilla,Andalucía,,Castilblanco de los Arroyos,1,0,0,1,1,CARRETERA,VÍAS INTERURBANAS,SE-5405,"TITULARIDAD PROVINCIAL (DIPUTACIÓN, CABILDO O CONSELL)",VÍA CONVENCIONAL,,EN T Ó Y,NADA ESPECIAL,NINGUNA (SOLO NORMA),SECA Y LIMPIA,NOCHE: SIN ILUMINACIÓN,BUEN TIEMPO,SIN RESTRICCIÓN,NINGUNA,N,Atropello a animales sueltos,FLUIDA,NINGUNA MEDIDA,Equino
2011410000540,2011,2,14:00,VIERNES,Sevilla,Andalucía,,Castilleja de la Cuesta,1,0,1,0,1,CARRETERA,VÍAS INTERURBANAS,A-474,TITULARIDAD AUTONÓMICA,VÍA CONVENCIONAL,EN T Ó Y,,SIN DATO,NINGUNA (SOLO NORMA),SECA Y LIMPIA,PLENO DÍA,BUEN TIEMPO,SIN RESTRICCIÓN,NINGUNA,N,Atropello a animales sueltos,FLUIDA,NINGUNA MEDIDA,Canino