ID_ACCIDENTE,ANIO,MES,HORA,DIASEMANA,PROVINCIA,COMUNIDAD_AUTONOMA,ISLA,MUNICIPIO,TOT_VICTIMAS,TOT_MUERTOS,TOT_HERIDOS_GRAVES,TOT_HERIDOS_LEVES,TOT_VEHICULOS_IMPLICADOS,ZONA,ZONA_AGRUPADA,CARRETERA,RED_CARRETERA,TIPO_VIA,TRAZADO_NO_INTERSEC,TIPO_INTERSEC,ACOND_CALZADA,PRIORIDAD,SUPERFICIE_CALZADA,LUMINOSIDAD,FACTORES_ATMOSFERICOS,VISIBILIDAD_RESTRINGIDA,OTRA_CIRCUNSTANCIA,ACERAS,TIPO_ACCIDENTE,DENSIDAD_CIRCULACION,MEDIDAS_ESPECIALES,COD_ANIMAL
2010450000526,2010,3,12:00,VIERNES,Toledo,Castilla-La Mancha,,,2,0,0,2,1,CARRETERA,VÍAS INTERURBANAS,CM-4160,TITULARIDAD AUTONÓMICA,VÍA CONVENCIONAL,EN T Ó Y,,SIN DATO,NINGUNA (SOLO NORMA),SECA Y LIMPIA,PLENO DÍA,BUEN TIEMPO,SIN RESTRICCIÓN,BACHES,N,Salida de la vía por la izquierda sin colisión (Con vuelco),FLUIDA,NINGUNA MEDIDA,Liebre
2012450000510,2012,4,06:00,LUNES,Toledo,Castilla-La Mancha,,,1,0,0,1,1,CARRETERA,VÍAS INTERURBANAS,CM-401,TITULARIDAD AUTONÓMICA,VÍA CONVENCIONAL,EN T Ó Y,,SIN DATO,NINGUNA (SOLO NORMA),SECA Y LIMPIA,CREPÚSCULO,BUEN TIEMPO,SIN RESTRICCIÓN,CAMBIO DE RASANTE,N,Atropello a animales sueltos,FLUIDA,NINGUNA MEDIDA,Ciervo
2013450001825,2013,11,19:50,LUNES,Toledo,Castilla-La Mancha,,,1,0,0,1,1,CARRETERA,VÍAS INTERURBANAS,CM-4101,TITULARIDAD AUTONÓMICA,VÍA CONVENCIONAL,EN T Ó Y,,SIN DATO,NINGUNA (SOLO NORMA),SECA Y LIMPIA,NOCHE: ILUMINACIÓN INSUFICIENTE,BUEN TIEMPO,SIN RESTRICCIÓN,NINGUNA,N,Atropello a animales sueltos,FLUIDA,NINGUNA MEDIDA,Jabalí
2008450000094,2008,1,22:00,MARTES,Toledo,Castilla-La Mancha,,,1,0,0,1,1,CARRETERA,VÍAS INTERURBANAS,CM-42,TITULARIDAD AUTONÓMICA,AUTOVÍA,,ENLACE DE ENTRADA,NADA ESPECIAL,NINGUNA (SOLO NORMA),SECA Y LIMPIA,NOCHE: SIN ILUMINACIÓN,BUEN TIEMPO,SIN RESTRICCIÓN,NINGUNA,N,Atropello a animales sueltos,FLUIDA,NINGUNA MEDIDA,Canino
2012450000182,2012,1,21:00,VIERNES,Toledo,Castilla-La Mancha,,,1,0,0,1,1,CARRETERA,VÍAS INTERURBANAS,N-403,TITULARIDAD ESTATAL,VÍA CONVENCIONAL,ENLACE DE SALIDA,,SIN DATO,NINGUNA (SOLO NORMA),MOJADA,NOCHE: SIN ILUMINACIÓN,BUEN TIEMPO,OTRA_CAUSA,NINGUNA,N,Salida de la vía por la derecha sin colisión (Otra),FLUIDA,NINGUNA MEDIDA,Jabalí
2009450001524,2009,9,10:00,VIERNES,Toledo,Castilla-La Mancha,,Bargas,1,0,0,1,1,CARRETERA,VÍAS INTERURBANAS,N-403,TITULARIDAD ESTATAL,VÍA CONVENCIONAL,ENLACE DE SALIDA,,SIN DATO,NINGUNA (SOLO NORMA),SECA Y LIMPIA,PLENO DÍA,BUEN TIEMPO,SIN RESTRICCIÓN,NINGUNA,N,Salida de la vía por la izquierda sin colisión (Con vuelco),FLUIDA,NINGUNA MEDIDA,Canino
2011450001672,2011,9,22:00,DOMINGO,Toledo,Castilla-La Mancha,,,2,0,0,2,1,CARRETERA,VÍAS INTERURBANAS,N-502,TITULARIDAD ESTATAL,VÍA CONVENCIONAL,,EN T Ó Y,NADA ESPECIAL,NINGUNA (SOLO NORMA),SECA Y LIMPIA,NOCHE: SIN ILUMINACIÓN,BUEN TIEMPO,SIN RESTRICCIÓN,NINGUNA,N,Salida de la vía por la derecha sin colisión (Con vuelco),FLUIDA,NINGUNA MEDIDA,Canino
2012450000820,2012,5,06:00,LUNES,Toledo,Castilla-La Mancha,,,1,0,0,1,1,CARRETERA,VÍAS INTERURBANAS,TO-2437,"TITULARIDAD PROVINCIAL (DIPUTACIÓN, CABILDO O CONSELL)",VÍA CONVENCIONAL,EN T Ó Y,,SIN DATO,NINGUNA (SOLO NORMA),SECA Y LIMPIA,PLENO DÍA,BUEN TIEMPO,SIN RESTRICCIÓN,NINGUNA,N,Salida de la vía por la derecha sin colisión (Con vuelco),FLUIDA,NINGUNA MEDIDA,Canino
2013450000862,2013,6,22:05,JUEVES,Toledo,Castilla-La Mancha,,,1,0,0,1,1,CARRETERA,VÍAS INTERURBANAS,N-401a,TITULARIDAD ESTATAL,VÍA CONVENCIONAL,EN T Ó Y,,SIN DATO,NINGUNA (SOLO NORMA),SECA Y LIMPIA,NOCHE: SIN ILUMINACIÓN,BUEN TIEMPO,CONFIGURACIÓN DEL TERRENO,NINGUNA,N,Atropello a animales sueltos,FLUIDA,NINGUNA MEDIDA,Otro animal
2009450001688,2009,10,10:00,DOMINGO,Toledo,Castilla-La Mancha,,,1,0,0,1,1,CARRETERA,VÍAS INTERURBANAS,CM-3000,TITULARIDAD AUTONÓMICA,VÍA CONVENCIONAL,EN T Ó Y,,SIN DATO,NINGUNA (SOLO NORMA),SECA Y LIMPIA,PLENO DÍA,BUEN TIEMPO,SIN RESTRICCIÓN,NINGUNA,N,Atropello a animales sueltos,FLUIDA,NINGUNA MEDIDA,Canino
2008450001021,2008,6,08:00,JUEVES,Toledo,Castilla-La Mancha,,,2,0,0,2,2,CARRETERA,VÍAS INTERURBANAS,A-5,TITULARIDAD ESTATAL,AUTOVÍA,EN T Ó Y,,SIN DATO,SOLO MARCAS VIALES,SECA Y LIMPIA,PLENO DÍA,BUEN TIEMPO,SIN RESTRICCIÓN,NINGUNA,N,Atropello a animales sueltos,FLUIDA,NINGUNA MEDIDA,Zorro
2011450001282,2011,7,09:00,MIÉRCOLES,Toledo,Castilla-La Mancha,,,1,0,0,1,1,CARRETERA,VÍAS INTERURBANAS,CM-4101,TITULARIDAD AUTONÓMICA,VÍA CONVENCIONAL,EN T Ó Y,,SIN DATO,NINGUNA (SOLO NORMA),SECA Y LIMPIA,PLENO DÍA,BUEN TIEMPO,SIN RESTRICCIÓN,NINGUNA,N,Atropello a animales sueltos,FLUIDA,NINGUNA MEDIDA,Canino
2008450001945,2008,11,21:00,JUEVES,Toledo,Castilla-La Mancha,,,1,0,0,1,1,CARRETERA,VÍAS INTERURBANAS,CM-4003,TITULARIDAD AUTONÓMICA,VÍA CONVENCIONAL,EN T Ó Y,,SIN DATO,NINGUNA (SOLO NORMA),SECA Y LIMPIA,NOCHE: ILUMINACIÓN INSUFICIENTE,BUEN TIEMPO,SIN RESTRICCIÓN,NINGUNA,N,Atropello a animales sueltos,FLUIDA,NINGUNA MEDIDA,Conejo
2011450002119,2011,12,10:00,DOMINGO,Toledo,Castilla-La Mancha,,,1,0,1,0,1,CARRETERA,VÍAS INTERURBANAS,CM-411,TITULARIDAD AUTONÓMICA,VÍA CONVENCIONAL,EN T Ó Y,,SIN DATO,NINGUNA (SOLO NORMA),SECA Y LIMPIA,PLENO DÍA,BUEN TIEMPO,SIN RESTRICCIÓN,NINGUNA,N,Vuelco en la calzada,FLUIDA,NINGUNA MEDIDA,Ciervo
2009450000984,2009,6,22:00,VIERNES,Toledo,Castilla-La Mancha,,,2,0,1,1,1,CARRETERA,VÍAS INTERURBANAS,CM-4052,TITULARIDAD AUTONÓMICA,VÍA CONVENCIONAL,EN T Ó Y,,SIN DATO,NINGUNA (SOLO NORMA),SECA Y LIMPIA,NOCHE: SIN ILUMINACIÓN,BUEN TIEMPO,SIN RESTRICCIÓN,NINGUNA,N,Atropello a animales sueltos,FLUIDA,NINGUNA MEDIDA,Equino
2013450001814,2013,11,21:45,VIERNES,Toledo,Castilla-La Mancha,,,2,0,0,2,1,CARRETERA,VÍAS INTERURBANAS,CM-4013,TITULARIDAD AUTONÓMICA,VÍA CONVENCIONAL,EN T Ó Y,,SIN DATO,NINGUNA (SOLO NORMA),SECA Y LIMPIA,NOCHE: ILUMINACIÓN INSUFICIENTE,BUEN TIEMPO,SIN RESTRICCIÓN,NINGUNA,N,Atropello a animales sueltos,FLUIDA,NINGUNA MEDIDA,Jabalí
2010450001444,2010,8,18:00,VIERNES,Toledo,Castilla-La Mancha,,,2,0,0,2,1,CARRETERA,VÍAS INTERURBANAS,TO-2324,"TITULARIDAD PROVINCIAL (DIPUTACIÓN, CABILDO O CONSELL)",VÍA CONVENCIONAL,EN T Ó Y,,SIN DATO,NINGUNA (SOLO NORMA),SECA Y LIMPIA,PLENO DÍA,BUEN TIEMPO,SIN RESTRICCIÓN,NINGUNA,N,Atropello a animales sueltos,FLUIDA,NINGUNA MEDIDA,Canino
2010450002224,2010,12,18:00,DOMINGO,Toledo,Castilla-La Mancha,,Consuegra,1,0,0,1,1,CARRETERA,VÍAS INTERURBANAS,CM-4116,TITULARIDAD AUTONÓMICA,VÍA CONVENCIONAL,EN T Ó Y,,SIN DATO,NINGUNA (SOLO NORMA),MOJADA,NOCHE: ILUMINACIÓN INSUFICIENTE,LLOVIZNANDO,SIN RESTRICCIÓN,NINGUNA,N,Salida de la vía por la derecha sin colisión (Con vuelco),FLUIDA,NINGUNA MEDIDA,Liebre
2010450000357,2010,2,11:00,JUEVES,Toledo,Castilla-La Mancha,,Consuegra,1,0,0,1,1,CARRETERA,VÍAS INTERURBANAS,CM-4133,TITULARIDAD AUTONÓMICA,VÍA CONVENCIONAL,,EN T Ó Y,NADA ESPECIAL,NINGUNA (SOLO NORMA),MOJADA,PLENO DÍA,LLOVIZNANDO,SIN RESTRICCIÓN,NINGUNA,N,Atropello a animales sueltos,FLUIDA,NINGUNA MEDIDA,Canino
2012450000562,2012,4,07:00,MARTES,Toledo,Castilla-La Mancha,,Consuegra,1,0,0,1,1,CARRETERA,VÍAS INTERURBANAS,CM-42,TITULARIDAD AUTONÓMICA,AUTOVÍA,EN T Ó Y,,SIN DATO,NINGUNA (SOLO NORMA),SECA Y LIMPIA,NOCHE: SIN ILUMINACIÓN,BUEN TIEMPO,SIN RESTRICCIÓN,NINGUNA,N,Salida de la vía por la izquierda con colisión (Otro tipo de choque),FLUIDA,NINGUNA MEDIDA,Ave
2013450001353,2013,8,13:15,SÁBADO,Toledo,Castilla-La Mancha,,Consuegra,1,0,0,1,1,CARRETERA,VÍAS INTERURBANAS,CM-4133,TITULARIDAD AUTONÓMICA,VÍA CONVENCIONAL,EN T Ó Y,,SIN DATO,NINGUNA (SOLO NORMA),SECA Y LIMPIA,PLENO DÍA,BUEN TIEMPO,SIN RESTRICCIÓN,NINGUNA,N,Atropello a animales sueltos,FLUIDA,NINGUNA MEDIDA,Canino
2010450000052,2010,1,20:00,SÁBADO,Toledo,Castilla-La Mancha,,Corral de Almaguer,1,0,0,1,1,CARRETERA,VÍAS INTERURBANAS,N-301,TITULARIDAD ESTATAL,VÍA CONVENCIONAL,EN T Ó Y,,SIN DATO,NINGUNA (SOLO NORMA),SECA Y LIMPIA,NOCHE: SIN ILUMINACIÓN,BUEN TIEMPO,SIN RESTRICCIÓN,NINGUNA,N,Atropello a animales sueltos,FLUIDA,NINGUNA MEDIDA,Canino
2011450001727,2011,10,20:00,MARTES,Toledo,Castilla-La Mancha,,,1,0,0,1,1,CARRETERA,VÍAS INTERURBANAS,CM-410,TITULARIDAD AUTONÓMICA,VÍA CONVENCIONAL,EN T Ó Y,,SIN DATO,NINGUNA (SOLO NORMA),SECA Y LIMPIA,NOCHE: SIN ILUMINACIÓN,BUEN TIEMPO,SIN RESTRICCIÓN,NINGUNA,N,Atropello a animales sueltos,FLUIDA,NINGUNA MEDIDA,Otro animal
2009450002024,2009,12,10:00,DOMINGO,Toledo,Castilla-La Mancha,,,1,0,0,1,1,CARRETERA,VÍAS INTERURBANAS,TO-1027,"TITULARIDAD PROVINCIAL (DIPUTACIÓN, CABILDO O CONSELL)",VÍA CONVENCIONAL,EN T Ó Y,,SIN DATO,NINGUNA (SOLO NORMA),SECA Y LIMPIA,PLENO DÍA,BUEN TIEMPO,VEGETACIÓN,NINGUNA,N,Atropello a animales sueltos,FLUIDA,NINGUNA MEDIDA,Canino
2010450000232,2010,2,19:00,DOMINGO,Toledo,Castilla-La Mancha,,,3,0,0,3,1,CARRETERA,VÍAS INTERURBANAS,N-403,TITULARIDAD ESTATAL,VÍA CONVENCIONAL,EN T Ó Y,,SIN DATO,NINGUNA (SOLO NORMA),SECA Y LIMPIA,NOCHE: SIN ILUMINACIÓN,BUEN TIEMPO,SIN RESTRICCIÓN,NINGUNA,N,Salida de la vía por la derecha sin colisión (Con vuelco),FLUIDA,NINGUNA MEDIDA,Conejo
2012450000500,2012,3,18:00,SÁBADO,Toledo,Castilla-La Mancha,,,1,0,0,1,1,CARRETERA,VÍAS INTERURBANAS,CM-4131,TITULARIDAD AUTONÓMICA,VÍA CONVENCIONAL,EN T Ó Y,,SIN DATO,NINGUNA (SOLO NORMA),SECA Y LIMPIA,PLENO DÍA,BUEN TIEMPO,SIN RESTRICCIÓN,NINGUNA,N,Atropello a animales sueltos,FLUIDA,NINGUNA MEDIDA,Canino
2011450002067,2011,11,22:00,JUEVES,Toledo,Castilla-La Mancha,,Fuensalida,1,0,0,1,1,CARRETERA,VÍAS INTERURBANAS,CM-4011,TITULARIDAD AUTONÓMICA,VÍA CONVENCIONAL,EN T Ó Y,,SIN DATO,NINGUNA (SOLO NORMA),SECA Y LIMPIA,NOCHE: ILUMINACIÓN INSUFICIENTE,BUEN TIEMPO,SIN RESTRICCIÓN,NINGUNA,N,Atropello a animales sueltos,FLUIDA,NINGUNA MEDIDA,Canino
2011450001816,2011,10,23:00,MIÉRCOLES,Toledo,Castilla-La Mancha,,,1,0,0,1,1,CARRETERA,VÍAS INTERURBANAS,CM-401,TITULARIDAD AUTONÓMICA,VÍA CONVENCIONAL,EN T Ó Y,,SIN DATO,NINGUNA (SOLO NORMA),SECA Y LIMPIA,NOCHE: SIN ILUMINACIÓN,BUEN TIEMPO,SIN RESTRICCIÓN,NINGUNA,N,Salida de la vía por la derecha sin colisión (En llano),FLUIDA,NINGUNA MEDIDA,Canino
2009450001278,2009,7,02:00,DOMINGO,Toledo,Castilla-La Mancha,,,2,0,0,2,1,CARRETERA,VÍAS INTERURBANAS,CM-3005,TITULARIDAD AUTONÓMICA,VÍA CONVENCIONAL,EN T Ó Y,,SIN DATO,NINGUNA (SOLO NORMA),SECA Y LIMPIA,NOCHE: SIN ILUMINACIÓN,BUEN TIEMPO,SIN RESTRICCIÓN,NINGUNA,N,Salida de la vía por la derecha sin colisión (Con vuelco),FLUIDA,NINGUNA MEDIDA,Liebre
2012450000344,2012,2,12:00,MIÉRCOLES,Toledo,Castilla-La Mancha,,,1,0,0,1,1,CARRETERA,VÍAS INTERURBANAS,CM-4006,TITULARIDAD AUTONÓMICA,VÍA CONVENCIONAL,EN T Ó Y,,SIN DATO,NINGUNA (SOLO NORMA),SECA Y LIMPIA,PLENO DÍA,BUEN TIEMPO,SIN RESTRICCIÓN,NINGUNA,N,Salida de la vía por la izquierda sin colisión (Con vuelco),FLUIDA,NINGUNA MEDIDA,Canino
2011450001009,2011,6,23:00,MARTES,Toledo,Castilla-La Mancha,,,1,0,0,1,1,CARRETERA,VÍAS INTERURBANAS,TO-1189,"TITULARIDAD PROVINCIAL (DIPUTACIÓN, CABILDO O CONSELL)",VÍA CONVENCIONAL,EN T Ó Y,,SIN DATO,NINGUNA (SOLO NORMA),SECA Y LIMPIA,NOCHE: SIN ILUMINACIÓN,BUEN TIEMPO,SIN RESTRICCIÓN,NINGUNA,N,Atropello a animales sueltos,FLUIDA,NINGUNA MEDIDA,Vacuno
2011450001762,2011,10,07:00,MARTES,Toledo,Castilla-La Mancha,,,2,0,0,2,3,CARRETERA,VÍAS INTERURBANAS,CM-4102,TITULARIDAD AUTONÓMICA,VÍA CONVENCIONAL,EN T Ó Y,,SIN DATO,NINGUNA (SOLO NORMA),SECA Y LIMPIA,NOCHE: ILUMINACIÓN INSUFICIENTE,BUEN TIEMPO,SIN RESTRICCIÓN,NINGUNA,N,Atropello a animales sueltos,FLUIDA,NINGUNA MEDIDA,Vacuno
2012450001576,2012,9,13:00,MARTES,Toledo,Castilla-La Mancha,,,1,0,0,1,2,CARRETERA,VÍAS INTERURBANAS,N-502,TITULARIDAD ESTATAL,VÍA CONVENCIONAL,EN X Ó +,,SIN DATO,NINGUNA (SOLO NORMA),SECA Y LIMPIA,PLENO DÍA,BUEN TIEMPO,SIN RESTRICCIÓN,NINGUNA,N,Colisión de vehículos en marcha (Alcance),FLUIDA,NINGUNA MEDIDA,Canino
2009450001223,2009,7,00:00,DOMINGO,Toledo,Castilla-La Mancha,,,2,0,0,2,1,CARRETERA,VÍAS INTERURBANAS,CM-4006,TITULARIDAD AUTONÓMICA,VÍA CONVENCIONAL,EN T Ó Y,,SIN DATO,NINGUNA (SOLO NORMA),SECA Y LIMPIA,NOCHE: SIN ILUMINACIÓN,BUEN TIEMPO,SIN RESTRICCIÓN,NINGUNA,N,Salida de la vía por la izquierda sin colisión (Con vuelco),FLUIDA,NINGUNA MEDIDA,Liebre
2010450002192,2010,12,20:00,MARTES,Toledo,Castilla-La Mancha,,,5,0,0,5,1,CARRETERA,VÍAS INTERURBANAS,CL-501,TITULARIDAD AUTONÓMICA,VÍA CONVENCIONAL,EN T Ó Y,,SIN DATO,NINGUNA (SOLO NORMA),SECA Y LIMPIA,NOCHE: SIN ILUMINACIÓN,BUEN TIEMPO,SIN RESTRICCIÓN,NINGUNA,N,Atropello a animales sueltos,FLUIDA,NINGUNA MEDIDA,Equino
2008450000350,2008,2,02:00,DOMINGO,Toledo,Castilla-La Mancha,,Illescas,1,0,0,1,1,CARRETERA,VÍAS INTERURBANAS,A-42,TITULARIDAD ESTATAL,AUTOVÍA,EN X Ó +,,SIN DATO,NINGUNA (SOLO NORMA),SECA Y LIMPIA,NOCHE: SIN ILUMINACIÓN,BUEN TIEMPO,SIN RESTRICCIÓN,NINGUNA,N,Salida de la vía por la derecha con colisión (Otro tipo de choque),FLUIDA,NINGUNA MEDIDA,Animal no identificado
2009450000831,2009,5,23:00,LUNES,Toledo,Castilla-La Mancha,,Illescas,1,0,0,1,1,CARRETERA,VÍAS INTERURBANAS,A-42,TITULARIDAD ESTATAL,AUTOVÍA,EN T Ó Y,,SIN DATO,NINGUNA (SOLO NORMA),SECA Y LIMPIA,NOCHE: SIN ILUMINACIÓN,BUEN TIEMPO,SIN RESTRICCIÓN,NINGUNA,N,Atropello a animales sueltos,FLUIDA,NINGUNA MEDIDA,Canino
2009450001135,2009,7,21:00,JUEVES,Toledo,Castilla-La Mancha,,Illescas,1,0,0,1,1,CARRETERA,VÍAS INTERURBANAS,A-42,TITULARIDAD ESTATAL,AUTOVÍA,EN T Ó Y,,SIN DATO,NINGUNA (SOLO NORMA),SECA Y LIMPIA,CREPÚSCULO,BUEN TIEMPO,SIN RESTRICCIÓN,NINGUNA,N,Salida de la vía por la derecha sin colisión (En llano),FLUIDA,NINGUNA MEDIDA,Canino
2009450001722,2009,10,12:00,DOMINGO,Toledo,Castilla-La Mancha,,Illescas,1,0,0,1,2,CARRETERA,VÍAS INTERURBANAS,A-42,TITULARIDAD ESTATAL,AUTOVÍA,EN X Ó +,,SIN DATO,NINGUNA (SOLO NORMA),SECA Y LIMPIA,PLENO DÍA,BUEN TIEMPO,SIN RESTRICCIÓN,NINGUNA,N,Colisión de vehículos en marcha (Alcance),FLUIDA,NINGUNA MEDIDA,Canino
2010450001994,2010,10,22:00,MIÉRCOLES,Toledo,Castilla-La Mancha,,Illescas,1,0,0,1,1,ZONA URBANA,VÍAS URBANAS,,TITULARIDAD MUNICIPAL,OTRO TIPO,EN T Ó Y,,SIN DATO,NINGUNA (SOLO NORMA),SECA Y LIMPIA,NOCHE: SIN ILUMINACIÓN,BUEN TIEMPO,SIN RESTRICCIÓN,NINGUNA,N,Atropello a animales sueltos,FLUIDA,NINGUNA MEDIDA,Zorro
2011450001843,2011,10,15:00,LUNES,Toledo,Castilla-La Mancha,,Illescas,1,0,0,1,1,CARRETERA,VÍAS INTERURBANAS,A-42,TITULARIDAD ESTATAL,AUTOVÍA,,ENLACE DE SALIDA,NADA ESPECIAL,NINGUNA (SOLO NORMA),SECA Y LIMPIA,PLENO DÍA,BUEN TIEMPO,SIN RESTRICCIÓN,NINGUNA,N,Salida de la vía por la izquierda con colisión (Otro tipo de choque),FLUIDA,NINGUNA MEDIDA,Canino
2011450000694,2011,4,17:00,MARTES,Toledo,Castilla-La Mancha,,,1,0,0,1,1,CARRETERA,VÍAS INTERURBANAS,CM-3001,TITULARIDAD AUTONÓMICA,VÍA CONVENCIONAL,EN T Ó Y,,SIN DATO,NINGUNA (SOLO NORMA),SECA Y LIMPIA,PLENO DÍA,BUEN TIEMPO,SIN RESTRICCIÓN,NINGUNA,N,Salida de la vía por la izquierda sin colisión (Con vuelco),FLUIDA,NINGUNA MEDIDA,Canino
2009450002214,2009,12,19:00,MARTES,Toledo,Castilla-La Mancha,,,1,0,0,1,1,CARRETERA,VÍAS INTERURBANAS,A-5,TITULARIDAD ESTATAL,AUTOVÍA,EN X Ó +,,SIN DATO,NINGUNA (SOLO NORMA),MOJADA,NOCHE: SIN ILUMINACIÓN,LLOVIZNANDO,SIN RESTRICCIÓN,NINGUNA,N,Atropello a animales sueltos,FLUIDA,NINGUNA MEDIDA,Canino
2013450000054,2013,1,06:41,MARTES,Toledo,Castilla-La Mancha,,,1,0,0,1,1,CARRETERA,VÍAS INTERURBANAS,CM-5002,TITULARIDAD AUTONÓMICA,VÍA CONVENCIONAL,EN X Ó +,,SIN DATO,NINGUNA (SOLO NORMA),SECA Y LIMPIA,NOCHE: SIN ILUMINACIÓN,BUEN TIEMPO,SIN RESTRICCIÓN,NINGUNA,N,Atropello a animales sueltos,FLUIDA,NINGUNA MEDIDA,Equino
2010450000858,2010,5,18:00,SÁBADO,Toledo,Castilla-La Mancha,,,1,0,0,1,1,CARRETERA,VÍAS INTERURBANAS,CM-42,TITULARIDAD AUTONÓMICA,AUTOVÍA,EN T Ó Y,,SIN DATO,NINGUNA (SOLO NORMA),SECA Y LIMPIA,PLENO DÍA,BUEN TIEMPO,SIN RESTRICCIÓN,NINGUNA,N,Salida de la vía por la derecha sin colisión (En llano),FLUIDA,NINGUNA MEDIDA,Ave
2012450001375,2012,8,22:00,VIERNES,Toledo,Castilla-La Mancha,,,2,0,0,2,1,CARRETERA,VÍAS INTERURBANAS,TO-1262,"TITULARIDAD PROVINCIAL (DIPUTACIÓN, CABILDO O CONSELL)",VÍA CONVENCIONAL,EN T Ó Y,,SIN DATO,NINGUNA (SOLO NORMA),SECA Y LIMPIA,NOCHE: SIN ILUMINACIÓN,BUEN TIEMPO,SIN RESTRICCIÓN,NINGUNA,N,Atropello a animales sueltos,FLUIDA,NINGUNA MEDIDA,Jabalí
2011450000526,2011,3,22:00,JUEVES,Toledo,Castilla-La Mancha,,Mora,1,0,0,1,1,CARRETERA,VÍAS INTERURBANAS,CM-4005,TITULARIDAD AUTONÓMICA,VÍA CONVENCIONAL,EN T Ó Y,,SIN DATO,NINGUNA (SOLO NORMA),SECA Y LIMPIA,NOCHE: SIN ILUMINACIÓN,OTRO,SIN RESTRICCIÓN,NINGUNA,N,Salida de la vía por la derecha con colisión (Otro tipo de choque),FLUIDA,NINGUNA MEDIDA,Liebre
2013450000919,2013,6,05:45,MIÉRCOLES,Toledo,Castilla-La Mancha,,,1,0,0,1,1,CARRETERA,VÍAS INTERURBANAS,CM-43,TITULARIDAD AUTONÓMICA,AUTOVÍA,EN X Ó +,,SIN DATO,NINGUNA (SOLO NORMA),SECA Y LIMPIA,NOCHE: ILUMINACIÓN INSUFICIENTE,BUEN TIEMPO,SIN RESTRICCIÓN,NINGUNA,N,Atropello a animales sueltos,FLUIDA,NINGUNA MEDIDA,Ave
2010450001207,2010,7,14:00,DOMINGO,Toledo,Castilla-La Mancha,,Ocaña,1,0,0,1,1,CARRETERA,VÍAS INTERURBANAS,CM-4014,TITULARIDAD AUTONÓMICA,VÍA CONVENCIONAL,EN T Ó Y,,SIN DATO,NINGUNA (SOLO NORMA),SECA Y LIMPIA,PLENO DÍA,BUEN TIEMPO,SIN RESTRICCIÓN,NINGUNA,N,Salida de la vía por la derecha sin colisión (En llano),FLUIDA,NINGUNA MEDIDA,Canino
2009450001995,2009,12,18:00,MARTES,Toledo,Castilla-La Mancha,,,1,0,0,1,1,CARRETERA,VÍAS INTERURBANAS,CM-4005,TITULARIDAD AUTONÓMICA,VÍA CONVENCIONAL,EN T Ó Y,,SIN DATO,NINGUNA (SOLO NORMA),SECA Y LIMPIA,NOCHE: SIN ILUMINACIÓN,BUEN TIEMPO,SIN RESTRICCIÓN,NINGUNA,N,Atropello a animales sueltos,FLUIDA,NINGUNA MEDIDA,Jabalí
2009450001899,2009,11,18:00,SÁBADO,Toledo,Castilla-La Mancha,,,2,0,1,1,1,CARRETERA,VÍAS INTERURBANAS,CM-410,TITULARIDAD AUTONÓMICA,VÍA CONVENCIONAL,EN T Ó Y,,SIN DATO,NINGUNA (SOLO NORMA),SECA Y LIMPIA,NOCHE: SIN ILUMINACIÓN,BUEN TIEMPO,SIN RESTRICCIÓN,OBRAS,N,Atropello a animales sueltos,FLUIDA,NINGUNA MEDIDA,Equino
2012450000652,2012,4,21:00,VIERNES,Toledo,Castilla-La Mancha,,,3,0,0,3,1,CARRETERA,VÍAS INTERURBANAS,CM-410,TITULARIDAD AUTONÓMICA,VÍA CONVENCIONAL,EN T Ó Y,,SIN DATO,NINGUNA (SOLO NORMA),MOJADA,CREPÚSCULO,LLOVIZNANDO,SIN RESTRICCIÓN,NINGUNA,N,Atropello a animales sueltos,FLUIDA,NINGUNA MEDIDA,Canino
2012450001632,2012,9,11:00,SÁBADO,Toledo,Castilla-La Mancha,,,1,0,0,1,1,CARRETERA,VÍAS INTERURBANAS,CM-5102,TITULARIDAD AUTONÓMICA,VÍA CONVENCIONAL,EN X Ó +,,SIN DATO,NINGUNA (SOLO NORMA),MOJADA,PLENO DÍA,LLOVIZNANDO,SIN RESTRICCIÓN,NINGUNA,N,Atropello a animales sueltos,FLUIDA,NINGUNA MEDIDA,Jabalí
2013450001267,2013,8,00:20,DOMINGO,Toledo,Castilla-La Mancha,,,1,1,0,0,1,CARRETERA,VÍAS INTERURBANAS,CM-5102,TITULARIDAD AUTONÓMICA,VÍA CONVENCIONAL,EN T Ó Y,,SIN DATO,NINGUNA (SOLO NORMA),SECA Y LIMPIA,NOCHE: SIN ILUMINACIÓN,BUEN TIEMPO,SIN RESTRICCIÓN,NINGUNA,N,Atropello a animales sueltos,FLUIDA,NINGUNA MEDIDA,Equino