ID_ACCIDENTE,ANIO,MES,HORA,DIASEMANA,PROVINCIA,COMUNIDAD_AUTONOMA,ISLA,MUNICIPIO,TOT_VICTIMAS,TOT_MUERTOS,TOT_HERIDOS_GRAVES,TOT_HERIDOS_LEVES,TOT_VEHICULOS_IMPLICADOS,ZONA,ZONA_AGRUPADA,CARRETERA,RED_CARRETERA,TIPO_VIA,TRAZADO_NO_INTERSEC,TIPO_INTERSEC,ACOND_CALZADA,PRIORIDAD,SUPERFICIE_CALZADA,LUMINOSIDAD,FACTORES_ATMOSFERICOS,VISIBILIDAD_RESTRINGIDA,OTRA_CIRCUNSTANCIA,ACERAS,TIPO_ACCIDENTE,DENSIDAD_CIRCULACION,MEDIDAS_ESPECIALES,COD_ANIMAL
2010450001912,2010,10,14:00,SÁBADO,Toledo,Castilla-La Mancha,,,1,0,0,1,1,CARRETERA,VÍAS INTERURBANAS,CM-4004,TITULARIDAD AUTONÓMICA,VÍA CONVENCIONAL,EN T Ó Y,,SIN DATO,NINGUNA (SOLO NORMA),UMBRÍA,PLENO DÍA,BUEN TIEMPO,EDIFICIOS,NINGUNA,N,Salida de la vía por la derecha con colisión (Choque con árbol o poste),FLUIDA,NINGUNA MEDIDA,Canino
2009450000262,2009,2,20:00,MARTES,Toledo,Castilla-La Mancha,,,1,0,1,0,1,ZONA URBANA,VÍAS URBANAS,,TITULARIDAD MUNICIPAL,VÍA CONVENCIONAL,EN T Ó Y,,SIN DATO,NINGUNA (SOLO NORMA),SECA Y LIMPIA,NOCHE: ILUMINACIÓN INSUFICIENTE,BUEN TIEMPO,SIN RESTRICCIÓN,NINGUNA,N,Atropello a animales sueltos,FLUIDA,NINGUNA MEDIDA,Canino
2011450000054,2011,1,15:00,SÁBADO,Toledo,Castilla-La Mancha,,,1,0,0,1,1,CARRETERA,VÍAS INTERURBANAS,CM-4009,TITULARIDAD AUTONÓMICA,VÍA CONVENCIONAL,EN X Ó +,,SIN DATO,NINGUNA (SOLO NORMA),MOJADA,PLENO DÍA,LLUVIA FUERTE,SIN RESTRICCIÓN,NINGUNA,N,Salida de la vía por la izquierda sin colisión (Con vuelco),FLUIDA,NINGUNA MEDIDA,Animal no identificado
2008450001348,2008,8,22:00,DOMINGO,Toledo,Castilla-La Mancha,,,1,0,0,1,1,CARRETERA,VÍAS INTERURBANAS,TO-1262,"TITULARIDAD PROVINCIAL (DIPUTACIÓN, CABILDO O CONSELL)",VÍA CONVENCIONAL,EN T Ó Y,,SIN DATO,OTRA SEÑAL,SECA Y LIMPIA,NOCHE: SIN ILUMINACIÓN,BUEN TIEMPO,SIN RESTRICCIÓN,NINGUNA,N,Atropello a animal conducido o en rebaño,FLUIDA,NINGUNA MEDIDA,Ovino
2013450000307,2013,2,17:15,MARTES,Toledo,Castilla-La Mancha,,,5,0,1,4,1,CARRETERA,VÍAS INTERURBANAS,CM-3012,TITULARIDAD AUTONÓMICA,VÍA CONVENCIONAL,EN X Ó +,,SIN DATO,NINGUNA (SOLO NORMA),MOJADA,PLENO DÍA,LLOVIZNANDO,FACTORES ATMOSFÉRICOS,NINGUNA,N,Salida de la vía por la derecha con colisión (Choque con cuneta o bordillo),FLUIDA,NINGUNA MEDIDA,Canino
2008450000233,2008,2,19:00,DOMINGO,Toledo,Castilla-La Mancha,,Quintanar de la Orden,1,0,0,1,1,CARRETERA,VÍAS INTERURBANAS,N-301,TITULARIDAD ESTATAL,VÍA CONVENCIONAL,EN T Ó Y,,SIN DATO,NINGUNA (SOLO NORMA),SECA Y LIMPIA,NOCHE: ILUMINACIÓN SUFICIENTE,BUEN TIEMPO,SIN RESTRICCIÓN,NINGUNA,N,Atropello a animales sueltos,FLUIDA,NINGUNA MEDIDA,Canino
2012450001798,2012,10,16:00,MARTES,Toledo,Castilla-La Mancha,,,1,0,0,1,1,CARRETERA,VÍAS INTERURBANAS,CM-401,TITULARIDAD AUTONÓMICA,VÍA CONVENCIONAL,ENLACE DE SALIDA,,SIN DATO,NINGUNA (SOLO NORMA),MOJADA,PLENO DÍA,LLOVIZNANDO,SIN RESTRICCIÓN,NINGUNA,N,Salida de la vía por la derecha con colisión (Choque con cuneta o bordillo),FLUIDA,NINGUNA MEDIDA,Canino
2010450000615,2010,4,04:00,LUNES,Toledo,Castilla-La Mancha,,,1,0,0,1,1,CARRETERA,VÍAS INTERURBANAS,CM-4102,TITULARIDAD AUTONÓMICA,VÍA CONVENCIONAL,EN T Ó Y,,SIN DATO,NINGUNA (SOLO NORMA),SECA Y LIMPIA,NOCHE: SIN ILUMINACIÓN,BUEN TIEMPO,SIN RESTRICCIÓN,NINGUNA,N,Atropello a animales sueltos,FLUIDA,NINGUNA MEDIDA,Corzo
2012450000630,2012,4,00:00,DOMINGO,Toledo,Castilla-La Mancha,,,1,0,0,1,1,CARRETERA,VÍAS INTERURBANAS,TO-1368,"TITULARIDAD PROVINCIAL (DIPUTACIÓN, CABILDO O CONSELL)",VÍA CONVENCIONAL,EN T Ó Y,,SIN DATO,NINGUNA (SOLO NORMA),SECA Y LIMPIA,NOCHE: SIN ILUMINACIÓN,BUEN TIEMPO,SIN RESTRICCIÓN,NINGUNA,N,Atropello a animal conducido o en rebaño,FLUIDA,NINGUNA MEDIDA,Vacuno
2013450000647,2013,5,22:15,JUEVES,Toledo,Castilla-La Mancha,,,1,0,1,0,3,CARRETERA,VÍAS INTERURBANAS,CM-5001,TITULARIDAD AUTONÓMICA,VÍA CONVENCIONAL,EN X Ó +,,SIN DATO,NINGUNA (SOLO NORMA),SECA Y LIMPIA,NOCHE: SIN ILUMINACIÓN,BUEN TIEMPO,SIN RESTRICCIÓN,NINGUNA,N,Atropello a animales sueltos,FLUIDA,NINGUNA MEDIDA,Jabalí
2012450000099,2012,1,18:00,VIERNES,Toledo,Castilla-La Mancha,,,1,0,0,1,1,CARRETERA,VÍAS INTERURBANAS,TO-2581,"TITULARIDAD PROVINCIAL (DIPUTACIÓN, CABILDO O CONSELL)",VÍA CONVENCIONAL,EN T Ó Y,,SIN DATO,NINGUNA (SOLO NORMA),SECA Y LIMPIA,NOCHE: ILUMINACIÓN INSUFICIENTE,BUEN TIEMPO,SIN RESTRICCIÓN,NINGUNA,N,Atropello a animales sueltos,FLUIDA,NINGUNA MEDIDA,Jabalí
2011450001902,2011,10,20:00,LUNES,Toledo,Castilla-La Mancha,,,3,0,1,2,4,CARRETERA,VÍAS INTERURBANAS,A-5,TITULARIDAD ESTATAL,AUTOVÍA,EN T Ó Y,,SIN DATO,NINGUNA (SOLO NORMA),SECA Y LIMPIA,NOCHE: SIN ILUMINACIÓN,BUEN TIEMPO,SIN RESTRICCIÓN,NINGUNA,N,Atropello a animales sueltos,FLUIDA,NINGUNA MEDIDA,Canino
2008450001920,2008,11,18:00,DOMINGO,Toledo,Castilla-La Mancha,,Seseña,2,0,0,2,1,CARRETERA,VÍAS INTERURBANAS,A-4,TITULARIDAD ESTATAL,AUTOVÍA,EN T Ó Y,,SIN DATO,NINGUNA (SOLO NORMA),SECA Y LIMPIA,NOCHE: ILUMINACIÓN INSUFICIENTE,BUEN TIEMPO,SIN RESTRICCIÓN,NINGUNA,N,Salida de la vía por la derecha con colisión (Otro tipo de choque),FLUIDA,NINGUNA MEDIDA,Canino
2008450000290,2008,2,07:00,JUEVES,Toledo,Castilla-La Mancha,,,2,0,0,2,1,CARRETERA,VÍAS INTERURBANAS,N-502,TITULARIDAD ESTATAL,VÍA CONVENCIONAL,EN T Ó Y,,SIN DATO,NINGUNA (SOLO NORMA),SECA Y LIMPIA,NOCHE: ILUMINACIÓN INSUFICIENTE,BUEN TIEMPO,SIN RESTRICCIÓN,NINGUNA,N,Atropello a animales sueltos,FLUIDA,NINGUNA MEDIDA,Ciervo
2012450000906,2012,6,05:00,MIÉRCOLES,Toledo,Castilla-La Mancha,,,1,0,0,1,1,CARRETERA,VÍAS INTERURBANAS,N-502,TITULARIDAD ESTATAL,VÍA CONVENCIONAL,EN X Ó +,,SIN DATO,NINGUNA (SOLO NORMA),SECA Y LIMPIA,NOCHE: SIN ILUMINACIÓN,BUEN TIEMPO,SIN RESTRICCIÓN,NINGUNA,N,Atropello a animales sueltos,FLUIDA,NINGUNA MEDIDA,Ciervo
2010450000090,2010,1,21:00,MIÉRCOLES,Toledo,Castilla-La Mancha,,Sonseca,2,0,0,2,2,CARRETERA,VÍAS INTERURBANAS,N-401a,TITULARIDAD ESTATAL,VÍA CONVENCIONAL,EN T Ó Y,,SIN DATO,NINGUNA (SOLO NORMA),MOJADA,NOCHE: ILUMINACIÓN INSUFICIENTE,LLOVIZNANDO,SIN RESTRICCIÓN,NINGUNA,N,Colisión de vehículos en marcha (Lateral),FLUIDA,NINGUNA MEDIDA,Canino
2008450001653,2008,9,06:00,SÁBADO,Toledo,Castilla-La Mancha,,,1,0,0,1,1,CARRETERA,VÍAS INTERURBANAS,CM-5100,TITULARIDAD AUTONÓMICA,VÍA CONVENCIONAL,EN T Ó Y,,SIN DATO,NINGUNA (SOLO NORMA),SECA Y LIMPIA,NOCHE: SIN ILUMINACIÓN,BUEN TIEMPO,SIN RESTRICCIÓN,NINGUNA,N,Atropello a animales sueltos,FLUIDA,NINGUNA MEDIDA,Vacuno
2008450001080,2008,6,21:00,DOMINGO,Toledo,Castilla-La Mancha,,Talavera de la Reina,1,0,0,1,1,CARRETERA,VÍAS INTERURBANAS,N-502,TITULARIDAD ESTATAL,VÍA CONVENCIONAL,EN T Ó Y,,SIN DATO,NINGUNA (SOLO NORMA),SECA Y LIMPIA,PLENO DÍA,BUEN TIEMPO,SIN RESTRICCIÓN,NINGUNA,N,Salida de la vía por la derecha sin colisión (Con vuelco),FLUIDA,NINGUNA MEDIDA,Canino
2008450000285,2008,2,22:00,MIÉRCOLES,Toledo,Castilla-La Mancha,,Talavera de la Reina,2,1,0,1,2,CARRETERA,VÍAS INTERURBANAS,A-5,TITULARIDAD ESTATAL,AUTOVÍA,EN T Ó Y,,SIN DATO,SOLO MARCAS VIALES,SECA Y LIMPIA,NOCHE: SIN ILUMINACIÓN,BUEN TIEMPO,SIN RESTRICCIÓN,NINGUNA,N,Atropello a animales sueltos,FLUIDA,NINGUNA MEDIDA,Vacuno
2011450000050,2011,1,19:00,MIÉRCOLES,Toledo,Castilla-La Mancha,,Talavera de la Reina,1,0,0,1,1,CARRETERA,VÍAS INTERURBANAS,CM-4101,TITULARIDAD AUTONÓMICA,VÍA CONVENCIONAL,EN T Ó Y,,SIN DATO,NINGUNA (SOLO NORMA),SECA Y LIMPIA,CREPÚSCULO,BUEN TIEMPO,SIN RESTRICCIÓN,NINGUNA,N,Atropello a animales sueltos,FLUIDA,NINGUNA MEDIDA,Canino
2011450000488,2011,3,17:00,SÁBADO,Toledo,Castilla-La Mancha,,Talavera de la Reina,4,0,0,4,1,CARRETERA,VÍAS INTERURBANAS,CM-4132,TITULARIDAD AUTONÓMICA,VÍA CONVENCIONAL,EN T Ó Y,,SIN DATO,NINGUNA (SOLO NORMA),SECA Y LIMPIA,PLENO DÍA,BUEN TIEMPO,SIN RESTRICCIÓN,NINGUNA,N,Salida de la vía por la derecha sin colisión (Otra),FLUIDA,NINGUNA MEDIDA,Canino
2012450001279,2012,8,02:00,LUNES,Toledo,Castilla-La Mancha,,Talavera de la Reina,1,0,0,1,1,CARRETERA,VÍAS INTERURBANAS,CM-4101,TITULARIDAD AUTONÓMICA,VÍA CONVENCIONAL,EN T Ó Y,,SIN DATO,NINGUNA (SOLO NORMA),SECA Y LIMPIA,NOCHE: SIN ILUMINACIÓN,BUEN TIEMPO,SIN RESTRICCIÓN,NINGUNA,N,Atropello a animales sueltos,FLUIDA,NINGUNA MEDIDA,Canino
2012450001234,2012,7,18:00,DOMINGO,Toledo,Castilla-La Mancha,,Talavera de la Reina,1,0,0,1,1,ZONA URBANA,VÍAS URBANAS,,TITULARIDAD MUNICIPAL,OTRO TIPO,EN T Ó Y,,SIN DATO,PASO PARA PEATONES,SECA Y LIMPIA,PLENO DÍA,BUEN TIEMPO,SIN RESTRICCIÓN,NINGUNA,N,Atropello a peatón aislado o en grupo,FLUIDA,NINGUNA MEDIDA,Canino
2013450000857,2013,6,21:50,DOMINGO,Toledo,Castilla-La Mancha,,,1,0,0,1,1,CARRETERA,VÍAS INTERURBANAS,N-301,TITULARIDAD ESTATAL,VÍA CONVENCIONAL,EN T Ó Y,,SIN DATO,NINGUNA (SOLO NORMA),SECA Y LIMPIA,NOCHE: SIN ILUMINACIÓN,BUEN TIEMPO,SIN RESTRICCIÓN,NINGUNA,N,Atropello a animales sueltos,FLUIDA,NINGUNA MEDIDA,Canino
2010450000037,2010,1,20:00,DOMINGO,Toledo,Castilla-La Mancha,,Toledo,1,0,0,1,1,CARRETERA,VÍAS INTERURBANAS,N-400,TITULARIDAD ESTATAL,VÍA CONVENCIONAL,EN T Ó Y,,SIN DATO,NINGUNA (SOLO NORMA),MOJADA,NOCHE: SIN ILUMINACIÓN,LLOVIZNANDO,SIN RESTRICCIÓN,NINGUNA,N,Atropello a animales sueltos,FLUIDA,NINGUNA MEDIDA,Canino
2010450001163,2010,7,23:00,LUNES,Toledo,Castilla-La Mancha,,Toledo,1,0,1,0,1,CARRETERA,VÍAS INTERURBANAS,CM-42,TITULARIDAD AUTONÓMICA,AUTOVÍA,,ENLACE DE SALIDA,NADA ESPECIAL,NINGUNA (SOLO NORMA),SECA Y LIMPIA,NOCHE: SIN ILUMINACIÓN,BUEN TIEMPO,SIN RESTRICCIÓN,NINGUNA,N,Atropello a animales sueltos,FLUIDA,NINGUNA MEDIDA,Zorro
2011450000405,2011,2,21:00,SÁBADO,Toledo,Castilla-La Mancha,,Toledo,1,0,0,1,1,CARRETERA,VÍAS INTERURBANAS,N-403,TITULARIDAD ESTATAL,VÍA CONVENCIONAL,,EN T Ó Y,NADA ESPECIAL,"SEÑAL DE ""CEDA EL PASO""",SECA Y LIMPIA,NOCHE: ILUMINACIÓN SUFICIENTE,BUEN TIEMPO,SIN RESTRICCIÓN,NINGUNA,N,Salida de la vía por la izquierda con colisión (Choque con cuneta o bordillo),FLUIDA,NINGUNA MEDIDA,Canino
2008450001054,2008,6,19:00,MIÉRCOLES,Toledo,Castilla-La Mancha,,,1,0,0,1,1,CARRETERA,VÍAS INTERURBANAS,CM-4171,TITULARIDAD AUTONÓMICA,VÍA CONVENCIONAL,ENLACE DE ENTRADA,,SIN DATO,NINGUNA (SOLO NORMA),GRAVILLA SUELTA,PLENO DÍA,BUEN TIEMPO,CONFIGURACIÓN DEL TERRENO,NINGUNA,N,Vuelco en la calzada,FLUIDA,NINGUNA MEDIDA,Ciervo
2010450001654,2010,9,07:00,VIERNES,Toledo,Castilla-La Mancha,,,1,0,0,1,1,CARRETERA,VÍAS INTERURBANAS,A-5,TITULARIDAD ESTATAL,AUTOVÍA,EN T Ó Y,,SIN DATO,NINGUNA (SOLO NORMA),MOJADA,NOCHE: SIN ILUMINACIÓN,BUEN TIEMPO,SIN RESTRICCIÓN,NINGUNA,N,Atropello a animales sueltos,FLUIDA,NINGUNA MEDIDA,Canino
2008450002295,2008,12,10:00,DOMINGO,Toledo,Castilla-La Mancha,,,1,0,0,1,1,ZONA URBANA,VÍAS URBANAS,,TITULARIDAD MUNICIPAL,CAMINO VECINAL,,EN X Ó +,NADA ESPECIAL,NINGUNA (SOLO NORMA),SECA Y LIMPIA,PLENO DÍA,BUEN TIEMPO,SIN RESTRICCIÓN,NINGUNA,N,Atropello a animales sueltos,FLUIDA,NINGUNA MEDIDA,Canino
2008450001598,2008,9,01:00,LUNES,Toledo,Castilla-La Mancha,,,1,0,0,1,1,CARRETERA,VÍAS INTERURBANAS,N-401,TITULARIDAD ESTATAL,VÍA CONVENCIONAL,EN T Ó Y,,SIN DATO,NINGUNA (SOLO NORMA),SECA Y LIMPIA,NOCHE: SIN ILUMINACIÓN,BUEN TIEMPO,SIN RESTRICCIÓN,NINGUNA,N,Salida de la vía por la derecha sin colisión (Con vuelco),FLUIDA,NINGUNA MEDIDA,Zorro
2009450001604,2009,9,16:00,JUEVES,Toledo,Castilla-La Mancha,,,1,0,0,1,1,CARRETERA,VÍAS INTERURBANAS,CAMINO,OTRAS TITULARIDADES,CAMINO VECINAL,EN T Ó Y,,SIN DATO,NINGUNA (SOLO NORMA),GRAVILLA SUELTA,PLENO DÍA,BUEN TIEMPO,SIN RESTRICCIÓN,NINGUNA,N,Salida de la vía por la izquierda sin colisión (Con vuelco),FLUIDA,NINGUNA MEDIDA,Canino
2012450001698,2012,10,23:00,LUNES,Toledo,Castilla-La Mancha,,,1,0,0,1,1,CARRETERA,VÍAS INTERURBANAS,N-401,TITULARIDAD ESTATAL,VÍA CONVENCIONAL,EN T Ó Y,,SIN DATO,NINGUNA (SOLO NORMA),SECA Y LIMPIA,NOCHE: SIN ILUMINACIÓN,BUEN TIEMPO,SIN RESTRICCIÓN,NINGUNA,N,Atropello a animales sueltos,FLUIDA,NINGUNA MEDIDA,Ciervo
2009450001812,2009,11,17:00,DOMINGO,Toledo,Castilla-La Mancha,,,1,0,0,1,1,CARRETERA,VÍAS INTERURBANAS,CM-403,TITULARIDAD AUTONÓMICA,VÍA CONVENCIONAL,EN T Ó Y,,SIN DATO,NINGUNA (SOLO NORMA),SECA Y LIMPIA,PLENO DÍA,BUEN TIEMPO,SIN RESTRICCIÓN,NINGUNA,N,Atropello a animales sueltos,FLUIDA,NINGUNA MEDIDA,Corzo
2010450000345,2010,2,01:00,MARTES,Toledo,Castilla-La Mancha,,,1,0,0,1,1,CARRETERA,VÍAS INTERURBANAS,A-5,TITULARIDAD ESTATAL,AUTOVÍA,EN X Ó +,,SIN DATO,NINGUNA (SOLO NORMA),SECA Y LIMPIA,NOCHE: SIN ILUMINACIÓN,BUEN TIEMPO,SIN RESTRICCIÓN,NINGUNA,N,Atropello a animales sueltos,FLUIDA,NINGUNA MEDIDA,Canino
2010450001625,2010,9,10:00,DOMINGO,Toledo,Castilla-La Mancha,,,1,0,0,1,1,ZONA URBANA,VÍAS URBANAS,,TITULARIDAD MUNICIPAL,OTRO TIPO,,EN T Ó Y,NADA ESPECIAL,PASO PARA PEATONES,SECA Y LIMPIA,PLENO DÍA,BUEN TIEMPO,SIN RESTRICCIÓN,NINGUNA,N,Atropello a animales sueltos,FLUIDA,NINGUNA MEDIDA,Canino
2013450001774,2013,11,14:15,MARTES,Toledo,Castilla-La Mancha,,,1,0,0,1,1,CARRETERA,VÍAS INTERURBANAS,A-5,TITULARIDAD ESTATAL,AUTOVÍA,EN T Ó Y,,SIN DATO,NINGUNA (SOLO NORMA),SECA Y LIMPIA,PLENO DÍA,BUEN TIEMPO,SIN RESTRICCIÓN,NINGUNA,N,Atropello a animales sueltos,FLUIDA,NINGUNA MEDIDA,Canino
2012450001368,2012,8,22:00,JUEVES,Toledo,Castilla-La Mancha,,,1,0,0,1,2,CARRETERA,VÍAS INTERURBANAS,CM-5102,TITULARIDAD AUTONÓMICA,VÍA CONVENCIONAL,EN T Ó Y,,SIN DATO,NINGUNA (SOLO NORMA),SECA Y LIMPIA,NOCHE: SIN ILUMINACIÓN,BUEN TIEMPO,SIN RESTRICCIÓN,NINGUNA,N,Atropello a animales sueltos,FLUIDA,NINGUNA MEDIDA,Vacuno
2012450002012,2012,12,20:00,MARTES,Toledo,Castilla-La Mancha,,,1,0,0,1,1,CARRETERA,VÍAS INTERURBANAS,CM-3012,TITULARIDAD AUTONÓMICA,VÍA CONVENCIONAL,EN T Ó Y,,SIN DATO,NINGUNA (SOLO NORMA),SECA Y LIMPIA,NOCHE: SIN ILUMINACIÓN,BUEN TIEMPO,SIN RESTRICCIÓN,NINGUNA,N,Atropello a animales sueltos,FLUIDA,NINGUNA MEDIDA,Jabalí
2012450001316,2012,8,22:00,MIÉRCOLES,Toledo,Castilla-La Mancha,,,1,0,0,1,1,CARRETERA,VÍAS INTERURBANAS,CM-3012,TITULARIDAD AUTONÓMICA,VÍA CONVENCIONAL,EN T Ó Y,,SIN DATO,NINGUNA (SOLO NORMA),SECA Y LIMPIA,NOCHE: ILUMINACIÓN INSUFICIENTE,BUEN TIEMPO,SIN RESTRICCIÓN,NINGUNA,N,Atropello a animales sueltos,FLUIDA,NINGUNA MEDIDA,Jabalí
2013450001891,2013,12,20:42,SÁBADO,Toledo,Castilla-La Mancha,,,1,0,0,1,1,CARRETERA,VÍAS INTERURBANAS,TO-2875,"TITULARIDAD PROVINCIAL (DIPUTACIÓN, CABILDO O CONSELL)",VÍA CONVENCIONAL,EN T Ó Y,,SIN DATO,NINGUNA (SOLO NORMA),SECA Y LIMPIA,NOCHE: SIN ILUMINACIÓN,BUEN TIEMPO,SIN RESTRICCIÓN,NINGUNA,N,Atropello a animales sueltos,FLUIDA,NINGUNA MEDIDA,Canino
2012450001892,2012,11,11:00,DOMINGO,Toledo,Castilla-La Mancha,,,2,0,0,2,1,CARRETERA,VÍAS INTERURBANAS,CM-4001,TITULARIDAD AUTONÓMICA,VÍA CONVENCIONAL,EN T Ó Y,,SIN DATO,NINGUNA (SOLO NORMA),SECA Y LIMPIA,PLENO DÍA,BUEN TIEMPO,SIN RESTRICCIÓN,NINGUNA,N,Atropello a animales sueltos,FLUIDA,NINGUNA MEDIDA,Canino
2009450001960,2009,11,19:00,VIERNES,Toledo,Castilla-La Mancha,,,2,0,0,2,2,CARRETERA,VÍAS INTERURBANAS,AP-36,TITULARIDAD ESTATAL,AUTOPISTA,EN X Ó +,,SIN DATO,NINGUNA (SOLO NORMA),SECA Y LIMPIA,NOCHE: SIN ILUMINACIÓN,BUEN TIEMPO,SIN RESTRICCIÓN,NINGUNA,N,Atropello a animales sueltos,FLUIDA,NINGUNA MEDIDA,Jabalí
2012450001522,2012,9,00:00,SÁBADO,Toledo,Castilla-La Mancha,,,2,0,0,2,1,CARRETERA,VÍAS INTERURBANAS,N-301,TITULARIDAD ESTATAL,VÍA CONVENCIONAL,EN T Ó Y,,SIN DATO,NINGUNA (SOLO NORMA),SECA Y LIMPIA,NOCHE: SIN ILUMINACIÓN,BUEN TIEMPO,SIN RESTRICCIÓN,NINGUNA,N,Atropello a animales sueltos,FLUIDA,NINGUNA MEDIDA,Jabalí
2013450000115,2013,1,19:40,DOMINGO,Toledo,Castilla-La Mancha,,"Yébenes, Los",1,0,0,1,1,CARRETERA,VÍAS INTERURBANAS,N-401,TITULARIDAD ESTATAL,VÍA CONVENCIONAL,EN T Ó Y,,SIN DATO,NINGUNA (SOLO NORMA),MOJADA,NOCHE: ILUMINACIÓN INSUFICIENTE,BUEN TIEMPO,SIN RESTRICCIÓN,NINGUNA,N,Atropello a animales sueltos,FLUIDA,NINGUNA MEDIDA,Jabalí
2011450000627,2011,4,04:00,SÁBADO,Toledo,Castilla-La Mancha,,Yeles,3,0,0,3,2,TRAVESÍA,VÍAS URBANAS,CM-4010,TITULARIDAD AUTONÓMICA,VÍA CONVENCIONAL,EN T Ó Y,,SIN DATO,NINGUNA (SOLO NORMA),SECA Y LIMPIA,NOCHE: ILUMINACIÓN SUFICIENTE,BUEN TIEMPO,SIN RESTRICCIÓN,NINGUNA,N,Colisión de vehículos en marcha (Alcance),FLUIDA,NINGUNA MEDIDA,Animal no identificado
2012450002129,2012,12,13:00,VIERNES,Toledo,Castilla-La Mancha,,Yeles,1,0,1,0,1,ZONA URBANA,VÍAS URBANAS,,TITULARIDAD MUNICIPAL,OTRO TIPO,EN T Ó Y,,SIN DATO,NINGUNA (SOLO NORMA),UMBRÍA,PLENO DÍA,BUEN TIEMPO,SIN RESTRICCIÓN,NINGUNA,S,Otro tipo de accidente,FLUIDA,NINGUNA MEDIDA,Canino
2010450000124,2010,1,23:00,SÁBADO,Toledo,Castilla-La Mancha,,Yepes,2,0,0,2,1,CARRETERA,VÍAS INTERURBANAS,CM-4005,TITULARIDAD AUTONÓMICA,VÍA CONVENCIONAL,EN T Ó Y,,SIN DATO,SOLO MARCAS VIALES,SECA Y LIMPIA,NOCHE: SIN ILUMINACIÓN,BUEN TIEMPO,SIN RESTRICCIÓN,NINGUNA,N,Salida de la vía por la derecha sin colisión (En llano),FLUIDA,NINGUNA MEDIDA,Canino
2013450001585,2013,10,16:50,MARTES,Toledo,Castilla-La Mancha,,,1,0,0,1,1,CARRETERA,VÍAS INTERURBANAS,A-42,TITULARIDAD ESTATAL,AUTOVÍA,EN T Ó Y,,SIN DATO,NINGUNA (SOLO NORMA),MOJADA,PLENO DÍA,LLOVIZNANDO,SIN RESTRICCIÓN,NINGUNA,N,Atropello a animales sueltos,FLUIDA,NINGUNA MEDIDA,Canino
2008450001581,2008,9,21:00,JUEVES,Toledo,Castilla-La Mancha,,Yuncos,1,0,0,1,1,CARRETERA,VÍAS INTERURBANAS,A-42,TITULARIDAD ESTATAL,AUTOVÍA,EN T Ó Y,,SIN DATO,NINGUNA (SOLO NORMA),SECA Y LIMPIA,NOCHE: ILUMINACIÓN INSUFICIENTE,BUEN TIEMPO,SIN RESTRICCIÓN,NINGUNA,N,Atropello a animales sueltos,FLUIDA,NINGUNA MEDIDA,Ave
2008450000842,2008,5,03:00,DOMINGO,Toledo,Castilla-La Mancha,,Yuncos,2,0,0,2,1,CARRETERA,VÍAS INTERURBANAS,AP-41,TITULARIDAD ESTATAL,AUTOPISTA,EN T Ó Y,,SIN DATO,NINGUNA (SOLO NORMA),SECA Y LIMPIA,NOCHE: SIN ILUMINACIÓN,BUEN TIEMPO,SIN RESTRICCIÓN,NINGUNA,N,Salida de la vía por la derecha con colisión (Otro tipo de choque),FLUIDA,NINGUNA MEDIDA,Conejo
2010450000016,2010,1,17:00,SÁBADO,Toledo,Castilla-La Mancha,,Yuncos,1,0,0,1,1,CARRETERA,VÍAS INTERURBANAS,CM-4004,TITULARIDAD AUTONÓMICA,VÍA CONVENCIONAL,EN X Ó +,,SIN DATO,NINGUNA (SOLO NORMA),SECA Y LIMPIA,PLENO DÍA,BUEN TIEMPO,SIN RESTRICCIÓN,NINGUNA,N,Atropello a animales sueltos,FLUIDA,NINGUNA MEDIDA,Canino
2008450000106,2008,1,20:00,MIÉRCOLES,Toledo,Castilla-La Mancha,,,1,0,0,1,1,CARRETERA,VÍAS INTERURBANAS,N-403,TITULARIDAD ESTATAL,VÍA CONVENCIONAL,EN T Ó Y,,SIN DATO,NINGUNA (SOLO NORMA),SECA Y LIMPIA,NOCHE: SIN ILUMINACIÓN,BUEN TIEMPO,SIN RESTRICCIÓN,NINGUNA,N,Atropello a animales sueltos,FLUIDA,NINGUNA MEDIDA,Canino
2012450000479,2012,3,04:00,DOMINGO,Toledo,Castilla-La Mancha,,,1,0,0,1,1,CARRETERA,VÍAS INTERURBANAS,A-40,TITULARIDAD ESTATAL,AUTOVÍA,EN T Ó Y,,SIN DATO,NINGUNA (SOLO NORMA),SECA Y LIMPIA,NOCHE: ILUMINACIÓN INSUFICIENTE,BUEN TIEMPO,SIN RESTRICCIÓN,NINGUNA,N,Atropello a animales sueltos,FLUIDA,NINGUNA MEDIDA,Ciervo
2011460005805,2011,11,06:00,JUEVES,Valencia/València,Comunitat Valenciana,,,1,0,0,1,1,CARRETERA,VÍAS INTERURBANAS,A-7,TITULARIDAD ESTATAL,AUTOVÍA,EN T Ó Y,,SIN DATO,NINGUNA (SOLO NORMA),SECA Y LIMPIA,NOCHE: SIN ILUMINACIÓN,BUEN TIEMPO,SIN RESTRICCIÓN,NINGUNA,N,Atropello a animales sueltos,FLUIDA,NINGUNA MEDIDA,Jabalí