ID_ACCIDENTE,ANIO,MES,HORA,DIASEMANA,PROVINCIA,COMUNIDAD_AUTONOMA,ISLA,MUNICIPIO,TOT_VICTIMAS,TOT_MUERTOS,TOT_HERIDOS_GRAVES,TOT_HERIDOS_LEVES,TOT_VEHICULOS_IMPLICADOS,ZONA,ZONA_AGRUPADA,CARRETERA,RED_CARRETERA,TIPO_VIA,TRAZADO_NO_INTERSEC,TIPO_INTERSEC,ACOND_CALZADA,PRIORIDAD,SUPERFICIE_CALZADA,LUMINOSIDAD,FACTORES_ATMOSFERICOS,VISIBILIDAD_RESTRINGIDA,OTRA_CIRCUNSTANCIA,ACERAS,TIPO_ACCIDENTE,DENSIDAD_CIRCULACION,MEDIDAS_ESPECIALES,COD_ANIMAL
2011490001077,2011,10,05:00,SÁBADO,Zamora,Castilla y León,,,3,0,1,2,1,CARRETERA,VÍAS INTERURBANAS,CL-527,TITULARIDAD AUTONÓMICA,VÍA CONVENCIONAL,ENLACE DE SALIDA,,SIN DATO,NINGUNA (SOLO NORMA),SECA Y LIMPIA,NOCHE: SIN ILUMINACIÓN,BUEN TIEMPO,CONFIGURACIÓN DEL TERRENO,NINGUNA,N,Atropello a animal conducido o en rebaño,FLUIDA,NINGUNA MEDIDA,Equino
2009490000484,2009,5,01:00,LUNES,Zamora,Castilla y León,,,1,0,0,1,1,CARRETERA,VÍAS INTERURBANAS,N-631,TITULARIDAD ESTATAL,VÍA CONVENCIONAL,EN T Ó Y,,SIN DATO,NINGUNA (SOLO NORMA),SECA Y LIMPIA,NOCHE: SIN ILUMINACIÓN,BUEN TIEMPO,SIN RESTRICCIÓN,NINGUNA,N,Atropello a animales sueltos,FLUIDA,NINGUNA MEDIDA,Jabalí
2009490000209,2009,2,20:00,MARTES,Zamora,Castilla y León,,,1,0,1,0,2,CARRETERA,VÍAS INTERURBANAS,N-631,TITULARIDAD ESTATAL,VÍA CONVENCIONAL,EN T Ó Y,,SIN DATO,NINGUNA (SOLO NORMA),SECA Y LIMPIA,NOCHE: SIN ILUMINACIÓN,BUEN TIEMPO,SIN RESTRICCIÓN,NINGUNA,N,Otro tipo de accidente,FLUIDA,NINGUNA MEDIDA,Jabalí
2012490001079,2012,10,08:00,LUNES,Zamora,Castilla y León,,,1,0,0,1,1,CARRETERA,VÍAS INTERURBANAS,N-631,TITULARIDAD ESTATAL,VÍA CONVENCIONAL,EN T Ó Y,,SIN DATO,NINGUNA (SOLO NORMA),SECA Y LIMPIA,PLENO DÍA,BUEN TIEMPO,SIN RESTRICCIÓN,NINGUNA,N,Atropello a animales sueltos,FLUIDA,NINGUNA MEDIDA,Corzo
2012490001127,2012,10,03:00,LUNES,Zamora,Castilla y León,,,2,0,0,2,1,CARRETERA,VÍAS INTERURBANAS,ZA-311,TITULARIDAD AUTONÓMICA,VÍA CONVENCIONAL,EN T Ó Y,,SIN DATO,NINGUNA (SOLO NORMA),SECA Y LIMPIA,NOCHE: SIN ILUMINACIÓN,BUEN TIEMPO,CONFIGURACIÓN DEL TERRENO,NINGUNA,N,Atropello a animales sueltos,FLUIDA,NINGUNA MEDIDA,Ovino
2009490000449,2009,4,17:00,SÁBADO,Zamora,Castilla y León,,,1,0,0,1,1,CARRETERA,VÍAS INTERURBANAS,ZA-P-2639,"TITULARIDAD PROVINCIAL (DIPUTACIÓN, CABILDO O CONSELL)",VÍA CONVENCIONAL,EN T Ó Y,,SIN DATO,SOLO MARCAS VIALES,SECA Y LIMPIA,PLENO DÍA,BUEN TIEMPO,SIN RESTRICCIÓN,NINGUNA,N,Atropello a animales sueltos,FLUIDA,NINGUNA MEDIDA,Corzo
2008490000852,2008,8,01:00,DOMINGO,Zamora,Castilla y León,,,2,0,0,2,1,CARRETERA,VÍAS INTERURBANAS,ZA-V-2210,"TITULARIDAD PROVINCIAL (DIPUTACIÓN, CABILDO O CONSELL)",VÍA CONVENCIONAL,EN X Ó +,,SIN DATO,NINGUNA (SOLO NORMA),SECA Y LIMPIA,NOCHE: SIN ILUMINACIÓN,BUEN TIEMPO,CONFIGURACIÓN DEL TERRENO,NINGUNA,N,Atropello a animales sueltos,FLUIDA,NINGUNA MEDIDA,Vacuno
2009490001303,2009,11,19:00,DOMINGO,Zamora,Castilla y León,,,1,0,0,1,1,CARRETERA,VÍAS INTERURBANAS,N-631,TITULARIDAD ESTATAL,VÍA CONVENCIONAL,EN T Ó Y,,SIN DATO,NINGUNA (SOLO NORMA),SECA Y LIMPIA,NOCHE: ILUMINACIÓN INSUFICIENTE,BUEN TIEMPO,SIN RESTRICCIÓN,NINGUNA,N,Atropello a animales sueltos,FLUIDA,NINGUNA MEDIDA,Ciervo
2012490001378,2012,11,08:00,LUNES,Zamora,Castilla y León,,,1,0,0,1,1,CARRETERA,VÍAS INTERURBANAS,N-631,TITULARIDAD ESTATAL,VÍA CONVENCIONAL,EN T Ó Y,,SIN DATO,NINGUNA (SOLO NORMA),MOJADA,CREPÚSCULO,LLOVIZNANDO,SIN RESTRICCIÓN,NINGUNA,N,Atropello a animales sueltos,FLUIDA,NINGUNA MEDIDA,Ciervo
2009490001363,2009,11,13:00,VIERNES,Zamora,Castilla y León,,,2,0,0,2,1,CARRETERA,VÍAS INTERURBANAS,N-525,TITULARIDAD ESTATAL,VÍA CONVENCIONAL,EN X Ó +,,SIN DATO,NINGUNA (SOLO NORMA),MOJADA,PLENO DÍA,LLOVIZNANDO,CONFIGURACIÓN DEL TERRENO,NINGUNA,N,Atropello a animales sueltos,FLUIDA,NINGUNA MEDIDA,Ciervo
2010490000748,2010,7,21:00,LUNES,Zamora,Castilla y León,,,1,0,1,0,1,CARRETERA,VÍAS INTERURBANAS,ZA-125,TITULARIDAD AUTONÓMICA,VÍA CONVENCIONAL,EN T Ó Y,,SIN DATO,NINGUNA (SOLO NORMA),SECA Y LIMPIA,PLENO DÍA,BUEN TIEMPO,VEGETACIÓN,OTRA,N,Atropello a animales sueltos,FLUIDA,NINGUNA MEDIDA,Corzo
2009490000532,2009,5,18:00,DOMINGO,Zamora,Castilla y León,,,1,0,0,1,1,VARIANTE,VÍAS INTERURBANAS,PARTICULAR,OTRAS TITULARIDADES,CAMINO VECINAL,EN X Ó +,,SIN DATO,NINGUNA (SOLO NORMA),SECA Y LIMPIA,PLENO DÍA,BUEN TIEMPO,VEGETACIÓN,NINGUNA,N,Salida de la vía por la derecha con colisión (Choque con árbol o poste),FLUIDA,NINGUNA MEDIDA,Canino
2009490001440,2009,12,22:00,SÁBADO,Zamora,Castilla y León,,,5,0,3,2,2,CARRETERA,VÍAS INTERURBANAS,N-631,TITULARIDAD ESTATAL,VÍA CONVENCIONAL,EN T Ó Y,,SIN DATO,NINGUNA (SOLO NORMA),SECA Y LIMPIA,NOCHE: SIN ILUMINACIÓN,VIENTO FUERTE,SIN RESTRICCIÓN,NINGUNA,N,Colisión de vehículos en marcha (Frontal),FLUIDA,NINGUNA MEDIDA,Canino
2010490001165,2010,9,21:00,SÁBADO,Zamora,Castilla y León,,,1,0,0,1,1,CARRETERA,VÍAS INTERURBANAS,N-525,TITULARIDAD ESTATAL,VÍA CONVENCIONAL,EN X Ó +,,SIN DATO,NINGUNA (SOLO NORMA),SECA Y LIMPIA,NOCHE: SIN ILUMINACIÓN,BUEN TIEMPO,SIN RESTRICCIÓN,NINGUNA,N,Atropello a animales sueltos,FLUIDA,NINGUNA MEDIDA,Ciervo
2009490000820,2009,7,22:00,JUEVES,Zamora,Castilla y León,,,1,0,1,0,1,CARRETERA,VÍAS INTERURBANAS,N-525,TITULARIDAD ESTATAL,VÍA CONVENCIONAL,EN T Ó Y,,SIN DATO,NINGUNA (SOLO NORMA),SECA Y LIMPIA,NOCHE: SIN ILUMINACIÓN,BUEN TIEMPO,SIN RESTRICCIÓN,NINGUNA,N,Atropello a animales sueltos,FLUIDA,NINGUNA MEDIDA,Jabalí
2009490000032,2009,1,21:00,JUEVES,Zamora,Castilla y León,,,1,0,0,1,2,CARRETERA,VÍAS INTERURBANAS,A-52,TITULARIDAD ESTATAL,AUTOVÍA,EN T Ó Y,,SIN DATO,NINGUNA (SOLO NORMA),SECA Y LIMPIA,NOCHE: SIN ILUMINACIÓN,BUEN TIEMPO,SIN RESTRICCIÓN,NINGUNA,N,Otro tipo de accidente,FLUIDA,NINGUNA MEDIDA,Ciervo
2009490000077,2009,1,20:00,VIERNES,Zamora,Castilla y León,,,4,0,0,4,1,CARRETERA,VÍAS INTERURBANAS,N-VI,TITULARIDAD ESTATAL,VÍA CONVENCIONAL,EN X Ó +,,SIN DATO,NINGUNA (SOLO NORMA),SECA Y LIMPIA,NOCHE: SIN ILUMINACIÓN,BUEN TIEMPO,SIN RESTRICCIÓN,NINGUNA,N,Salida de la vía por la derecha sin colisión (Con vuelco),FLUIDA,NINGUNA MEDIDA,Jabalí
2010490001147,2010,9,01:00,DOMINGO,Zamora,Castilla y León,,,1,0,0,1,1,CARRETERA,VÍAS INTERURBANAS,N-630,TITULARIDAD ESTATAL,VÍA CONVENCIONAL,EN T Ó Y,,SIN DATO,NINGUNA (SOLO NORMA),SECA Y LIMPIA,NOCHE: SIN ILUMINACIÓN,BUEN TIEMPO,SIN RESTRICCIÓN,NINGUNA,N,Atropello a animales sueltos,FLUIDA,NINGUNA MEDIDA,Canino
2011490000883,2011,8,22:00,LUNES,Zamora,Castilla y León,,,1,0,0,1,1,CARRETERA,VÍAS INTERURBANAS,N-525,TITULARIDAD ESTATAL,VÍA CONVENCIONAL,EN T Ó Y,,SIN DATO,NINGUNA (SOLO NORMA),SECA Y LIMPIA,NOCHE: SIN ILUMINACIÓN,BUEN TIEMPO,SIN RESTRICCIÓN,NINGUNA,N,Atropello a animales sueltos,FLUIDA,NINGUNA MEDIDA,Jabalí
2010490000416,2010,4,00:00,JUEVES,Zamora,Castilla y León,,,1,0,0,1,1,CARRETERA,VÍAS INTERURBANAS,N-630,TITULARIDAD ESTATAL,VÍA CONVENCIONAL,EN T Ó Y,,SIN DATO,NINGUNA (SOLO NORMA),SECA Y LIMPIA,PLENO DÍA,BUEN TIEMPO,SIN RESTRICCIÓN,NINGUNA,N,Atropello a animales sueltos,FLUIDA,NINGUNA MEDIDA,Ciervo
2009490001140,2009,10,21:00,JUEVES,Zamora,Castilla y León,,,1,0,0,1,1,CARRETERA,VÍAS INTERURBANAS,A-52,TITULARIDAD ESTATAL,AUTOVÍA,EN T Ó Y,,SIN DATO,NINGUNA (SOLO NORMA),SECA Y LIMPIA,NOCHE: SIN ILUMINACIÓN,BUEN TIEMPO,SIN RESTRICCIÓN,NINGUNA,N,Atropello a animales sueltos,FLUIDA,NINGUNA MEDIDA,Ciervo
2010490000888,2010,7,22:00,DOMINGO,Zamora,Castilla y León,,,1,0,0,1,1,CARRETERA,VÍAS INTERURBANAS,N-525,TITULARIDAD ESTATAL,VÍA CONVENCIONAL,EN T Ó Y,,SIN DATO,NINGUNA (SOLO NORMA),SECA Y LIMPIA,NOCHE: ILUMINACIÓN INSUFICIENTE,BUEN TIEMPO,VEGETACIÓN,NINGUNA,N,Atropello a animales sueltos,FLUIDA,NINGUNA MEDIDA,Jabalí
2008490001034,2008,9,00:00,JUEVES,Zamora,Castilla y León,,,1,0,0,1,1,CARRETERA,VÍAS INTERURBANAS,ZA-611,TITULARIDAD AUTONÓMICA,VÍA CONVENCIONAL,EN T Ó Y,,SIN DATO,NINGUNA (SOLO NORMA),SECA Y LIMPIA,NOCHE: SIN ILUMINACIÓN,BUEN TIEMPO,SIN RESTRICCIÓN,NINGUNA,N,Atropello a animales sueltos,FLUIDA,NINGUNA MEDIDA,Vacuno
2010490000561,2010,5,17:00,LUNES,Zamora,Castilla y León,,,1,0,0,1,1,ZONA URBANA,VÍAS URBANAS,,TITULARIDAD MUNICIPAL,VÍA CONVENCIONAL,EN T Ó Y,,SIN DATO,NINGUNA (SOLO NORMA),SECA Y LIMPIA,PLENO DÍA,BUEN TIEMPO,SIN RESTRICCIÓN,NINGUNA,N,Otro tipo de accidente,FLUIDA,NINGUNA MEDIDA,Canino
2009490001100,2009,9,22:00,VIERNES,Zamora,Castilla y León,,Zamora,1,0,0,1,1,CARRETERA,VÍAS INTERURBANAS,CL-527,TITULARIDAD AUTONÓMICA,VÍA CONVENCIONAL,EN T Ó Y,,SIN DATO,NINGUNA (SOLO NORMA),SECA Y LIMPIA,NOCHE: SIN ILUMINACIÓN,BUEN TIEMPO,SIN RESTRICCIÓN,NINGUNA,N,Atropello a animales sueltos,FLUIDA,NINGUNA MEDIDA,Ovino
2012500002321,2012,5,11:00,SÁBADO,Zaragoza,Aragón,,Alagón,1,0,1,0,1,CARRETERA,VÍAS INTERURBANAS,A-122,TITULARIDAD AUTONÓMICA,VÍA CONVENCIONAL,EN T Ó Y,,SIN DATO,NINGUNA (SOLO NORMA),SECA Y LIMPIA,PLENO DÍA,BUEN TIEMPO,SIN RESTRICCIÓN,NINGUNA,N,Atropello a animales sueltos,FLUIDA,NINGUNA MEDIDA,Corzo
2013500004138,2013,11,23:00,MARTES,Zaragoza,Aragón,,Alagón,1,0,0,1,1,CARRETERA,VÍAS INTERURBANAS,A-68,TITULARIDAD ESTATAL,AUTOVÍA,EN T Ó Y,,SIN DATO,NINGUNA (SOLO NORMA),SECA Y LIMPIA,NOCHE: SIN ILUMINACIÓN,VIENTO FUERTE,SIN RESTRICCIÓN,NINGUNA,N,Atropello a animales sueltos,FLUIDA,NINGUNA MEDIDA,Jabalí
2009500004701,2009,9,21:00,DOMINGO,Zaragoza,Aragón,,"Almunia de Doña Godina, La",1,0,0,1,1,CARRETERA,VÍAS INTERURBANAS,CV-816,"TITULARIDAD PROVINCIAL (DIPUTACIÓN, CABILDO O CONSELL)",VÍA CONVENCIONAL,EN X Ó +,,SIN DATO,NINGUNA (SOLO NORMA),SECA Y LIMPIA,NOCHE: ILUMINACIÓN SUFICIENTE,BUEN TIEMPO,SIN RESTRICCIÓN,NINGUNA,S,Atropello a animal conducido o en rebaño,FLUIDA,NINGUNA MEDIDA,Canino
2012500005448,2012,12,19:00,LUNES,Zaragoza,Aragón,,"Almunia de Doña Godina, La",1,0,0,1,1,CARRETERA,VÍAS INTERURBANAS,A-122,TITULARIDAD AUTONÓMICA,VÍA CONVENCIONAL,EN T Ó Y,,SIN DATO,NINGUNA (SOLO NORMA),SECA Y LIMPIA,PLENO DÍA,BUEN TIEMPO,SIN RESTRICCIÓN,NINGUNA,N,Atropello a animales sueltos,FLUIDA,NINGUNA MEDIDA,Equino
2008500000736,2008,1,17:00,JUEVES,Zaragoza,Aragón,,,2,0,0,2,1,CARRETERA,VÍAS INTERURBANAS,CV-816,"TITULARIDAD PROVINCIAL (DIPUTACIÓN, CABILDO O CONSELL)",VÍA CONVENCIONAL,EN T Ó Y,,SIN DATO,NINGUNA (SOLO NORMA),SECA Y LIMPIA,CREPÚSCULO,BUEN TIEMPO,SIN RESTRICCIÓN,NINGUNA,N,Atropello a animales sueltos,FLUIDA,NINGUNA MEDIDA,Canino
2008500003538,2008,5,22:00,LUNES,Zaragoza,Aragón,,,1,0,0,1,1,CARRETERA,VÍAS INTERURBANAS,A-222,TITULARIDAD AUTONÓMICA,VÍA CONVENCIONAL,EN T Ó Y,,SIN DATO,NINGUNA (SOLO NORMA),SECA Y LIMPIA,NOCHE: SIN ILUMINACIÓN,BUEN TIEMPO,SIN RESTRICCIÓN,NINGUNA,N,Atropello a animales sueltos,FLUIDA,NINGUNA MEDIDA,Jabalí
2013500000119,2012,12,18:00,LUNES,Zaragoza,Aragón,,,1,0,0,1,2,CARRETERA,VÍAS INTERURBANAS,A-222,TITULARIDAD AUTONÓMICA,VÍA CONVENCIONAL,EN T Ó Y,,SIN DATO,NINGUNA (SOLO NORMA),SECA Y LIMPIA,NOCHE: SIN ILUMINACIÓN,BUEN TIEMPO,SIN RESTRICCIÓN,NINGUNA,N,Atropello a animales sueltos,FLUIDA,NINGUNA MEDIDA,Jabalí
2013500001536,2013,4,08:15,LUNES,Zaragoza,Aragón,,,2,0,0,2,1,CARRETERA,VÍAS INTERURBANAS,A-222,TITULARIDAD AUTONÓMICA,VÍA CONVENCIONAL,EN T Ó Y,,SIN DATO,NINGUNA (SOLO NORMA),SECA Y LIMPIA,PLENO DÍA,BUEN TIEMPO,SIN RESTRICCIÓN,NINGUNA,N,Atropello a animales sueltos,FLUIDA,NINGUNA MEDIDA,Jabalí
2012500004217,2012,10,00:00,LUNES,Zaragoza,Aragón,,,3,0,0,3,1,CARRETERA,VÍAS INTERURBANAS,A-230,TITULARIDAD AUTONÓMICA,VÍA CONVENCIONAL,EN T Ó Y,,SIN DATO,NINGUNA (SOLO NORMA),SECA Y LIMPIA,NOCHE: SIN ILUMINACIÓN,BUEN TIEMPO,SIN RESTRICCIÓN,NINGUNA,N,Atropello a animales sueltos,FLUIDA,NINGUNA MEDIDA,Ciervo
2013500004018,2013,11,18:24,LUNES,Zaragoza,Aragón,,,1,0,0,1,1,CARRETERA,VÍAS INTERURBANAS,A-230,TITULARIDAD AUTONÓMICA,VÍA CONVENCIONAL,EN T Ó Y,,SIN DATO,NINGUNA (SOLO NORMA),SECA Y LIMPIA,NOCHE: ILUMINACIÓN INSUFICIENTE,BUEN TIEMPO,OTRA_CAUSA,NINGUNA,N,Atropello a animales sueltos,FLUIDA,NINGUNA MEDIDA,Animal no identificado
2012500004950,2012,11,19:00,DOMINGO,Zaragoza,Aragón,,,3,0,0,3,1,CARRETERA,VÍAS INTERURBANAS,A-222,TITULARIDAD AUTONÓMICA,VÍA CONVENCIONAL,EN T Ó Y,,SIN DATO,NINGUNA (SOLO NORMA),SECA Y LIMPIA,NOCHE: ILUMINACIÓN INSUFICIENTE,BUEN TIEMPO,SIN RESTRICCIÓN,NINGUNA,N,Atropello a animales sueltos,FLUIDA,NINGUNA MEDIDA,Jabalí
2008500008513,2008,12,20:00,SÁBADO,Zaragoza,Aragón,,Calatayud,1,0,0,1,1,CARRETERA,VÍAS INTERURBANAS,N-234,TITULARIDAD ESTATAL,VÍA CONVENCIONAL,EN T Ó Y,,SIN DATO,NINGUNA (SOLO NORMA),UMBRÍA,NOCHE: SIN ILUMINACIÓN,BUEN TIEMPO,SIN RESTRICCIÓN,NINGUNA,N,Salida de la vía por la izquierda sin colisión (Con vuelco),FLUIDA,NINGUNA MEDIDA,Zorro
2010500004075,2010,8,21:00,DOMINGO,Zaragoza,Aragón,,Calatayud,2,0,0,2,1,CARRETERA,VÍAS INTERURBANAS,A-2,TITULARIDAD ESTATAL,AUTOVÍA,EN T Ó Y,,SIN DATO,NINGUNA (SOLO NORMA),SECA Y LIMPIA,NOCHE: SIN ILUMINACIÓN,BUEN TIEMPO,SIN RESTRICCIÓN,NINGUNA,N,Salida de la vía por la derecha sin colisión (Con vuelco),FLUIDA,NINGUNA MEDIDA,Animal no identificado
2013500003367,2013,9,21:20,JUEVES,Zaragoza,Aragón,,Calatayud,1,0,0,1,1,CARRETERA,VÍAS INTERURBANAS,N-IIa,TITULARIDAD ESTATAL,VÍA CONVENCIONAL,EN T Ó Y,,SIN DATO,NINGUNA (SOLO NORMA),SECA Y LIMPIA,NOCHE: SIN ILUMINACIÓN,BUEN TIEMPO,SIN RESTRICCIÓN,NINGUNA,N,Atropello a animales sueltos,FLUIDA,NINGUNA MEDIDA,Canino
2009500003205,2009,6,21:00,MIÉRCOLES,Zaragoza,Aragón,,Caspe,1,0,0,1,1,CARRETERA,VÍAS INTERURBANAS,A-230,TITULARIDAD AUTONÓMICA,VÍA CONVENCIONAL,EN T Ó Y,,SIN DATO,NINGUNA (SOLO NORMA),SECA Y LIMPIA,NOCHE: SIN ILUMINACIÓN,BUEN TIEMPO,SIN RESTRICCIÓN,NINGUNA,N,Atropello a animales sueltos,FLUIDA,NINGUNA MEDIDA,Ciervo
2009500001423,2009,3,19:00,SÁBADO,Zaragoza,Aragón,,Caspe,1,0,0,1,1,CARRETERA,VÍAS INTERURBANAS,A-230,TITULARIDAD AUTONÓMICA,VÍA CONVENCIONAL,EN X Ó +,,SIN DATO,NINGUNA (SOLO NORMA),SECA Y LIMPIA,NOCHE: SIN ILUMINACIÓN,BUEN TIEMPO,SIN RESTRICCIÓN,NINGUNA,N,Atropello a animales sueltos,FLUIDA,NINGUNA MEDIDA,Ciervo
2010500004624,2010,9,10:00,DOMINGO,Zaragoza,Aragón,,Caspe,1,0,1,0,1,CARRETERA,VÍAS INTERURBANAS,N-211,TITULARIDAD ESTATAL,VÍA CONVENCIONAL,EN T Ó Y,,SIN DATO,NINGUNA (SOLO NORMA),SECA Y LIMPIA,PLENO DÍA,BUEN TIEMPO,SIN RESTRICCIÓN,NINGUNA,N,Atropello a animales sueltos,FLUIDA,NINGUNA MEDIDA,Ciervo
2012500003379,2012,8,07:00,DOMINGO,Zaragoza,Aragón,,Caspe,1,0,0,1,1,CARRETERA,VÍAS INTERURBANAS,A-230,TITULARIDAD AUTONÓMICA,VÍA CONVENCIONAL,EN X Ó +,,SIN DATO,NINGUNA (SOLO NORMA),SECA Y LIMPIA,CREPÚSCULO,BUEN TIEMPO,CONFIGURACIÓN DEL TERRENO,NINGUNA,N,Atropello a animales sueltos,FLUIDA,NINGUNA MEDIDA,Ciervo
2012500004856,2012,11,19:00,VIERNES,Zaragoza,Aragón,,Ejea de los Caballeros,1,0,0,1,1,CARRETERA,VÍAS INTERURBANAS,A-127,TITULARIDAD AUTONÓMICA,VÍA CONVENCIONAL,EN T Ó Y,,SIN DATO,NINGUNA (SOLO NORMA),SECA Y LIMPIA,NOCHE: SIN ILUMINACIÓN,BUEN TIEMPO,SIN RESTRICCIÓN,NINGUNA,N,Atropello a animales sueltos,FLUIDA,NINGUNA MEDIDA,Animal no identificado
2013500000130,2013,1,01:00,DOMINGO,Zaragoza,Aragón,,Ejea de los Caballeros,1,0,0,1,1,CARRETERA,VÍAS INTERURBANAS,A-125,TITULARIDAD AUTONÓMICA,VÍA CONVENCIONAL,EN T Ó Y,,SIN DATO,NINGUNA (SOLO NORMA),SECA Y LIMPIA,NOCHE: SIN ILUMINACIÓN,BUEN TIEMPO,SIN RESTRICCIÓN,NINGUNA,N,Atropello a animales sueltos,FLUIDA,NINGUNA MEDIDA,Jabalí
2013500002003,2013,5,18:05,MIÉRCOLES,Zaragoza,Aragón,,Ejea de los Caballeros,1,0,0,1,1,CARRETERA,VÍAS INTERURBANAS,A-1204,TITULARIDAD AUTONÓMICA,VÍA CONVENCIONAL,EN T Ó Y,,SIN DATO,NINGUNA (SOLO NORMA),SECA Y LIMPIA,PLENO DÍA,BUEN TIEMPO,SIN RESTRICCIÓN,NINGUNA,N,Atropello a animales sueltos,FLUIDA,NINGUNA MEDIDA,Canino
2012500004997,2012,11,18:00,MIÉRCOLES,Zaragoza,Aragón,,,1,0,0,1,1,CARRETERA,VÍAS INTERURBANAS,A-125,TITULARIDAD AUTONÓMICA,VÍA CONVENCIONAL,EN T Ó Y,,SIN DATO,NINGUNA (SOLO NORMA),SECA Y LIMPIA,NOCHE: SIN ILUMINACIÓN,BUEN TIEMPO,SIN RESTRICCIÓN,NINGUNA,N,Atropello a animales sueltos,FLUIDA,NINGUNA MEDIDA,Jabalí
2013500000710,2013,2,20:00,DOMINGO,Zaragoza,Aragón,,,1,0,0,1,1,CARRETERA,VÍAS INTERURBANAS,A-221,TITULARIDAD AUTONÓMICA,VÍA CONVENCIONAL,EN X Ó +,,SIN DATO,NINGUNA (SOLO NORMA),SECA Y LIMPIA,NOCHE: SIN ILUMINACIÓN,VIENTO FUERTE,SIN RESTRICCIÓN,NINGUNA,N,Atropello a animales sueltos,FLUIDA,NINGUNA MEDIDA,Jabalí
2012500003932,2012,9,21:00,DOMINGO,Zaragoza,Aragón,,,1,0,0,1,1,CARRETERA,VÍAS INTERURBANAS,A-68,TITULARIDAD ESTATAL,AUTOVÍA,EN T Ó Y,,SIN DATO,NINGUNA (SOLO NORMA),SECA Y LIMPIA,NOCHE: SIN ILUMINACIÓN,BUEN TIEMPO,SIN RESTRICCIÓN,NINGUNA,N,Atropello a animales sueltos,FLUIDA,NINGUNA MEDIDA,Canino
2013500000026,2012,12,22:00,LUNES,Zaragoza,Aragón,,,1,0,0,1,1,CARRETERA,VÍAS INTERURBANAS,A-2,TITULARIDAD ESTATAL,AUTOVÍA,EN X Ó +,,SIN DATO,NINGUNA (SOLO NORMA),SECA Y LIMPIA,NOCHE: SIN ILUMINACIÓN,BUEN TIEMPO,SIN RESTRICCIÓN,NINGUNA,N,Atropello a animales sueltos,FLUIDA,NINGUNA MEDIDA,Jabalí
2010500003823,2010,7,08:00,MIÉRCOLES,Zaragoza,Aragón,,,1,0,0,1,1,CARRETERA,VÍAS INTERURBANAS,AP-68,TITULARIDAD ESTATAL,AUTOPISTA,EN T Ó Y,,SIN DATO,NINGUNA (SOLO NORMA),SECA Y LIMPIA,PLENO DÍA,BUEN TIEMPO,SIN RESTRICCIÓN,NINGUNA,N,Atropello a animales sueltos,FLUIDA,NINGUNA MEDIDA,Canino
2012500002552,2012,6,02:00,LUNES,Zaragoza,Aragón,,,3,0,3,0,1,CARRETERA,VÍAS INTERURBANAS,A-1306,TITULARIDAD AUTONÓMICA,VÍA CONVENCIONAL,EN T Ó Y,,SIN DATO,SOLO MARCAS VIALES,SECA Y LIMPIA,NOCHE: SIN ILUMINACIÓN,BUEN TIEMPO,SIN RESTRICCIÓN,NINGUNA,N,Salida de la vía por la izquierda con colisión (Choque con árbol o poste),FLUIDA,NINGUNA MEDIDA,Jabalí
2013500004055,2013,11,20:00,VIERNES,Zaragoza,Aragón,,,2,0,0,2,1,CARRETERA,VÍAS INTERURBANAS,A-23,TITULARIDAD ESTATAL,AUTOVÍA,EN T Ó Y,,SIN DATO,NINGUNA (SOLO NORMA),SECA Y LIMPIA,NOCHE: SIN ILUMINACIÓN,BUEN TIEMPO,SIN RESTRICCIÓN,NINGUNA,N,Atropello a animales sueltos,FLUIDA,NINGUNA MEDIDA,Canino
2010500000004,2009,12,16:00,JUEVES,Zaragoza,Aragón,,,1,0,0,1,1,CARRETERA,VÍAS INTERURBANAS,AP-68,TITULARIDAD ESTATAL,AUTOPISTA,EN T Ó Y,,SIN DATO,NINGUNA (SOLO NORMA),SECA Y LIMPIA,PLENO DÍA,BUEN TIEMPO,SIN RESTRICCIÓN,NINGUNA,N,Atropello a animales sueltos,FLUIDA,NINGUNA MEDIDA,Canino
2013500001896,2013,5,02:00,DOMINGO,Zaragoza,Aragón,,,1,0,0,1,1,CARRETERA,VÍAS INTERURBANAS,CP-002,"TITULARIDAD PROVINCIAL (DIPUTACIÓN, CABILDO O CONSELL)",VÍA CONVENCIONAL,EN T Ó Y,,SIN DATO,OTRA SEÑAL,SECA Y LIMPIA,NOCHE: SIN ILUMINACIÓN,BUEN TIEMPO,SIN RESTRICCIÓN,NINGUNA,N,Salida de la vía por la izquierda sin colisión (Con vuelco),FLUIDA,NINGUNA MEDIDA,Canino
2013500000853,2013,3,20:45,VIERNES,Zaragoza,Aragón,,,3,0,0,3,1,CARRETERA,VÍAS INTERURBANAS,A-222,TITULARIDAD AUTONÓMICA,VÍA CONVENCIONAL,EN T Ó Y,,SIN DATO,NINGUNA (SOLO NORMA),SECA Y LIMPIA,NOCHE: SIN ILUMINACIÓN,BUEN TIEMPO,SIN RESTRICCIÓN,NINGUNA,N,Atropello a animales sueltos,FLUIDA,NINGUNA MEDIDA,Jabalí
2010500003652,2010,7,20:00,MIÉRCOLES,Zaragoza,Aragón,,,1,0,0,1,1,CARRETERA,VÍAS INTERURBANAS,N-211,TITULARIDAD ESTATAL,VÍA CONVENCIONAL,EN X Ó +,,SIN DATO,NINGUNA (SOLO NORMA),SECA Y LIMPIA,PLENO DÍA,BUEN TIEMPO,SIN RESTRICCIÓN,NINGUNA,N,Vuelco en la calzada,FLUIDA,NINGUNA MEDIDA,Conejo